שם הסוגיה,מספר חוקים
"זכאות עצמאים לדמי אבטלה",10
"פיקוח טכנולוגי על צווי הגנה באלימות במשפחה",10
"גמול והחזר הוצאות לחברי מועצה ברשויות מקומיות",9
"זכאות אלמנים לקצבת שאירים",9
"איסור טיפולי המרה לקטינים",8
"הגבלת תקופת כהונה של ראש הממשלה",8
"הצמדת קצבת נכות לשכר המינימום",8
"הקמת ועדת חקירה ממלכתית לאירועי 7 באוקטובר",8
"חובת פרסום דוחות כספיים למונופולים שאינם תאגידים מדווחים",8
"מכירה ישירה של תוצרת חקלאית בקרקע חקלאית",8
"העברת מידע רפואי במעבר בין קופות חולים",7
"מימון אבחוני לקויות למידה למשפחות מעוטות יכולת",7
"מעמד והעסקת רכזי ביטחון שוטף צבאיים",7
"עריכת הערכות מסוכנות בהליכי צו הגנה",7
"הארכת תוקף זכויות רכישה בדיור הציבורי",6
"הגבלת סכום עיקול בבנק",6
"החלת ריבונות ישראלית ביהודה והשומרון",6
"החלת ריבונות ישראלית בשטחי יהודה ושומרון",6
"מעמד תעסוקתי של מטפלות במשפחתונים",6
"משך תקופת ההתמחות בעריכת דין",6
"צמצום פערים בשירותי בריאות בין הפריפריה למרכז",6
"אגרות העסקת עובדים זרים בענף המלונאות",5
"איסור ניתוק חשמל לצרכנים ביתיים עקב חוב",5
"הארכת תוקף תקנות שעת חירום למעצר חשודים בעבירות ביטחון",5
"החמרת ענישה על תקיפת עורכי דין",5
"הסדרת מקצוע ניתוח התנהגות",5
"זיכוי ממס בגין תרומת מזון",5
"מכסות ייצוג מגדרי בדירקטוריונים של חברות ציבוריות",5
"מענה אנושי בשירות טלפוני לאזרחים ותיקים",5
"מקומות חניה ייעודיים לנשים בהריון ולהורים לתינוקות",5
"מתן רישיונות למכשור רפואי בפריפריה",5
"שיטת חישוב דמי חניה בחניונים",5
"אורך שבוע העבודה המרבי",4
"איסור משלוחים חיים של בעלי חיים לשחיטה",4
"איסור תעמולת טרור במוסדות חינוך",4
"גובה התגמול להורים שכולים",4
"גובה קצבת אזרח ותיק",4
"גיל הזכאות למענק עבודה",4
"גיל זכאות למעונות יום שיקומיים",4
"הארכת מועדים למימון בחירות ברשויות המקומיות",4
"הארכת תוקף חוק שירות לאומי-אזרחי",4
"הגבלת דמי תיווך במקרקעין",4
"הגבלת משך זמן החקירה המשטרתית",4
"הגבלת תקופת כהונה לראש הממשלה",4
"החזר הוצאות פינוי באמבולנס במקרה פטירה טרום אשפוז",4
"החלת ריבונות ישראלית על שטחים ביהודה ושומרון",4
"החמרת ענישה על תקיפת עיתונאים",4
"הטבות מס ליישובים תחת איום ביטחוני מיידי",4
"היעדרות עובדים בשל אשפוז פג",4
"הנחה בדמי ביטוח בריאות לתושבי הפריפריה",4
"הנחות בארנונה למשפחות ברוכות ילדים",4
"הסדרת העיסוק בטיפול באמצעות אמנויות",4
"הסדרת סככות המתנה בתחנות אוטובוס",4
"הקמת חדרי מיון בפריפריה",4
"הקמת רשות זיכרון ממלכתית לאירועי 7 באוקטובר",4
"הקמת רשות לאומית למאבק בעוני",4
"הקצאת מכשור רפואי מתקדם לפריפריה",4
"התיישנות בעבירות מין במשפחה",4
"זכאות עצמאים לגמלת אבל",4
"חובת ביטוח פנסיוני לעובדים זרים בענף הסיעוד המועסקים בידי יחידים",4
"חובת החזקת אפינפרין בבתי אוכל",4
"חינוך חינם לפעוטות בגיל הרך",4
"חינוך חינם לפעוטות בגילאי לידה עד שלוש",4
"מדיניות החזרת גופות מחבלים",4
"מחיקת רישום פלילי בגין עבירות שימוש עצמי בקנאביס",4
"נקודות זיכוי ממס להורי חיילים בשירות סדיר",4
"סמכויות אכיפה של ועדות הכנסת כלפי מוזמנים שאינם מתייצבים",4
"עיגון חוקתי מפורש של הזכות לשוויון",4
"פיזור הכנסת והקדימת בחירות",4
"פיזור הכנסת והקדמת בחירות",4
"פיצוי כספי לנוסעים בגין איחור אוטובוס",4
"שיטת מינוי שופטי בית המשפט העליון",4
"שקיפות דיוני ועדת שרים לענייני חקיקה",4
"תעריף חשמל מופחת לבתי חולים בפריפריה",4
"תקופת התיישנות בתביעות הפליה בעבודה",4
"אגרות העסקת עובדים זרים בסיעוד מוסדי",3
"אחידות מענק לידה מילד שני ואילך",3
"אחריות מזמין שירות לעובדי קבלן בענף הבנייה",3
"איסור דיג מכמורת",3
"איסור התניית תשלום באשראי בסכום רכישה מזערי",3
"איסור מכירת צעצועים המדמים כלי נשק",3
"איסור שימוש ומסחר במלכודות אכזריות לבעלי חיים",3
"אישור הכנסת לתקנות סדרי דין וסמכויות שפיטה",3
"אכיפת השתתפות רשויות מקומיות במפעל ההזנה",3
"אמצעי תשלום בתחבורה ציבורית",3
"ביטול עבירת השוטטות",3
"גביית תשלום עבור שינוי פרטים והסבת כרטיסי טיסה ושיט",3
"גובה אחוז החסימה בבחירות לכנסת",3
"גובה שכר המינימום",3
"גירוש בני משפחה של מחבלים",3
"הארכת חופשת לידה ודמי לידה להורי פעוט עם מוגבלות מורכבת",3
"הגבלת דמי חניה בחניוני בתי חולים",3
"הגבלת מספר השרים וסגני השרים בממשלה",3
"הגבלת שימוש בכרטיסי אשראי לסרבני גט",3
"הגבלת שיעור המס המקסימלי על דלק",3
"הגבלת שעות עבודה של מתמחים ברפואה",3
"הגבלת תעריפי חניה במוסדות רפואיים",3
"הגדרת יהודי במרשם האוכלוסין",3
"הגדרת נהיגה תחת השפעת קנאביס כנהיגה בשכרות",3
"החמרת ענישה בעבירות על רקע הדרת נשים",3
"החמרת ענישה ועונשי מינימום בפשיעה חקלאית",3
"החמרת ענישה על הפרת תנאי בטיחות והכשרה במעונות יום לפעוטות",3
"החמרת ענישה על עבירות אלימות במתחם הר הבית",3
"החמרת ענישה על תקיפת עובדי מערך הבריאות",3
"החמרת ענישה על תקיפת צוות רפואי",3
"הכרה רשמית בשפת הסימנים הישראלית",3
"הכרזה על שמירה חקלאית כעבודה מועדפת",3
"המעמד המשפטי של בעלי חיים",3
"הנחות בתעריפי מים לאוכלוסיות זכאיות",3
"הסדרת עיסוק בטיפול באמצעות אמנויות",3
"העדפה במכרזים ציבוריים למעסיקי אוכלוסיות ייחודיות",3
"העדפה מתקנת ללוחמים במוסדות להשכלה גבוהה",3
"העדפת מעסיקי אוכלוסיות ייחודיות במכרזים ממשלתיים",3
"העלאת דמי ביטוח בריאות ממלכתי",3
"הפללת נטילת דמי חסות והחמרת ענישה",3
"הפללת ניהול כת פוגענית",3
"הפסקת כהונת נבחרי ציבור עקב הגשת כתב אישום",3
"הפרטת תחנת הרדיו הצבאית גלי צהל",3
"הקדימה מועד בחירות והתפזרות הכנסת",3
"הקמת אוניברסיטה חדשה באשדוד",3
"הקמת בחירות מוקדמות והתפזרות הכנסת",3
"הקמת זרם חינוך ממלכתי-חרדי",3
"הקמת מרכז סטטוטורי להנצחת מורשת ארגון אליאנס",3
"הקמת קרן ארנונה עסקית וחלוקת הכנסות בין רשויות מקומיות",3
"הקמת רשות ייעודית לטיפול בנפגעי הלם קרב",3
"הקניית מקרקעין למדינה חלף מס השבחת מטרו",3
"הרחבת הגנת בית המגורים וההגנה העצמית",3
"הרחבת חוק לימוד חובה לגיל הרך",3
"הרחבת עילת הערעור על החלטות ועדות לעררים לבית הדין לעבודה",3
"הרחבת קריטריונים להטבות מס ליישובים מוטבים",3
"הרכב הוועדה לבחירת שופטים",3
"השלמת קצבת אזרח ותיק לנכים לשכר המינימום",3
"התניית חיבור תשתיות באישור תאגיד מים",3
"זכאות לשירותי תמיכה וטיפול בקהילה לילדים עם קשיים נפשיים",3
"זכאות לתג נכה לצמיתות",3
"זכאות מתמחים לדמי אבטלה",3
"חובת בחינה ותקצוב מגדרי",3
"חובת הודעה מוקדמת על אי-כיבוד הרשאה לחיוב חשבון",3
"חובת הקלטת עסקאות טלפוניות ומסירת ההקלטה לצרכן",3
"חובת התקשרות חברות ביטוח עם סוכני ביטוח",3
"חובת מינוי ממלא מקום לראש הממשלה",3
"חובת מינוי ממלא מקום ראש הממשלה",3
"חובת משלוח סיכום פנייה בכתב לצרכן",3
"חזקת מסירת דואר ומועדי תשלום קנסות",3
"חישוב תגמולי מילואים למובטלים בתקופת חירום",3
"ייצוג הולם בחברות ממשלתיות ובתאגידים סטטוטוריים",3
"ייצוג הולם בשמות מקומות ציבוריים",3
"ייצוג הולם לאוכלוסייה הערבית במוסדות התכנון",3
"כפיפות הרשות לשירות ממלכתי-לאומי למשרד הביטחון",3
"מידתיות עיקול נכסים המוחזקים בידי צד שלישי",3
"מימון הוצאות לידת בית",3
"מימון ממשלתי של קורסי הכנה לבחינה הפסיכומטרית לתלמידי תיכון",3
"מימון שכר לימוד לחיילים משוחררים",3
"מיסוי רווחי יתר של בנקים",3
"מעמד ארגון סטודנטים יציג",3
"נטילת זרע מנפטר ושימוש בו",3
"ניכוי ריבית משכנתה ממס הכנסה",3
"נקודות זיכוי במס הכנסה למשפחות אומנה",3
"סבסוד ממשלתי למוצרי מזון לתינוקות ומוצרי הנקה",3
"סמכות בית המשפט לענייני משפחה לגבי בני זוג מאותו המין",3
"סמכות בתי דין דתיים כבוררים בעניינים אזרחיים",3
"סמכות הממונה על שוק ההון לפסוק ריבית מיוחדת",3
"עדיפות למשרתי מילואים בקבלה למעונות יום וסבסוד שכר לימוד",3
"עונש מוות למחבלים",3
"עונש מינימום לעבירות יידוי אבנים",3
"עונש מינימום לעבירת דמי חסות",3
"עונשי מינימום בעבירות יידוי אבנים",3
"עיגון חוקתי של הזכות לשוויון",3
"עיגון חוקתי של זכויות בהליך פלילי",3
"פטור מדמי חניה לאזרחים ותיקים",3
"פטור ממבחן הכנסה לסיוע משפטי להלומי קרב",3
"פטור ממס על תגמול מילואים",3
"פיקוח מחירים על מוצרי מזון בריא",3
"פיקוח ממשלתי על מחירי מוצרי מזון בריא בסיסיים",3
"פיקוח על מחירי שכירות דירות מגורים",3
"פריסת חובות לגופים ציבוריים ללא ריבית ואגרה",3
"פרסום פרטי אסירים ביטחוניים משוחררים",3
"צו למניעת אלימות כלכלית במשפחה",3
"קביעת יום ציון ממלכתי לוועידת סן רמו",3
"קציבת תקופת הכהונה של שופטי בית המשפט העליון",3
"רישוי ופיקוח על שירותי תשלום וייזום תשלום",3
"שינוי שם חוק יישום תכנית ההתנתקות",3
"שיעור גמלת סיעוד בכסף",3
"שכר מינימום לעובדים עם מוגבלות",3
"שעות קבלת קהל בלשכות ההוצאה לפועל",3
"תגמולים ישירים ליתומים ואחים שכולים בגירים",3
"תוספת לגמלת הבטחת הכנסה בגין ילדים נוספים",3
"תחולה למפרע של זכויות קבורה והנצחה לכבאים",3
"תחולה רטרואקטיבית של ביטול התיישנות",3
"תקופת זכאות לדמי לידה חלקיים",3
"תקופת צינון למנכ״ל רשות מקומית בבחירות",3
"תקציב ייעודי לקידום מעמד האישה ברשויות המקומיות",3
"אבטחת בכירים בתאגידים עירוניים",2
"אופן חישוב דמי לידה",2
"אחוז החסימה בבחירות לכנסת",2
"אחוז החסימה בבחירות לרשויות המקומיות",2
"אחידות אמצעי תשלום בעמדות טעינת רכב חשמלי",2
"אחידות מינוחית בחקיקה לגבי שטחי יהודה והשומרון",2
"אחידות תלוש שכר בשירות המדינה",2
"אחריות קופות החולים על שירותי גמילה והתמכרויות",2
"איסור אספקת שירותים חיוניים לגורמים עוינים",2
"איסור הנפת דגל הרשות הפלסטינית",2
"איסור הנפת דגלים של ישויות עוינות בהתקהלות",2
"איסור הפליה בשירותי דיור",2
"איסור הפליה מחמת מוגבלות ודרישת מידע רפואי במוסדות להשכלה גבוהה",2
"איסור הפליה מחמת מוגבלות ומידע רפואי במוסדות להשכלה גבוהה",2
"איסור הפליית מחירים על בסיס מגדר",2
"איסור התנכלות תעסוקתית ועוולה אזרחית",2
"איסור טיפולי המרה לפסיכולוגים",2
"איסור יחסי מסחר עם רצועת עזה",2
"איסור משלוחים חיים לשחיטה",2
"איסור ניתוק שירותים חיוניים עקב אי-תשלום",2
"איסור עישון ברכב פרטי בנוכחות קטינים",2
"איסור פיטורים בעת היעדרות בשל מחלת ילד",2
"איסור פרסום פרטי נפגעים והרוגים בטרם הודעה למשפחה",2
"איסור קבלת תמורה ממדינה זרה לעובדי מדינה ונבחרי ציבור",2
"איסור קשר ושיתוף פעולה עם מוסדות שיפוט בין-לאומיים",2
"איסור שימוש באביזרים חשמליים על בעלי חיים",2
"איסור שימוש במצלמות ניידות לאכיפת חניה",2
"איסור שימוש ומסחר בתנורי הסקה המוסקים בדלק מוצק",2
"איסור תמיכה בטרור והנפת דגלי אויב במוסדות אקדמיים",2
"איסור תעמולת בחירות גזענית",2
"אישור תקציב המדינה והוצאות הממשלה",2
"אכיפת חובת הצגת מחיר לקמעונאים גדולים",2
"אלימות כלכלית כעוולה אזרחית",2
"אסדרת עיסוק בדימותנות רפואית",2
"אספקת ארוחות במוסדות חינוך על-יסודיים לנוער בסיכון",2
"בדיקת פוליגרף שנתית לחברי ועדת השרים לענייני ביטחון לאומי",2
"בוררות חובה בשירותים חיוניים",2
"בחירת מקום אשפוז פסיכיאטרי",2
"בחירת מקום אשפוז פסיכיאטרי והוראות מקדימות",2
"ביטול אזרחות ותושבות לפעילי טרור המקבלים תגמול",2
"ביטול חובת פרישה בגיל פרישה",2
"ביטול מאסר חלף קנס",2
"ביטול מנגנון ממשלת החילופים",2
"ביטול מס גודש בגוש דן",2
"ביטול תיקון 116 לחוק התכנון והבנייה",2
"ביקורת שיפוטית על חוקי-יסוד",2
"בסיס חישוב תגמול מילואים לעצמאים",2
"גובה פיצוי בשל אי תיקוף כרטיס תקופתי",2
"גובה קצבת הילדים",2
"גובה ריבית פיגורים בתשלומי חובה לרשויות המקומיות",2
"גיל הזכאות לדמי אבטלה",2
"גיל זכאות לדמי אבטלה",2
"גיל מרבי להשמת ילדים באומנה",2
"גיל פרישה ותנאי פרישה ללוחמי אש",2
"גיל פרישה לעובדים בענף הבניין",2
"גירוש מסתננים התומכים במשטר ארץ מוצאם",2
"גירוש מסתננים תומכי משטר המוצא",2
"גישת סוכני ביטוח למידע פיננסי ופטור מרישוי",2
"גמול השתתפות והחזר הוצאות לחברי מועצה",2
"גמול והחזר הוצאות לחברי מועצה",2
"גמול כספי לחברי מועצה ברשויות מקומיות",2
"דחיית תשלומי מס לעסקים חדשים",2
"דמי ביטוח בריאות לתושבי הפריפריה",2
"דרישת אישור רפואי למטפלים במעונות יום",2
"הארכה אוטומטית של עסקאות לתקופה קצובה",2
"הארכת הוראת שעה להפצת שידורים ספרתיים",2
"הארכת הוראת שעה לסמכות חיפוש ללא צו",2
"הארכת הצבת חיילי חובה במשטרת ישראל",2
"הארכת חופשת לידה לעובדות בעבודה פיזית קשה",2
"הארכת כהונת נציב תלונות הציבור על שופטים",2
"הארכת תוקף אישורים רגולטוריים בשעת חירום",2
"הארכת תוקף מניעת מפגש עם עורך דין לעצורים ביטחוניים",2
"הארכת תוקף מערך האכיפה והפיקוח העירוני",2
"הארכת תקופת ההתיישנות והתשלום הרטרואקטיבי לתביעות גמלה",2
"הארכת תקופת התיישנות לתביעת גמלה בגין פגיעה מינית בעבודה",2
"הגבלות על תמהיל הלוואות לדיור",2
"הגבלת היתרי שהייה בישראל לעברייני בנייה בשטחי C",2
"הגבלת זכות העמידה בבג״צ",2
"הגבלת זכות העמידה בבית המשפט הגבוה לצדק",2
"הגבלת כהונת ראש הממשלה",2
"הגבלת כהונת ראשי רשויות מקומיות",2
"הגבלת כרטיסי אשראי לסרבני גט",2
"הגבלת מיקום מגורים ועבודה של עברייני טרור ביחס לנפגעי עבירה",2
"הגבלת מכירת משקאות אנרגיה לקטינים",2
"הגבלת מפגשי אסירים ביטחוניים עם עורכי דין",2
"הגבלת משך זמן הגשת כתב אישום בידי התביעה",2
"הגבלת סכום ומספר חיובים בהרשאה לחיוב חשבון",2
"הגבלת עומס התיקים לעובדים סוציאליים",2
"הגבלת עמלת פירעון מוקדם במשכנתאות",2
"הגבלת שטחי מדף לספקים גדולים בענף המזון",2
"הגבלת שיווק ומכירה של גז קצפות לצרכנים",2
"הגבלת שימוש בזיקוקין די-נור באזורי מגורים",2
"הגבלת שכר טרחה בתביעות נפגעי איבה",2
"הגבלת שכר טרחת עורך דין בייצוג עובדים זרים",2
"הגבלת תעריפי חניה בחניוני בתי חולים",2
"הגדלת סכום קצבאות הילדים",2
"הגדלת קצבאות נכות",2
"הגדלת תגמולים לגרושות חללים המגדלות יתומים",2
"הגדרת הפליה בחוק הפרשנות",2
"הגדרת הפליה על רקע נטייה מינית או זהות מגדרית בחוק הפרשנות",2
"הגדרת עבירת הפרת אמונים בשירות הציבורי",2
"הגדרת עבירת נטילת דמי חסות והחמרת ענישה",2
"הגדרת שירות בתי הסוהר כרשות ביטחון",2
"הגנה מפיטורים למשרתי מילואים בחירום",2
"הגנה מפני הטרדה מינית לעובדי קבלן שירות",2
"הגנה מפני הפחתת שכר שופטים",2
"הגנה מפני ניתוק חשמל לצרכנים במצוקה כלכלית",2
"הגנה מפני פיטורים בטיפולי פוריות",2
"הגנה מפני פיטורים לבני זוג של משרתי מילואים",2
"הגנה על זכויות ובטחון אישי של מאושפזים פסיכיאטרים",2
"הגנה על חופש מהתאגדות",2
"הגנה על עיתונאים מפני הטרדה מאיימת",2
"הגנת קצבת נכות מפני עיקול למזונות",2
"הוספת חינוך פיננסי למטרות מערכת החינוך",2
"הוספת עבירות בטיחות לאחריות מנהלית ומזמין שירות",2
"הזכות להישכח לקטינים במרחב הדיגיטלי",2
"החזר הוצאות פינוי באמבולנס למטופלים שנפטרו טרם אשפוז",2
"החזר הוצאות פינוי באמבולנס לקשישים סיעודיים",2
"החזר הוצאות פינוי באמבולנס לקשישים סיעודיים מרותקים",2
"החלת חובת התקנת מצלמות על גני ילדים",2
"החלת חקיקת הכנסת באזור יהודה והשומרון באמצעות צווי אלוף",2
"החלת פקודת המסחר עם האויב על מדינות תומכות טרור",2
"החלת ריבונות ישראלית בבקעת הירדן",2
"החלת ריבונות ישראלית ביהודה ושומרון",2
"החמרת ענישה בגין עבירות בזיקה לארגון פשיעה",2
"החמרת ענישה בעבירות נשק",2
"החמרת ענישה ועונשי מינימום בעבירות אלימות בספורט",2
"החמרת ענישה ועונשי מינימום בעבירות הקשורות לפשיעה חקלאית",2
"החמרת ענישה ועונשי מינימום בעבירות פשיעה חקלאית",2
"החמרת ענישה לעברייני אלימות סדרתיים",2
"החמרת ענישה על החזקת מכשיר לשיבוש קליטת תקשורת",2
"החמרת ענישה על ייבוא וייצוא בלתי חוקי של נשק",2
"החמרת ענישה על פריצה למתקנים ביטחוניים",2
"החמרת ענישה על תקיפת נהגי אוטובוס ציבורי",2
"החמרת ענישה על תקיפת נהגי תחבורה ציבורית",2
"החמרת ענישה על תקיפת צוות רפואי ומטפלים",2
"הטבות מס ליישובים תחת איום מיידי",2
"הטבות מס ליצרני מזון ללא גלוטן",2
"הטלת מס בשיעור אפס על תרופות",2
"הטלת קנסות מינהליים בעבירות תכנון ובנייה",2
"היעדרות עובדים לצורך טיפול בילד שנפגע מעבירת מין או אלימות חמורה",2
"הכללת אשפוז ביתי בסל הבריאות",2
"הכללת חובות עונשיים וקנסות בהפטר חדלות פירעון",2
"הכרה באלימות כלכלית כעוולה נזיקית",2
"הכרה בגיור לצורך חוק השבות",2
"הכרה במדינה פלסטינית וקביעת גבולות",2
"הכרה בניסיון פיקודי צבאי כניסיון ניהולי בשירות המדינה",2
"הכרה בפגיעה מינית כתאונת עבודה",2
"הכרה רשמית בחג המימונה כחג המדינה",2
"הכרת עבודה בחינוך וטיפול בילדים כעבודה מועדפת",2
"הכרת עבודה במעונות יום כעבודה מועדפת",2
"הליך מינוי נציב שירות המדינה",2
"הליך מינוי נציב תלונות הציבור על שופטים",2
"הנגשה דיגיטלית של שירותים ציבוריים",2
"הנגשת תעודות רשמיות לבעלי מוגבלות בראיה",2
"הנהגת עיטור הפציעה הקרבית לאנשי מערכת הביטחון",2
"הנחה בחשמל לאזרחים ותיקים מעוטי יכולת",2
"הנחות בתעריפי מים וביוב לבתי תפילה",2
"הנחות בתעריפי מים לאוכלוסיות נזקקות",2
"הנחות בתשלומי מים וביוב לצרכנים מעוטי יכולת בתאגידי מים",2
"הנחת ארנונה לאזרחים ותיקים המתגוררים בדירה שאינה בהחזקתם",2
"הנחת ארנונה לנכי עבודה",2
"הנפקת תעודות אלקטרוניות מאושרות בידי המדינה",2
"הנצחת יהודים שהצילו יהודים בשואה",2
"הסדרה ופיקוח על מרכזים אקוטיים לנפגעי תקיפה מינית",2
"הסדרה ותקצוב ממשלתי של שנת שירות",2
"הסדרי תנועה ייחודיים בקרבת מוסדות חינוך",2
"הסדרת מגורי רועים בשטחי מרעה",2
"הסדרת מעמד, כשירות ותפקידים של סייעות במוסדות חינוך",2
"הסדרת מקצוע הפודולוגיה ורישוי עוסקים",2
"הסדרת מקצוע הרנטגנאות והדימות בחוק",2
"הסדרת מקצוע טיפול באמצעות אמנויות",2
"הסדרת מקצוע עוזר רופא ורישוי",2
"הסדרת רעיית דבורים במקרקעי ציבור",2
"הסמכת טכנאי מצלמות למתן אישורי התקנה במעונות יום",2
"הסמכת מתנדבים לפיקוח על מעונות יום",2
"העברת אחריות על שירותי סיעוד לקופות החולים",2
"העברת מידע בין רשויות למימוש זכויות",2
"העברת מידע פלילי למוסד לביטוח לאומי לצורך שלילת קצבאות",2
"העברת מידע רפואי בין קופות חולים בעת מעבר מבוטח",2
"העברת משכנתאות בין בנקים",2
"העברת סמכויות הפיקוח על מעונות יום לפעוטות למשרד החינוך",2
"העברת סמכויות חוק צער בעלי חיים למשרד להגנת הסביבה",2
"העברת עודפים מתאגידים סטטוטוריים לאוצר המדינה",2
"העברת רכוש מחולט לנפגע עבירה",2
"העדפה מתקנת ללוחמים בהשכלה גבוהה",2
"העדפת חיילי מילואים ונכי צה״ל ברכישת קרקע בפריפריה",2
"העדפת מעסיקים של אוכלוסיות ייחודיות במכרזים ציבוריים",2
"העדפת עסקים קטנים ובינוניים בפריפריה במכרזים ציבוריים",2
"הערכת מסוכנות בהליכי צו הגנה",2
"הפחתת תקציב לגופים מתוקצבים בשל פעילות עובדיהם נגד עקרונות המדינה",2
"הפיכת איסור צריכת זנות להוראת קבע",2
"הפללת החזקה ומסחר בצעצועים מסוכנים",2
"הפללת העלבת עובד ציבור",2
"הפסקת פעילות אונר״א בשטח ישראל",2
"הפסקת שידורי חדשות ואקטואליה בעברית בתאגיד השידור הציבורי",2
"הפעלת תחבורה ציבורית ביום המנוחה השבועי",2
"הפרדת תפקיד התובע הכללי מהייעוץ המשפטי לממשלה",2
"הפרטת שידור ציבורי וביטול תאגיד השידור",2
"הצבת מערכות צילום ביומטריות במגרשי ספורט",2
"הצמדת קצבאות נכות ואזרח ותיק לשכר המינימום",2
"הצמדת קצבת נכות מעבודה לשכר הממוצע",2
"הצמדת שכר המינימום למדד המחירים לצרכן",2
"הקדימה מועד בחירות ופיזור הכנסת",2
"הקדמת בחירות והתפזרות הכנסת",2
"הקדמת גיל הזכאות למעון יום שיקומי לפעוט עם מוגבלות",2
"הקלות אקדמיות וכלכליות למשרתי מילואים סטודנטים",2
"הקלות במימון בחירות למועמדות נשים לראשות רשות",2
"הקלטת קול במצלמות במוסדות גריאטריים",2
"הקמת המועצה המאסדרת למטרו וסמכויותיה",2
"הקמת הרשות הלאומית לרפואה משפטית",2
"הקמת יישוב עירוני חדש לאוכלוסייה הערבית",2
"הקמת מבני מגורים ומבנים חקלאיים בשטחי מרעה",2
"הקמת מוסד אקדמי מחקרי בפריפריה",2
"הקמת מוסדות להשכלה גבוהה בידי מוסדות ציבוריים",2
"הקמת מועצה לחינוך ממלכתי חרדי",2
"הקמת מועצה לחינוך ממלכתי-חרדי וסמכויותיה",2
"הקמת מרכז הנצחה ממלכתי לאישי ציבור",2
"הקמת מרכז רישום ארצי לתרומות זרע",2
"הקמת קרן סיוע למשפחות משרתי קבע",2
"הקמת רשות זיכרון ממלכתית",2
"הקמת רשות לאומית לשימור תרבות ושפה",2
"הקמת רשות לאומית לתרבות ולשפה המרוקאית יהודית",2
"הקמת רשות סטטוטורית לפיתוח הפריפריה החברתית",2
"הקמת שדה תעופה משלים בנגב",2
"הקפאת ריבית פיגורים בזמן שביתה",2
"הרחבת הגדרת עבירת סחיטה באיומים",2
"הרחבת הגדרת תוכן פוגעני באינטרנט",2
"הרחבת הגישה לצילומי אבטחה במעונות יום לפעוטות",2
"הרחבת הגנת בית מגורים לרכב ולחצרים",2
"הרחבת הנחה בארנונה לאזרחים ותיקים לכל שטח הדירה",2
"הרחבת זכאות לארוחה יומית במוסדות חינוך",2
"הרחבת זכאות לארוחות יומיות במוסדות חינוך",2
"הרחבת חובת הצבת מכשירי החייאה במקומות עבודה ובנייני משרדים",2
"הרחבת עבירת הגזענות לקבוצות דתיות",2
"הרחבת עבירת החזקה בתנאי עבדות לנישואין בכפייה",2
"השוואת זכויות נכים ונספים לכבאי אש",2
"השוואת זכויות קצבת שאירים לאלמנים ואלמנות",2
"השוואת תנאי שכר לקבוצות מוגנות ומסגרות העסקה נפרדות",2
"התאמות אקדמיות וזכויות לסטודנטים חולי מחלה קשה",2
"התגברות הפרלמנט על חוקי היסוד",2
"התיישנות בעבירות מין",2
"התניית הפניות לעבודה בקיומה של תחבורה ציבורית נגישה",2
"התניית זכות הבחירה בשירות צבאי או לאומי",2
"התניית סבסוד לימודים בשירות",2
"התניית סבסוד מוסדות לימוד בשירות",2
"התפזרות הכנסת והקדמת בחירות",2
"התרת ברית זוגיות אזרחית",2
"התרת האזנת סתר בידי אחראי בשל חשד להתעללות",2
"התרת הפעלת גני ילדים ומעונות יום באזורי מגורים",2
"התרת מגורים ומבנים חקלאיים בשטחי מרעה",2
"התרת שימושים חורגים בקרקע חקלאית",2
"זיכוי ממס בגין תרומות לבתי חולים בפריפריה",2
"זכאות לדיור ציבורי לנשים ששהו במקלט לנשים מוכות",2
"זכאות לדמי אבטלה בהתפטרות לצורך טיפול בילד",2
"זכאות לדמי אבטלה בחופשה ללא תשלום לאחר לידה בנסיבות מוצדקות",2
"זכאות לדמי לידה למשרתות מילואים בהריון",2
"זכאות לדמי לידה לעצמאיות בעבודה חלקית",2
"זכאות לדמי מחלה בגין ליווי בן משפחה לבדיקה רפואית",2
"זכאות לדמי מחלה עבור ליווי בני משפחה לבדיקות רפואיות",2
"זכאות למענק עבודה לרוכשי דירה בקבוצת רכישה",2
"זכאות לפיצוי בגין מעצר שווא",2
"זכאות לקצבת שאירים לאחר נישואים מחדש",2
"זכאות לשילוב פעוטות עם צורך במענים ייחודיים במעונות יום",2
"זכאות לשירותי בריאות לסטודנטים הלומדים בחוץ לארץ",2
"זכאות לשכר ביום הבחירות",2
"זכאות מתמחים לדמי אבטלה לקראת בחינות הסמכה",2
"זכאות נשים יוצאות מקלט לנשים מוכות לדיור ציבורי",2
"זכאות עצמאים לדמי פגיעה בעבודה מהיום הראשון",2
"זכאות עקרות בית לקצבת אזרח ותיק",2
"זכאות קטינים נפגעי אלימות במשפחה לטיפול נפשי במימון המדינה",2
"זכאות תומכי לחימה למימון שכר לימוד במסגרת קרן ממדים ללימודים",2
"זכויות דייר ממשיך בדיור הציבורי",2
"זכויות נפגעי איבה לבני משפחה של חטופים ששוחררו או שגופתם הושבה",2
"זכויות סוציאליות לבני משפחה של חטופים ששוחררו",2
"זכות הערעור של המדינה בהליך פלילי",2
"זכות קדימה לחוכר לדורות",2
"חובות מניעת הטרדה מינית במוסדות חינוך",2
"חובת אבטחה במוסדות חינוך",2
"חובת בדיקת פוליגרף לחברי ועדת השרים לענייני ביטחון לאומי",2
"חובת ביטוח מתנדבים בארגוני חלוקת מזון",2
"חובת דיווח ורישום הערה על רכב ניזוק",2
"חובת דיווח מוסדי על היעדרות תלמיד",2
"חובת הגשת דוח שנתי לעסקים חדשים",2
"חובת הודעה ללקוחות על יתרות עובר ושב שאינן נושאות ריבית",2
"חובת הודעה מוקדמת על אירוע סגור במקומות ציבוריים",2
"חובת החזקת ערכת עזרה ראשונה במעונות יום לפעוטות",2
"חובת הנגשה דיגיטלית של שירותים ציבוריים נפוצים",2
"חובת הנגשה לשונית בשירותים ציבוריים ופרטיים",2
"חובת הנפקה ומסירה של כרטיס טיסה",2
"חובת העברת עודפי מזון בגופים ציבוריים",2
"חובת העדפת חברות תעופה ישראליות ברכש ציבורי",2
"חובת הפעלת קווי תחבורה ציבורית ישירים לבתי חולים",2
"חובת הפצת כרטיסי אשראי של כלל המנפיקים בידי בנקים",2
"חובת הפרשת דירות לדיור בר השגה ולדיור ציבורי במכרזי מקרקעין",2
"חובת הקמה של ועדת חקירה ממלכתית באירועים חריגים",2
"חובת יידוע מבוטחים על כפל ביטוח",2
"חובת יידוע נפגעי עבירה בשפה המובנת להם",2
"חובת לוחית זיהוי ורישום כלים ממונעים קלים",2
"חובת לימודי ליבה ופיקוח כתנאי לתקצוב מוסדות חינוך",2
"חובת מסירת מידע על עלויות פירעון מוקדם של הלוואה",2
"חובת מסירת תוכניות הדירה לרוכש",2
"חובת משאל עם על החלת ריבונות",2
"חובת מתן אישור קבלה ועדכונים תקופתיים לפניות הציבור",2
"חובת סימון נפח אריזה ומילוי מינימלי",2
"חובת תרומת מזון עודף בחברות ממשלתיות",2
"חובת תרומת מזון עודף לעוסקים במזון",2
"חילוט כספים מוקפאים של הרשות הפלסטינית וייעודם לפיצוי נפגעי טרור",2
"חילוט רווחים מעבירות סרסרות וזנות",2
"חילוט רכוש בעבירות נשק ללא הרשעה",2
"חילוט תקבולי עבירה בפשיעה חקלאית",2
"חינוך חינם לפעוטות",2
"חינוך חינם לפעוטות מגיל לידה עד שלוש",2
"חינוך חינם לפעוטות מגיל שלושה חודשים",2
"חישוב שווי שימוש ברכב צמוד",2
"חלופת מאסר לנשים הרות ואמהות",2
"יבוא רכב עצמאי בידי הממשלה",2
"יום ציון שנתי לפרשת ילדי תימן, המזרח והבלקן",2
"יידוע חולים כרוניים על זכויות סוציאליות במסמכים רפואיים",2
"ייצוג הולם בחברות ממשלתיות וגופים סטטוטוריים",2
"ייצוג הולם במועצות ציבוריות",2
"ייצוג הולם לאוכלוסייה הערבית בגופי ספורט",2
"ייצוג הולם ללוחמים בשירות המדינה",2
"ייצוג הולם לנשים ברשימות מועמדים לכנסת",2
"ייצוג מגדרי מינימלי ברשימות מועמדים לכנסת",2
"ייצוג מגדרי שוויוני ברשימות מועמדים לכנסת",2
"ימי מחלת ילד להורים למספר ילדים",2
"יציאה לשירותים במהלך בחינות",2
"יצירת עיטור פציעה קרבית לאנשי מערכת הביטחון",2
"כפיפות הליכי גביית מסים לחוק ההוצאה לפועל",2
"כפל זכויות לנפגעי פעולות איבה מול גורמים שאינם המדינה",2
"כפל קצבאות ודמי אבטלה",2
"כשירות מועמדים שאינם שופטי בית המשפט העליון לתפקיד הנשיא",2
"לגליזציה והחזקת קנאביס לצריכה עצמית",2
"לוחות זמנים למתן פסק דין בתביעת גט במקרי אלימות קשים",2
"מאגר מידע ציבורי על עברייני מין",2
"מבחן הכנסה לגמלת סיעוד",2
"מבחן הכנסה לגמלת סיעוד לניצולי שואה",2
"מגבלת ההוצאה הממשלתית",2
"מדרגות מס רכישה לדירה יחידה",2
"מועד להגשת חוות דעת פסיכיאטרית לנאשמים ולעצורים",2
"מועד תשלום קנס ברירת משפט לאחר דחיית בקשה לביטול",2
"מימון בחירות לראשות רשות לנשים",2
"מימון הוצאות בדיקת מכס לטובין מיובאים",2
"מימון הסעת יולדות באמבולנסים שאינם של מדא",2
"מימון השמה חוץ-ביתית באמצעות השתתפות רשויות מקומיות והורים",2
"מימון ותקצוב תחנות טיפת חלב",2
"מימון טיפול נפשי לגרושות חללים",2
"מימון ממשלתי ללחצני מצוקה לאזרחים ותיקים",2
"מימון ממשלתי למוסדות חינוך מוכרים שאינם רשמיים",2
"מימון ממשלתי מובטח למוסדות הנצחה",2
"מימון ממשלתי קבוע לארגונים יציגים של נפגעי פעולות איבה ונכי צהל",2
"מימון ממשלתי של שירותי רווחה ברשויות מוחלשות",2
"מימון סייעת לפעוטות הסובלים ממחלה כרונית קשה",2
"מימון ציבורי מלא של שכר לימוד בהשכלה הגבוהה",2
"מימון שירותי רפואה מרחוק באמבולנס",2
"מימון שכר לימוד ללוחמים משוחררים",2
"מינוי נציגות ציבור בבתי הדין הרבניים",2
"מינויים פוליטיים בחברות ממשלתיות",2
"מיסוי קצבת אזרח ותיק",2
"מיסוי תרומות מישויות מדיניות זרות לעמותות",2
"מיקום מתן טיפול רפואי לאסירים ביטחוניים",2
"מיקום שדה תעופה משלים בישראל",2
"מנגנון הכרה ובחירה של ארגון עובדים יציג",2
"מנגנון הצמדת קצבת אזרח ותיק",2
"מנגנון השגה וערר על תעריף מוגדל",2
"מנגנון עדכון שכר המינימום",2
"מנגנון קביעת שכר נושאי משרה בשלטון",2
"מניין הימים לביטול עסקה והחזרת טובין",2
"מניעת פתיחת חקירת היצף בשווקים מונופוליסטיים או ריכוזיים",2
"מס בשיעור אפס על מוצרי היגיינה נשית",2
"מס בשיעור אפס על ספרי לימוד",2
"מס בשיעור אפס על תרופות",2
"מס קנייה על רכב חשמלי",2
"מסלול ברירת מחדל לחיסכון ארוך טווח לילד",2
"מסלול ברירת מחדל לחיסכון לילד",2
"מסלול העסקה ללא קצבת גישור",2
"מספר הרבנים הראשיים לישראל",2
"מעורבות מפלגות ארציות בבחירות למועצות אזוריות",2
"מעמד השפה הערבית בחוקי היסוד",2
"מעמד השפה הערבית כשפה רשמית",2
"מעמד וזכויות סוציאליות של עקרות בית",2
"מעמד ותפקיד מנהל מוסד חינוך",2
"מעמד מוניציפלי של מגורים בשטחי מרעה",2
"מענק הסתגלות לפדויי שבי",2
"מענק הסתגלות ראשוני לאלמנות חללים",2
"מענק שנתי למי שאיבד מספר קרובי משפחה בפגיעת איבה אחת",2
"מענקים לתושבים חוזרים וחדשים בחבל תקומה",2
"משך תקופת ההגנה על זכויות מבצעים",2
"מתן אפשרות לצפייה מקוונת בשידור חי להורים",2
"מתן הנחיות מוקדמות לשימוש בזרע לאחר פטירה",2
"מתן עדיפות והטבות למשרתים בשירות צבאי או לאומי",2
"נוכחות וחופש תנועה לישראלים בחבל עזה",2
"ניכוי הוצאות שכר דירה כנגד הכנסה משכירות",2
"נקודות זיכוי ממס הכנסה למשפחות אומנה",2
"נקודות זיכוי ממס למשרתי מילואים",2
"סבסוד מחוללי חמצן ניידים בסל הבריאות",2
"סיוע משפטי לנכי צה״ל ונפגעי פעולות איבה",2
"סיוע משפטי לנפגעי עבירות הונאה ועושק ללא מבחן כלכלי",2
"סיוע נפשי לבוגרי שירות קרבי",2
"סיוע נפשי לגרושות חללים",2
"סיוע ריאלי בשכר דירה לממתינים לדיור ציבורי",2
"סימון ארץ ייצור לתוצרת חקלאית בתפזורת",2
"סמכויות גבייה של תאגידי מים וביוב",2
"סמכות ביקורת שיפוטית על חוקים",2
"סמכות בתי הדין הרבניים לדון במזונות ילדים ככרוכים בתביעת גירושין",2
"סמכות חיפוש משטרתי בלא צו",2
"סמכות לקביעת אורח חיים דתי במוסדות חינוך ממלכתי דתי",2
"סמכות רשויות מקומיות להפעלת תחבורה ציבורית ביום המנוחה",2
"סמכות רשם ההוצאה לפועל להפחתת דמי פיגורים",2
"סקר תקינות מבנים ישנים",2
"עדכון כתובת לצורכי הצבעה בבחירות",2
"עדכון סכומי הלוואות לדיור",2
"עונש מינימום לעבירות אלימות",2
"עונש מינימום לעבירת הצתה",2
"עיגון חוקתי של הזכות לשוויון ואיסור אפליה",2
"עיגון מעמד החקלאות והבטחת זמינות אמצעי ייצור",2
"עיכוב יציאה מהארץ בשל חוב כספי נמוך",2
"ענישה מזערית בעבירות צער בעלי חיים",2
"ענישה על שיבוש תדרי תקשורת של כוחות ביטחון והצלה",2
"עסקאות שירותי תיירות ללא זכות ביטול",2
"פטור מאגרות בית משפט למקבלי הבטחת הכנסה",2
"פטור מאגרת נסיעה בכביש אגרה עקב עומסים או עבודות",2
"פטור מארנונה לחיילים בודדים לאחר שחרור",2
"פטור מארנונה לעסקים של משרתי מילואים",2
"פטור מדמי ביטוח לאומי לנכי צה״ל",2
"פטור מדמי ביטוח לאומי לצעירים",2
"פטור מהיתר בנייה למעליות נגישות בבנייני מגורים",2
"פטור ממס הכנסה לתגמולי מילואים",2
"פטור ממס הכנסה על קצבת פנסיה לגמלאים",2
"פטור ממס על משיכה הונית קטנה מקופת גמל בגיל פרישה",2
"פטור ממס ערך מוסף לתרופות מאריכות חיים שאינן בסל הבריאות",2
"פטור ממס ערך מוסף לתרופות מצילות חיים מחוץ לסל הבריאות",2
"פטור ממס ערך מוסף על תרומות לבתי חולים בפריפריה",2
"פטור מרישוי עסק לקייטנות של ארגוני נוער",2
"פטור משירות ביטחון מטעמי מצפון",2
"פטור מתשלום בכניסה למקומות ציבוריים לאנשים עם מוגבלות ולמלוויהם",2
"פטור מתשלום בתחבורה ציבורית לאנשים עם מוגבלות ולמלוויהם",2
"פיצוי בעלי רישיונות מוניות קיימים עקב הגברת התחרות",2
"פיצוי כספי מנהלי לנפגעי עבירות מין מהמדינה",2
"פיצוי ללא הוכחת נזק בגין לשון הרע המייחסת פשעי מלחמה",2
"פיצוי ממלכתי על נזקי אסון טבע",2
"פיקוח ורישום של אגודות עותומניות",2
"פיקוח על ייצור דבש והזנת דבורים",2
"פיקוח על רווחי שיווק בתוצרת חקלאית",2
"פיקוח פרלמנטרי על סגירת סניפי בנק וצמצום שירותים",2
"פירוט עלות מעסיק בתלוש השכר",2
"פסילת מורשעים בעבירות טרור וביטחון מהזכות להיבחר לכנסת",2
"פריסת תשלומי חשמל ללא ריבית ועמלה",2
"פריסת תשלומים לקנסות תעבורה",2
"פרסום פסיקה בענייני משפחה",2
"צו למניעת אלימות כלכלית",2
"קביעת יום זיכרון ממלכתי",2
"קביעת יום זיכרון ממלכתי לטבח שמחת תורה",2
"קביעת יום זיכרון ממלכתי למלחמת עוטף ישראל",2
"קביעת יום ציון ממלכתי לדמות רוחנית",2
"קביעת יום ציון שנתי לבריאות הנפש",2
"קדימות בתור לטיפול רפואי לאנשים עם מוגבלות",2
"קנס מינימלי על החזקת נשק בלתי חוקי",2
"קצבת ילדים בלידות מרובות עוברים",2
"קציבת תקופת הכהונה של נשיא בית המשפט העליון",2
"רוב נדרש למינוי שופטי בית המשפט העליון",2
"רישוי ותנאי כשירות למדריכים פיננסיים",2
"רישום הורה נוסף לילד שנולד מתרומת זרע",2
"שחרור בערובה של מסתננים במימון מדינה זרה",2
"שיטת מינוי היועצים המשפטיים למשרדי הממשלה",2
"שיטת מינוי יועצים משפטיים למשרדי ממשלה",2
"שיטת קביעת מותבים בבית המשפט העליון",2
"שימוע פומבי למועמדים לבית המשפט העליון",2
"שיעור גמלת הבטחת הכנסה לאזרחים ותיקים",2
"שיעור קצבת הילדים",2
"שיפוי מעסיקים על הפרשות פנסיוניות במילואים בחירום",2
"שלילת אפוטרופסות בשל עבירות אלימות במשפחה",2
"שלילת מימון ממפלגות הקוראות לחרם",2
"שלילת קצבת ילדים ממשפחות פוליגמיות",2
"שמירה על אורח חיים דתי בשירות הצבאי",2
"שקיפות הפרשות לפנסיה בהודעה לעובד",2
"שקיפות ותיעוד של דיונים בבתי המשפט",2
"שקיפות חודשית של עמלות וריביות בבנקים",2
"תגמול ממשלתי לנפגעי פשיעת שנאה",2
"תוספת קצבת הבטחת הכנסה למשפחות עם ילדים רבים",2
"תוקף זכאות לדיור ציבורי",2
"תוקף חוק האזרחות והכניסה לישראל",2
"תוקף צווי הגבלת שימוש במקום המפר את חוק הכניסה לישראל",2
"תחולת הסכמים קיבוציים על עובדים זרים בחקלאות",2
"תחולת השיפוט הצבאי על משוחררים בעבירות מין",2
"תמיכה כלכלית למשפחות המלוות יתומים בגירים נפגעי איבה",2
"תנאי אשפוז ומרחב מחיה בבתי חולים פסיכיאטריים",2
"תנאי אשפוז ומרחב מחיה לחולי נפש",2
"תנאי כליאה והגבלות לאסירים ביטחוניים",2
"תנאי משיכה והפקדה בקרן השתלמות לחקלאי שומר שמיטה",2
"תנאי משיכה והפקדה בקרן השתלמות לחקלאים שומרי שמיטה",2
"תנאים להגבלת חשבון בנק עקב שיקים ללא כיסוי",2
"תעריף ארנונה לחקלאות גגות",2
"תקופת הגנה מפני פיטורים למשרתי מילואים",2
"תקופת מינימום לזכאות לגמלת שמירת היריון",2
"תקופת צינון למינוי שופטים מקרב נבחרי ציבור",2
"תקופת צינון למפקח על הבנקים",2
"תקופת תוקף רישיונות לעיסוק בקנאביס רפואי",2
"תקינת כוח אדם בתחנות טיפת חלב",2
"תקני סגנים בשכר ברשויות מקומיות",2
"תקצוב דיפרנציאלי של שירותי רווחה ברשויות מקומיות",2
"תקצוב מוסדות חינוך שאינם ממלכתיים לפי הישגים בלימודי בסיס",2
"תקרה לאגרת רישיון רכב פרטי",2
"תקרת אוכלוסין לזכאות יישוב מוטב להטבות מס",2
"תקרת הפפקדה בקופות גמל להשקעה",2
"תקרת שכר טרחה לכונסי נכסים",2
"תרומת ביציות בין בנות זוג ללא התווית רפואית",2
"תשלום גמלאות רטרואקטיבי",2
"תשלום גמלת ילד נכה למשפחות אומנה",2
"תשלום דמי תיווך בשכירות דירת מגורים",2
"תשלום ריבית על יתרות זכות בעובר ושב",2
"תשלום ריבית על יתרת זכות בעובר ושב",2
"אבטחת חברי הכנסת בחוץ לארץ",1
"אגרות בבית המשפט לענייני משפחה",1
"אגרות על הגשת התנגדויות לתוכניות",1
"אגרת אישור מסע אלקטרוני לתיירים",1
"אגרת הגשת תלונה משמעתית נגד עורך דין",1
"אוטומציה ומיצוי זכויות במענק עבודה",1
"אוטומציה של מענק עבודה והעברת תשלומו לביטוח הלאומי",1
"אוטומציה של מענק עבודה והעברתו למוסד לביטוח לאומי",1
"אוטונומיה רפואית של קטינים",1
"אופן בחירת נשיא בית המשפט העליון",1
"אופן הבעת עמדת נפגע עבירה בפני ועדת השחרורים",1
"אופן ההצבעה בבחירת שופטי בית המשפט העליון",1
"אופן ההצבעה לנציגי הכנסת לוועדה לבחירת שופטים",1
"אופן חישוב דמי הקמה למערכות מים וביוב",1
"אופן משלוח חשבוניות דיגיטליות בקמעונאות ובמכר מרחוק",1
"אופן משלוח חשבוניות דיגיטליות לצרכנים",1
"אופן פריסת תשלום דמי לידה",1
"אופן קביעת הרכבי שופטים בבית המשפט העליון",1
"אופן קביעת מותבים בבית המשפט העליון",1
"אורך שבוע הלימודים במוסדות החינוך",1
"אורך שבוע העבודה",1
"אורך תקופת הלידה וההורות בתשלום",1
"אזרחות זרה של חברי כנסת",1
"אזרחות לבני משפחה של חיילים",1
"אזרחות לבני משפחה של חללי צה״ל וכוחות הביטחון",1
"אזרחות מכוח לידה למי שנולד במדינת אויב",1
"אזרחיות ועצמאות המחלקה לחקירת שוטרים",1
"אחוז חסימה בבחירות לוועד מקומי",1
"אחוז חסימה ומנגנון חלוקת מקומות בבחירות לוועד מקומי",1
"אחוזי נכות מינימליים לנפגעי תגובה נפשית ברדיפות הנאצים",1
"אחידות איות שמות מקומות ציבוריים בשלטים",1
"אחידות איות שמות מקומות ציבוריים ושלטי דרכים",1
"אחידות ומבנה תלוש השכר",1
"אחידות ופיקוח על תעריפי גרירת רכבים בידי רשויות מקומיות",1
"אחידות ופירוט בנתוני תלוש השכר",1
"אחידות ושקיפות בנתוני תלוש השכר",1
"אחידות עמלות הפצה על מוצרים תחליפיים",1
"אחידות שכר נושאי משרה ברשויות השלטון",1
"אחידות תעריף דמי הבראה בין המגזר הציבורי והפרטי",1
"אחריות אישית של בעלי חברת ניהול ומגבלות על נושאי משרה",1
"אחריות אישית של חברי ועד לעניין תשלום עיצום כספי שהוטל על עמותה",1
"אחריות אישית של נושאי משרה בהפרות חוק הגנת הצרכן",1
"אחריות אישית של נושאי משרה בהפרת דיני צרכנות",1
"אחריות אישית של ראשי מפלגות לחובות מפלגה שחדלה להתקיים",1
"אחריות בעל רכב להפרת חובות טכוגרף",1
"אחריות הורים למעשי קטינים",1
"אחריות הורים לעבירת חרם חברתי של ילדם",1
"אחריות המדינה ומערך סיוע לצעירים חסרי עורף משפחתי",1
"אחריות המדינה ומתן סיוע לצעירים חסרי עורף משפחתי",1
"אחריות המדינה ומתן סל שירותים לצעירים חסרי עורף משפחתי",1
"אחריות המדינה לחינוך במצבי חירום",1
"אחריות המדינה למסגרת השמה חוץ-ביתית לקטינים נזקקים",1
"אחריות המדינה לספק השמה חוץ-ביתית לקטינים נזקקים",1
"אחריות המוסד לביטוח לאומי על היכל ההנצחה לחללי פעולות איבה",1
"אחריות הקרן לפיצוי נפגעי תאונות דרכים וזכות שיפוי בגין פוליסות מהאזור",1
"אחריות חברות דואר על איחורים וטעויות במסירה",1
"אחריות יצרנים נאותים לקביעת אורך חיי מדף",1
"אחריות כלכלית למזונות ילדים וחלוקתם",1
"אחריות כספית קולקטיבית למציאת נשק במקום",1
"אחריות לאספקת מכשירי שיקום וניידות לנפגעי עבודה",1
"אחריות לביצוע תיאום דמי ביטוח לאומי",1
"אחריות להקמת מצבה לאדם ערירי",1
"אחריות לטיפול בנפגעי כוחות הביטחון מחבלה שלא תוך כדי שירות בזמן מלחמה",1
"אחריות למתן שירותי בריאות לחיילים",1
"אחריות לתיאום דמי ביטוח לאומי לעובדים בעלי מספר מעסיקים",1
"אחריות לתיאום דמי ביטוח לאומי לעובדים מרובי מעסיקים",1
"אחריות מופחתת בחריגה מועטה מסייגים לאחריות פלילית",1
"אחריות מופחתת בחריגה קלה מסייג לאחריות פלילית",1
"אחריות מופחתת בחריגה קלה מסייגים לאחריות פלילית",1
"אחריות מופחתת בשל חריגה קלה מסייגים לאחריות פלילית",1
"אחריות מזמין שירות לבטיחות עובדי קבלן בענף הבנייה",1
"אחריות מזמין שירות על זכויות עובדים בתחום התחבורה הציבורית",1
"אחריות ממשלתית לביטחון תזונתי והפעלת תוכניות סיוע",1
"אחריות מעסיקים בפועל ומזמיני שירות מקבלני כוח אדם",1
"אחריות מעסיקים והרחבת חובת פיקדון לעובדים ללא היתר",1
"אחריות משפטית וחזקת הטעיה בשל היעדר הנגשה לשונית",1
"אחריות משפטית של מחזיק מקרקעין על הרעלת חיות בר",1
"אחריות משפטית של פלטפורמות מקוונות לתוכן",1
"אחריות משפטית של רשתות חברתיות על תכנים",1
"אחריות משפטית وحובות שקיפות של רשתות חברתיות על הסרת תכנים וחסימת משתמשים",1
"אחריות נזיקית בגין אלימות כלכלית",1
"אחריות נזיקית בגין נטילת דמי חסות",1
"אחריות נזיקית של ארגוני עובדים ומעבידים בשביתות בלתי מוגנות",1
"אחריות נזיקית של המשטרה בהפרת הוראות פיזור הפגנות",1
"אחריות נזיקית של המשטרה בפיזור הפגנות",1
"אחריות נזיקית של רשויות מקומיות במקומות רחצה בלתי מוסדרים",1
"אחריות על שירותי גמילה וטיפול בהתמכרויות",1
"אחריות פלילית ואישית של נושאי משרה בתאגיד עקב הפרת דיני פיקוח עישון",1
"אחריות פלילית ועוולה אזרחית בגין הפרת חוקי פרסום",1
"אחריות פלילית וענישה בגין הפרת חובת הנגשה לשונית",1
"אחריות פלילית להורים בגין האזנת סתר לילדיהם הקטנים",1
"אחריות פלילית על אי הנפת דגל",1
"אחריות פלילית של בעלי נכסים ורכבים בגין ירי",1
"אחריות קופות החולים על שירותי גמילה וטיפול בהתמכרויות",1
"אחריות רשויות מקומיות לאיתור, ליווי והשמת פעוטות עם צורך במענים ייחודיים",1
"אחריות תחזוקה לשבילי אופניים והרחבת סמכויות הרשות לבטיחות בדרכים",1
"אי הפללת צריכה עצמית של קנבוס",1
"אי-הפללת שימוש והחזקת קנבוס לצריכה עצמית",1
"אי-הפללת שימוש עצמי בקנבוס לבגירים",1
"איחוד וחלוקה בהסכמה בסמכות רשות הרישוי",1
"איחוד וחלוקת קרקעות בהסכמה בסמכות רשות הרישוי",1
"איחוד מועצות אזוריות",1
"איחוד משפחות של אזרחים עם בני זוג זרים",1
"איחוד עבירות מין תחת מושג החדירה וביטול עבירת מעשה סדום",1
"איחוד פוליסות ביטוח חובה לנהג יחיד במספר כלי רכב",1
"אילילור עבירת מטרד לשם עיסוק בזנות",1
"אילימינציה של עבירת מטרד הקשורה לזנות",1
"אימוץ ילדים בידי יחידים",1
"אימוץ תקינה אמריקאית (המסלול האמריקאי)",1
"אימות חתימות על ידי יועצים פנסיוניים",1
"איסוף והצגת נתונים על אלימות במשפחה",1
"איסוף ומסירה חובה של נתוני נוסעים וצוות מחברות תעופה",1
"איסוף ופרסום נתונים על שימוש בכוח בפילוח לפי קבוצות אוכלוסייה",1
"איסור אספקת תשתיות ושירותים חיוניים לישויות טרור",1
"איסור אפליה מחמת רקע דתי במוסדות חינוך",1
"איסור גביית דמי שימוש קבועים בעסקאות מתמשכות",1
"איסור גביית עמלה בעסקאות אינטרנט",1
"איסור גביית עמלות בעסקאות אינטרנט",1
"איסור גביית עמלות בעסקאות מקוונות",1
"איסור גביית עמלות מפיקדונות ללא תנועה",1
"איסור גביית עמלות על עסקאות אינטרנט",1
"איסור גביית עמלות על תשלום בהוראת קבע",1
"איסור גביית עמלת אינטרנט בעסקאות מכר מרחוק",1
"איסור גביית עמלת הוראת קבע בעסקאות מתמשכות",1
"איסור גביית תשלום בגין הסבת כרטיסי טיסה ושיט",1
"איסור גביית תשלום עבור שינוי פרטים והסבת כרטיסי טיסה ושייט",1
"איסור גביית תשלומי הורים במוסדות חינוך",1
"איסור גביית תשלומי הורים והתניית רישום",1
"איסור גביית תשלומים קבועים בעסקאות מתמשכות",1
"איסור גרימת סבל נפשי לבעלי חיים",1
"איסור הבעת אהדה והזדהות עם השלטון הנאצי ושימוש בסמליו",1
"איסור הבעת אהדה לשלטון הנאצי והזדהות עמו",1
"איסור הבעת אהדה לשלטון הנאצי ושימוש בסמלים נאציים",1
"איסור הגבלות גיל בקבלה ללימודים אקדמיים",1
"איסור הגבלת גיל בהרשמה למוסדות להשכלה גבוהה",1
"איסור הגבלת גיל בהרשמה למוסדות לימוד אקדמיים",1
"איסור הוצאת כספים ורכוש מישראל על ידי שוהים בלתי חוקיים",1
"איסור החזקת וניוד בעלי חיים במוסדות חינוך ונוער",1
"איסור החזקת תרנגולות מטילות בכלובים",1
"איסור הכחשת הנכבה",1
"איסור הכנסת חמץ לבתי חולים בפסח",1
"איסור הכנסת מוצרים חד פעמיים לחופים",1
"איסור הנפת דגלי אויב וארגוני טרור במרחב הציבורי",1
"איסור הנפת דגלי אויב וטרור במרחב הציבורי",1
"איסור הנפת דגלי ישויות עוינות בהתקהלות",1
"איסור הנפת דגלי מדינות אויב והרשות הפלסטינית בגופים מתוקצבים",1
"איסור הנפת דגלים של גופים ומדינות עוינות בהתקהלות",1
"איסור הנפת דגלים של ישויות עוינות במרחב הציבורי",1
"איסור הסגרה לערכאות בינלאומיות",1
"איסור הסגרת אזרחים תושבי ישראל",1
"איסור הסכמי שיפוי והפחתה במזונות",1
"איסור הסתרת פנים באירועי ספורט",1
"איסור העברת כלי נשק לגורמים עוינים",1
"איסור העסקה קבלנית במשכן הכנסת",1
"איסור העסקה קבלנית בשירות הציבורי",1
"איסור העסקה קבלנית ומעבר להעסקה ישירה",1
"איסור העסקת מורשעי ותומכי טרור במוסדות חינוך",1
"איסור העסקת מחבלים משוחררים",1
"איסור העסקת עברייני מין במוסדות להשכלה גבוהה",1
"איסור העסקת עובדי הוראה דרך קבלנים ומתווכים",1
"איסור העסקת עובדי קבלן בגופים ציבוריים",1
"איסור הפליה בהכנסת עגלות ילדים למקומות ציבוריים",1
"איסור הפליה במכירה והשכרה של דירות",1
"איסור הפליה במתן שירותי ביטוח",1
"איסור הפליה במתן שירותי דיור",1
"איסור הפליה במתן שירותי דיור ומכירת נכסים",1
"איסור הפליה בעבודה לפי מקום ביצוע העבודה",1
"איסור הפליה בעבודה מחמת זהות מגדרית",1
"איסור הפליה בעבודה על רקע מוצא בשל דרישות כשרות",1
"איסור הפליה בשכר במסגרות העסקה נפרדות",1
"איסור הפליה בשל נשיאת נשק",1
"איסור הפליה בתיווך עבודה",1
"איסור הפליה ודרישת מידע בשל שירות מילואים של בני זוג",1
"איסור הפליה והבובת עגלות ילדים במקומות ציבוריים",1
"איסור הפליה והגבלות בהכנסת עגלות ילדים למקומות ציבוריים",1
"איסור הפליה מחמת זהות מגדרית בעבודה",1
"איסור הפליה מחמת מצב כלכלי בקבלה לעבודה",1
"איסור הפליה מחמת מצב כלכלי בקבלה לעבודה ובעבודה",1
"איסור הפליה מחמת מראה",1
"איסור הפליה של פעוטות עם צרכים ייחודיים במעונות יום",1
"איסור הפליה של תלמידים עם צרכים מיוחדים בחינוך",1
"איסור הפליית מחירים בשל מגדר",1
"איסור הפליית משרתים בשירות צבאי, לאומי או אזרחי מול מנגנוני העדפה מתקנת",1
"איסור הפליית משרתים בשירות ציבורי",1
"איסור הפליית משרתים בשירות ציבורי מול העדפה מתקנת",1
"איסור הפעלת מכונות משחק בידי מפעל הפיס",1
"איסור הפקרת מקררים ישנים",1
"איסור הפרדה במרחב הציבורי ובמתן שירותים",1
"איסור הפרדה מגדרית במרחב הציבורי ובשירותים",1
"איסור הפרדת אחים בהליך אימוץ",1
"איסור הרחקה למדינות בסכנה (עקרון אי-ההחזרה)",1
"איסור השוואה למשטר הנאצי",1
"איסור השתתפות בהתארגנות חמושה עצמאית",1
"איסור התניית התקשרות עם בעלי מקצוע בפרויקט התחדשות עירונית",1
"איסור התניית זכות הלימוד בתשלום",1
"איסור התניית קצבאות וגימלאות בהחזקת רכב",1
"איסור התניית שכר מבקרים בתחבורה ציבורית במתן קנסות",1
"איסור התניית תנאי אשראי בהעברת פעילות נוספת",1
"איסור התניית תשלום באשראי בסכום מזערי",1
"איסור התניית תשלום בכרטיס חיוב בלבד בבתי עסק",1
"איסור התעמרות בעבודה ויצירת עוולה אזרחית",1
"איסור התעמרות בעבודה ועוולה אזרחית",1
"איסור התקשרות גופים ציבוריים עם ספקים בשל מעורבות בפשיעה חמורה",1
"איסור התקשרות ומתן שירותים לאונר״א",1
"איסור והגבלה של הסכמים פוליטיים תקציביים",1
"איסור והענשה על השטת כלי שיט בשכרות וחת השפעת סמים",1
"איסור והפללה של השטת כלי שיט תחת השפעת אלכוהול וסמים",1
"איסור זיווג ומכירה של כלבים וחתולים",1
"איסור חקיקה פרסונלית",1
"איסור חקירה ושימוש בעבר מיני של נפגעי עבירות מין",1
"איסור חקירה ושימוש בעברו המיני של נפגע עבירת מין",1
"איסור חקירה ושימוש ראייתי בעבר מיני של נפגעי עבירות מין",1
"איסור ייצוא בעלי חיים לשחיטה לתעשיית הקוסמטיקה",1
"איסור כיסוי פנים במגרשי ספורט",1
"איסור כפיית שביתה על בעלי עסקים במתחמים מסחריים",1
"איסור לשון הרע מחמת משקל",1
"איסור מחיר אחיד למזון במשלוח ובמסעדה",1
"איסור מכירה ושימוש בקמינים ביתיים",1
"איסור מכירת פרוות",1
"איסור מסירת מידע ופנייה לרשויות זרות לשם הטלת סנקציות",1
"איסור מעורבות מדינות תומכות טרור בהסדרים מדיניים",1
"איסור משלוח דברי פרסומת באמצעות מסרוני פלאש",1
"איסור משלוחים ימיים של בעלי חיים לשחיטה",1
"איסור משלוחים ימיים של צאן חי לשחיטה",1
"איסור מתן הטבות כספיות לרשות הפלסטינית וניהול הכספים המחולטים בקרן ייעודית",1
"איסור מתן הטבות פיננסיות לרשות הפלסטינית",1
"איסור מתן היתרי עבודה לתושבי הרשות הפלסטינית",1
"איסור נהיגת שטח בדרכים לא ייעודיות",1
"איסור ניכוי הוצאות שכר חורגות לצורכי מס והוספת מדרגות מס גבוהות",1
"איסור ניכוי נזקים וקנסות מראש משכר עובדים",1
"איסור ניכוי נזקים וקנסות משכר עבודה",1
"איסור ניצול בעלי חיים לתחרויות והימורים",1
"איסור ניתוק אספקת מים לרשויות מקומיות בשל חוב",1
"איסור ניתוק חשמל בגין חוב לצרכנים ביתיים",1
"איסור ניתוק חשמל ומים למוסדות חינוך",1
"איסור ניתוק חשמל לצרכן ביתי",1
"איסור ניתוק מים לרשויות מקומיות בגין חובות",1
"איסור ניתוק מים לרשויות מקומיות עקב חובות",1
"איסור ניתוק צרכנים מחשמל עקב חוב",1
"איסור נסיעת משאיות בנתיבי תחבורה ציבורית",1
"איסור נשיאת דברים במוסד חינוך למורשע בעבירות טרור ובבגידה",1
"איסור נשיאת דברים במוסד חינוך למורשעים בעבירות חמורות",1
"איסור סירוב התקשורת של גופים מוסדיים עם יועץ פנסיוני",1
"איסור סירוב התקשרות של גוף מוסדי עם סוכן ביטוח",1
"איסור עיסוק נוסף לנושאי משרה בכירה",1
"איסור על בנקים גדולים להפיץ כרטיסי אשראי",1
"איסור על פתיחת נציגויות דיפלומטיות זרות המשרתות צדדים שלישיים בירושלים",1
"איסור ענישה קולקטיבית והרחקה גורפת מאירועי ספורט",1
"איסור ענישה קולקטיבית לקהל באתרי ספורט",1
"איסור פגיעה ביבוא מקביל וביבוא אישי בידי יבואן ישיר",1
"איסור פגיעה ביבוא מקביל וביבוא אישי בידי יבואנים ישירים",1
"איסור פגיעה ביבוא מקביל ויבוא אישי בידי יבואנים ישירים",1
"איסור פיזור רעל וחומרי הדברה הפוגעים בחיות בר",1
"איסור פלילי על דברי שבח והזדהות עם מעשי טרור",1
"איסור פלילי על הכחשת טבח או הפחתה מממדיו",1
"איסור פנייה לשינוי הסדר שירות המהווה הפליה",1
"איסור פעולות השחתה וריסון בבהמות בתעשייה החקלאית",1
"איסור פעילות הרשות הפלסטינית והחמרת אכיפה וענישה",1
"איסור פעילות ושידורים של ערוץ זר ספציפי",1
"איסור פעילות פוגענית במוסדות להשכלה גבוהה",1
"איסור פרסום הקורא להפליה במוצרים ובשירותים",1
"איסור פרסום הקלטות של מידע רגיש",1
"איסור פרסום והפצה של חומרי פרסום למכירת סמים מסוכנים",1
"איסור פרסום ולחץ המעודדים הפליה בעבודה",1
"איסור פרסום כפוי במענה טלפוני",1
"איסור פרסום מכירת כלבים ללא היתר",1
"איסור פרסום פרטי חיילים ותצלומיהם בעת מילוי תפקיד",1
"איסור פרסום שמו של נפגע באירוע פתאומי",1
"איסור פרסומות פוגעניות וסטריאוטיפיות בשידור",1
"איסור פתיחת נציגויות דיפלומטיות זרות בירושלים לשרת צדדים שלישיים",1
"איסור פתיחת נציגויות דיפלומטיות זרות המשרתות צדדים שלישיים בירושלים",1
"איסור צילום ופרסום של חשודים בטרם הגשת כתב אישום",1
"איסור צריכת זנות כהוראה קבועה",1
"איסור צריכת פרסומי טרור",1
"איסור צריכת תוכן מיני מקוון מותאם אישית",1
"איסור קבלת תרומות ממדינות אויב",1
"איסור קבלת תרומות ממדינות תומכות טרור",1
"איסור קיומן של הדלקות ואירועים פרטיים וריכוזם במסגרת ההדלקה המרכזית",1
"איסור קיומן של ועדות קבלה ביישוב חדש",1
"איסור קיזוז ימי חופשה לעובדים המתנדבים בשעת חירום",1
"איסור קיזוז פיצויים לדוגמה מתגמלי המדינה",1
"איסור קשר ושיתוף פעולה עם ערכאות בינלאומיות פליליות",1
"איסור רישום גזעני במסמכי תאגיד ועילות פירוק",1
"איסור שבח ותמיכה בפרעות",1
"איסור שידול להמרת דת בפנייה ישירה",1
"איסור שיווק וייצור חומרי מילוי בטעמים לסיגריות אלקטרוניות",1
"איסור שיווק וייצור מוצרי עישון בטעמים ובריחות מובחנים",1
"איסור שיווק מוצרי עישון בטעמים",1
"איסור שימוש בבדיקות גנטיות לקביעת מעמד אישי ודת",1
"איסור שימוש בבוטים בפעילות פוליטית",1
"איסור שימוש בביטויים המכנים אירועי אלימות כאירוע על רקע כבוד המשפחה או רומנטי",1
"איסור שימוש בגנרטורים מזהמים בבתי חולים",1
"איסור שימוש ביישومונים חשודים במכשירי מדינה",1
"איסור שימוש במצלמות ניידות לאכיפת חנייה",1
"איסור שימוש בסוסים לפיזור הפגנות ואי-סדר ציבורי",1
"איסור שימוש ברכב ציבורי בימי מנוחה וחג לנבחרי ציבור",1
"איסור שימוש בתנורי הסקה בדלק מוצק",1
"איסור שימוש בתנורי הסקה מזהמים",1
"איסור שימוש בתרנגולות במנהג הכפרות",1
"איסור שימוש ומסחר במלכודות אכזריות",1
"איסור שינוי גנטי בתאים שאינם תאי רבייה ליצירת אדם",1
"איסור שיתוף פעולה ומסירת מידע לבית הדין הפלילי בהאג",1
"איסור שיתוף פעולה עם בית הדין הפלילי הבין-לאומי",1
"איסור שיתוף פעולה עם סנקציות זרות על אזרחים ישראלים",1
"איסור שליחת דברי פרסומת במסרון פלאש",1
"איסור שקלול מידע נוסף בהליכי קבלה לעבודה",1
"איסור תיעוד והפצה של פעילות חיילי צהל",1
"איסורי כניסה ושהייה בשטחי ההתנתקות",1
"איסורי סחר והתקשרות עם נתינים ועסקים ממדינות אויב ועוינות",1
"אישור אקטיבי להעלאת מחיר לאזרחים ותיקים",1
"אישור הכנסת להסכמי חילופי שבויים",1
"אישור הפסקת היריון בשליש הראשון",1
"אישור התקנת מצלמות במעונות יום באמצעות טכנאים מוסמכים",1
"אישור ועדה להפסקת היריון בשלב הראשון",1
"אישור חלוקת דיבידנד בחברות ממשלתיות",1
"אישור מוקדם והתניה של תובענות ייצוגיות נגד גופים מפוקחים",1
"אישור מוקדם לחקירת עיתונאים",1
"אישור מוקדם לעסקאות מקרקעין של קטינים בידי אפוטרופוס",1
"אישור מוקדם לפעולות אפוטרופוס במקרקעין של קטין",1
"אישור ממשלתי לחוזי זיכיון עירוניים לסככות המתנה",1
"אישור ממשלתי לעלות תקציבית מוניציפלית בהצעות חוק",1
"אישור מנהלי לפעולות אפוטרופוסים ומינוי שכר",1
"אישור מעצר מנהלי לאזרחים ישראלים",1
"אישור משטרתי להעסקת עובדים בתעשיית הקנאביס הרפואי",1
"אישור עסקאות מקרקעין ומשכנתאות של חוסים",1
"אישור עסקאות עם בעלי עניין מהותיים",1
"אישור פרלמנטרי לאסדרת שוק ההון",1
"אישור פרלמנטרי לחקירת שוטרים באירועים לאומניים",1
"אישור שר הפנים לחוקי עזר עירוניים בשבת",1
"אישור תוכניות בנייה ברחבת הכנסת",1
"אישור תוכנית ההימורים ופרסומה",1
"אישור תעריפי תמלוגים ופיקוח שיפוטי על תאגידים לניהול משותף",1
"אישור תקציב המדינה השנתי",1
"אישור תקציב המדינה השנתי ומסגרת ההוצאה",1
"אישורי היעדר חובות לרישום מקרקעין",1
"אכיפה באמצעות תובענות ייצוגיות",1
"אכיפה וסנקציות על אי-ציות לוועדת חקירה פרלמנטרית",1
"אכיפה ועיצומים כספיים על אי-שליחת הודעות הטבה",1
"אכיפה מינהלית ועיצומים כספיים בגין אי-דיווח על מלאי",1
"אכיפה שוויונית של הדין בהפגנות ופיקוח פרלמנטרי",1
"אכיפת דיני תכנון ובנייה",1
"אכיפת דיני תכנון ובנייה וסמכויות פיקוח",1
"אכיפת הסדרי גישור בין־לאומיים",1
"אכיפת התייצבות בפני ועדות הכנסת",1
"אכיפת זכויות נוסעים בידי הרשות להגנת הצרכן",1
"אכיפת חובת ביטוח רפואי לעובדים זרים באמצעות עיצום כספי",1
"אכיפת חוק שירותי תעופה וסמכויות פיקוח",1
"אכיפת מניעת כניסה למוסדות טיפול והשחתת רכוש",1
"אכיפת נסיעה בנתיבי תחבורה ציבורית ובנתיבים רבי תפוסה",1
"אכיפת עבירות ביטוי באמצעות קנסות מנהליים והסרת פיקוח פרקליטות",1
"אכיפת עבירות חניה באמצעות מצלמות ניידות",1
"אכיפת עבירות תכנון ובנייה באמצעות קנסות מינהליים",1
"אכיפת עבירות תכנון ובנייה ביישובי מיעוטים",1
"אכיפת פתיחת מקלטים פרטיים בשעת התקפה",1
"אכיפת תעריפי הסעה במוניות באמצעות קנסות",1
"אכיפת תעריפי מוניות באמצעות קנסות",1
"אכיפת תעריפי מוניות והטלת קנסות",1
"אמנסטי ומחיקת רישום פלילי למשתתפים במחאות ציבוריות",1
"אמצעי אימות זהות בפניות דיגיטליות לגופים ציבוריים",1
"אמצעי הרחקה ועידוד עזיבה לשוהים בלתי חוקיים",1
"אמצעי חלופי לקנס המנהלי בצריכת זנות",1
"אמצעי תשלום וניהול דיגיטלי של חשבון בנק בידי אפוטרופוס",1
"אמצעי תשלום ופריסת חובות לגופים ציבוריים",1
"אמצעי תשלום חובה בעסקאות והודעה מוקדמת על חיוב",1
"אמצעי תשלום חובה וחובת הודעה מוקדמת על חיוב",1
"אמצעים לעידוד עזיבה של שוהים בלתי חוקיים",1
"אסדרה בחקיקה ראשית של שוק הקנאביס הרפואי",1
"אסדרה ומיחזור של מכלי משקה גדולים",1
"אסדרה ומסחור של שוק הקנאביס",1
"אסדרה ורישוי של ששרשרת אספקת הקנאביס",1
"אסדרה ורישום של עוסקים בהשכרת רכב",1
"אסדרה ותקופת פטור לעמדות טעינה לרכב חשמלי",1
"אסדרה נפרדת והקלות רגולטוריות לחומרים הודפים במחקר ופיתוח",1
"אסדרה ראשית של רישיונות קנאביס רפואי ותקופת תוקפם",1
"אסדרת ייבוא תמרוקים במסלול האירופי",1
"אסדרת כתבי שירות ללא מעורבות מבטח",1
"אסדרת עיסוק בהשכרת רכב ורישום משכירים",1
"אסדרת עיסוק ייעוץ משכנתאות ורישומו",1
"אסדרת עיסוק לעוזרי רופא",1
"אסדרת פעילות כלי טיס זרים בישראל",1
"אספקת ארוחות במוסדות חינוך לנוער בסיכון",1
"אספקת ארוחות חמות לתלמידים זכאים במהלך חופשות",1
"אספקת ארוחות חמות לתלמידים נזקקים בחופשות",1
"אספקת ארוחות חמות לתלמידים נזקקים בתקופת חופשות",1
"אספקת ארוחות לתלמידים במוסדות חינוך על-יסודיים לנוער בסיכון",1
"אספקת ארוחת בוקר במוסדות חינוך",1
"אספקת ארוחת בוקר במוסדות חינוך ומימונה",1
"אספקת ארוחת בוקר במוסדות חינוך וסבסודה",1
"אספקת כלי ירייה וחובת חימוש בקו עימות",1
"אספקת מוצרי מחזור בגופים ציבוריים",1
"אפוטרופסות על יילוד בהליך פונדקאות",1
"אפשרות הגשת תובענות ייצוגיות בגין אי-הצבת מכשיר אוטומטי",1
"אפשרות לשינוי סדר המועמדים ברשימה בידי הבוחרים",1
"אפשרות מכירת בניינים להשכרה לקרנות השקעה במקרקעין",1
"אפשרות רכישת מוצרי חשמל ואלקטרוניקה ללא אחריות תמורת הוזלת מחיר",1
"אצילת סמכויות לסגני שרים",1
"ארגון ואספקת שירותי דת וקבורה ברשויות המקומיות",1
"ארגון מחדש של שעות העבודה השבועיות",1
"ארנונה על מבנים נטושים וניזוקים",1
"ארנונה על נכסי מדינה ברשויות פריפריאליות חלשות",1
"אשפוז כפוי ובדיקה כפויה של מכורים לסמים",1
"אשפוז כפוי ובדיקה כפויה של מכורים לסמים קשים",1
"אשרור אמנת רומא וסמכות בית הדין הפלילי הבין-לאומי",1
"בדיקה פסיכיאטרית לחיילים הנאשמים בעבירות היעדר מן השירות",1
"בדיקות זיהום קרקע ומים כחלק מההליך התכנוני",1
"בדיקות כשירות ואישור משטרתי לבעלי תפקידים באבטחה",1
"בדיקות פוליגרף לחברי ועדת החוץ והביטחון ולמשתתפים בדיוניה",1
"בדיקות פוליגרף תקופתיות לעובדי מערכת אכיפת החוק",1
"בדיקות תקינות שנתיות למכשירי החייאה במקומות ציבוריים",1
"בדיקת HIV כפויה לחשודים ולנאשמים לבקשת נפגעי עבירה",1
"בדיקת השלכות חלוקתיות בחקיקה",1
"בדיקת עבר פלילי כתנאי להפעלת משפחתונים",1
"בדיקת ערעורים אקדמיים",1
"בדיקת ערעורים על בחינות ועבודות",1
"בדיקת פוליגרף לחברי ועדת השרים לענייני ביטחון לאומי",1
"בוררות חובה בשירותי חינוך",1
"בוררות חובה בתביעות נזקי רכוש מתאונות דרכים",1
"בחינה מחדש של פטורים משירות מילואים",1
"בחינה מחדש של תוכניות בנייה ישנות בסביבה החופית",1
"בחינה מחדש של תכניות בנייה ישנות בסביבה החופית",1
"בחינה מחודשת של פטורים משירות מילואים ושיבוץ מחדש",1
"בחינה תקופתית ופקיעת אסדרה",1
"בחינת אלטרנטיבות יבוא בהערכת נזק ממשי לתעשייה",1
"בחינת אלטרנטיבות ייבוא בעת הערכת נזק לתעשייה המקומית",1
"בחינת השפעת אסדרה ורגולציה על פליטות גזי חממה",1
"בחינת חלופות יבוא בעת הערכת נזק ממשי לתעשייה המקומית",1
"בחינת חלופות מדיניות לא צבאיות בקבלת החלטות ביטחוניות",1
"בחינת עלות תקציבית לרשויות מקומיות בחקיקה",1
"בחינת תוכניות בנייה ישנות בסביבה החופית",1
"בחירה ישירה לראש הממשלה",1
"בחירות חובה בארגוני עובדים ויציגות",1
"בחירות חשאיות לשופטי בית המשפט העליון בוועדה לבחירת שופטים",1
"בחירת נותן שירותים רפואיים",1
"בחירת נותן שירותים רפואיים בתחומים מורכבים",1
"בחירת נותן שירותים רפואיים בתחומים רפואיים מורכבים",1
"בחירת נותן שירותים רפואיים על ידי מבוטח",1
"בחירת נותני שירותי שיקום ורצף טיפולי",1
"בחירת עובדי חינוך בגני ילדים בין חוזה אישי להסכם קיבוצי",1
"בטיחות הולכי רגל בפניות ימינה בצמתים מרומזרים",1
"בטיחות הולכי רגל בצמתים",1
"בטיחות הולכי רגל בצמתים מרומזרים",1
"ביזור סמכויות פיקוח ושליטה אזרחית בעזה",1
"ביטוח חובה משולב למספר כלי רכב בבעלות נהג יחיד",1
"ביטוח חלופי ממלכתי לנפגעי עבירת דמי חסות",1
"ביטוח פנסיוני לחיילי מילואים ותיקים",1
"ביטול אזרחות בשל מעשה אלימות על רקע לאומי–לאומי בזמן מצב מיוחד",1
"ביטול אזרחות ורישיון ישיבה בגין עבירות טרור והסתה בעת מצב מיוחד בעורף",1
"ביטול אזרחות ותושבות למורשעי טרור מקבלי תגמול",1
"ביטול אזרחות ותושבות למורשעים בטרור המקבלים תגמול",1
"ביטול אזרחות ותושבות לפעילי טרור מקבלי תגמול",1
"ביטול איחוד עוסקים לצרכי מע""מ",1
"ביטול איסור הפחתת שכר שופטים בלבד",1
"ביטול איסורי השהייה והפינוי מכוח תוכנית ההתנתקות",1
"ביטול איסורי השהייה וחידוש הזכויות ביישובים שפונו במסגרת ההתנתקות",1
"ביטול איסורי כניסה ושהייה באזורי ההתנתקות",1
"ביטול איסורי כניסה ושהייה במרחב ההתנתקות",1
"ביטול איסורי כניסה ושהייה בשטחי ההתנתקות",1
"ביטול אישור שר המשפטים לתקנות שותפות מוגבלת",1
"ביטול אפשרות להמרת תגמולים חודשיים במענק חד-פעמי",1
"ביטול אשרה בשל מתן ידיעות כוזבות",1
"ביטול ביקורת שיפוטית על צווי הגבלה לערוצים זרים",1
"ביטול גיל פרישת חובה ומעבר למודל מותנה בתפקוד",1
"ביטול ההגדרה וההכרה בעיתונים נפוצים לעניין חוק התכנון והבנייה",1
"ביטול החובה הסטטוטורית לקביעת יעדי צמצום בתקנות",1
"ביטול החמרת ענישה בעבירות מין על רקע לאומני",1
"ביטול הטבות מס לחברות יצואניות",1
"ביטול הליכי גבייה מנהליים",1
"ביטול הליכי גבייה מנהליים ומעבר למערכות גבייה מפוקחות",1
"ביטול הסדר חוות הבודדים בנגב",1
"ביטול הסדרי חילוט ייחודיים בחוק העונשין לטובת ההסדר הכללי",1
"ביטול העלאה או התאמה מגדרית של גיל הפרישה",1
"ביטול הרוב המיוחס למינוי שופטי בית המשפט העליון",1
"ביטול התיישנות בעבירות מין",1
"ביטול חובת אישור ועדת הכנסת להוספת רשויות למערך הפיקוח",1
"ביטול חובת פרישה גילאית ומעבר לבדיקה תפקודית",1
"ביטול חוק להנצחת אישים",1
"ביטול חוק מוסדות חינוך תרבותיים ייחודיים",1
"ביטול חוק נכסי נפקדים",1
"ביטול חזקת הגיל הרך וקביעת זמני שהייה",1
"ביטול כפילויות רגולטוריות בחשבונות גז",1
"ביטול מאגר הלקטורים בקרנות הקולנוע",1
"ביטול מגבלת ההוצאה התקציבית",1
"ביטול מוסד הערבות והגנה על ערבים",1
"ביטול מוסד הרבנות הראשית לישראל",1
"ביטול מוסד ממשלת החילופים",1
"ביטול מועצת הצמחים הסטטוטורית",1
"ביטול מועצת הצמחים ורגולציה על ענף החקלאות",1
"ביטול מועצת הקבלנים וחובת ההתייעצות עמה",1
"ביטול ממשלת חילופים",1
"ביטול מעמד ידועים בציבור בהצהרה חד-צדדית",1
"ביטול מענק עבודה מועדפת",1
"ביטול משטר המכסות והתכנון בענף הלול",1
"ביטול סמכות השר להארכת הוראת שעה מעבר ל-12 חודשים",1
"ביטול סמכות ועדת הכספים להציע שינויים בתוכניות הפחתה בשנת 2024",1
"ביטול סעיפי תחולה או הוראות מעבר בחוק הליכי חקירה והעדה",1
"ביטול עבירת מטרד ייחודית לעיסוק בזנות",1
"ביטול עילת הסבירות",1
"ביטול עמלות שורה ודמי משמרת בבנקים",1
"ביטול עסקאות רכישת מוצרי מזון לאחר חג הפסח",1
"ביטול פטור מדיווח לתושבים לראשונה ולתושבים חוזרים ותיקים",1
"ביטול פסק דין שניתן בהיעדר נאשם",1
"ביטול ציד ספורטיבי והגבלת היתרי ציד",1
"ביטול רישיון ישיבה והרחקה של תושבים זרים שהורשעו בפשע",1
"ביטול רישיונות ישיבה בישראל למעורבים בטרור ובקרוביהם",1
"ביטול רפורמת הכשרות ומונופול הפיקוח",1
"ביטול תוספת הארנונה ברשויות עצמאיות",1
"ביטול תכנון משק החלב ומכסות הייצור",1
"ביטול תשלומי הורים במוסדות חינוך",1
"ביטחון תזונתי לתלמידים בחופשות",1
"ביקורת פרלמנטרית ושימוע ציבורי למינויים בכירים ושופטים",1
"ביקורת שיפוטית וסטייה מדיני ראיות בהליכי מעצר מינהלי",1
"ביקורת שיפוטית על החלטות הממשלה באמצעות עילת הסבירות",1
"ביקורת שיפוטית על החלטות ועדת הבחירות המרכזית",1
"ביקורת שיפוטית על החלטות נבצרות",1
"ביקורת שיפוטית על החלטות פסילת מועמדים בבחירות",1
"ביקורת שיפוטית על חוקים והתגברות הפרלמנט",1
"ביקורת שיפוטית על חוקים וחוקי יסוד",1
"ביקורת שיפוטית על חוקים ופסקת התגברות",1
"ביקורת שיפוטית על מינוי שרים",1
"ביקורת שיפוטית על מינוי שרים וסגני שרים",1
"ביקורת שיפוטית על נבחרי ציבור",1
"ביקורת שיפוטית על רשויות השלטון הנבחרות",1
"בלעדיות לשיווק תרופות למחלות יתומות",1
"בלעדיות תפקיד היועצת לקידום מעמד האישה",1
"בסיס חישוב שכר המינימום לשעה",1
"בסיס חישוב תגמול מילואים",1
"בעילה אסורה בהסכמה תוך ניצול מעמד ציבורי מיוחד",1
"בעלות על מתקני חשמל במקרקעין של אחר",1
"בקרה ופרסום מידע על ייצוג הולם לעובדים עם מוגבלות אצל מעסיקים פרטיים גדולים",1
"בקרה ופרסום של עמידת מעסיקים פרטיים ביעד ייצוג הולם",1
"ברירת מחדל בשחרור על-תנאי ממאסר",1
"גבולות הנגב לצורכי פיתוח",1
"גבולות עילות סכסוך עבודה",1
"גבייה מאוחדת של תמלוגים באמצעות ארגון יציג יחיד",1
"גבייה ריכוזית של תמלוגי זכויות יוצרים ומבצעים",1
"גביית דמי טיפול ארגוני-מקצועי והסכמת העובד",1
"גביית דמי טיפול ארגוניים וחובת דיווח כנסתי",1
"גביית דמי מיקוח וייצוג עובדים בידי ארגון עובדים יציג",1
"גביית השתתפות עצמית ותשלום מראש עבור תורים רפואיים",1
"גביית חובות בכבישי אגרה",1
"גביית חובות וקנסות בכביש אגרה",1
"גביית חובות מחשבון בנק בטרם חלוף מועד התשלום",1
"גביית חובות מחשבון בנק טרם חלוף המועד לתשלום",1
"גביית פיצויים ותשלומים בתיקים שנסגרו עבור רשויות מקומיות",1
"גביית פיצויים מקורבנות עבירה שהוטלו בבתי משפט צבאיים",1
"גביית פיצויים נזיקיים מכספי פיקדון של עובדים זרים ומסתננים",1
"גביית קנסות ופיצויים של בתי משפט צבאיים באמצעות המרכז לגביית קנסות",1
"גביית תוספות תשלום בפריסת חוב בעסקה מתמשכת",1
"גביית תוספות תשלום וריבית על פריסת חוב בעסקה מתמשכת",1
"גביית תשלום נוסף בעד פריסת חוב בעסקה מתמשכת",1
"גביית תשלום עבור מסמכי מכרז ברשויות מקומיות",1
"גביית תשלומים ואגרות בעד מתן אישורי כשירות אווירית לצבא זר",1
"גובה המענק השנתי לניצולי שואה שאינם זכאים לקצבה חודשית",1
"גובה הפיצוי בלא הוכחת נזק בתביעות הפליה",1
"גובה הפיצוי בשל אי תיקוף כרטיס תקופתי משולם",1
"גובה הפיצוי ללא הוכחת נזק בלשון הרע",1
"גובה הפיצוי ללא הוכחת נזק בעוולת הפליה",1
"גובה הפיצוי ללא הוכחת נזק בתביעות הפליה",1
"גובה הקנסות בגין עבירות תרמית בניירות ערך",1
"גובה חיוב מוגדל בשל אי תיקוף למחזיקי כרטיס תקופתי",1
"גובה מענק הסתגלות לנשים היוצאות ממקלט לנשים מוכות",1
"גובה מענק חימום לאזרחים ותיקים הזכאים להבטחת הכנסה",1
"גובה מענק שנתי לניצולי שואה",1
"גובה מענק שנתי לניצולי שואה זכאים",1
"גובה מענקים להורים יחידים למשפחות חטופים ונעדרים",1
"גובה סכום ההשתתפות בהוצאות אזכרה למשפחות שכולות",1
"גובה סכומי סל הקליטה ועיגונם בחקיקה",1
"גובה פיצוי כספי בשל אי תיקוף כרטיס תקופתי",1
"גובה פיצוי כספי על אי תיקוף כרטיס תקופתי",1
"גובה פיצוי ללא הוכחת נזק בלשון הרע",1
"גובה קנסות והצמדת ריבית פיגורים בעבירות חניה",1
"גובה קנסות פיגור ותנאי התראה בעבירות חניה",1
"גובה קנסות פיגורים והתראה בעבירות חניה",1
"גובה קצבת אזרח ותיק והצמדתה",1
"גובה קצבת אזרח ותיק והצמדתה לשכר המינימום",1
"גובה קצבת אזרח ותיק ומנגנון ההצמדה שלה",1
"גובה קצבת אזרח ותיק ומנגנון הצמדתה",1
"גובה קצבת אזרח ותיק לזכאי קצבת נכות לשעבר או לנכה בגיל פרישה",1
"גובה ריבית פיגורים ברשויות המקומיות",1
"גובה ריבית פיגורים והתראה על קנסות חניה",1
"גובה ריבית פיגורים ותנאי תשלום לקנסות פליליים",1
"גובה ריבית פיגורים על קנסות פליליים",1
"גובה שכר המינימום החודשי",1
"גובה שכר המינימום והגדרתו",1
"גובה תגמול לגרושות חללי צהל",1
"גובה תגמולים להורים שכולים חסרי בן זוג",1
"גובה תוספת פיגור על קנסות מינהליים",1
"גובה תוספת פיגורים על אי-תשלום קנס",1
"גודל גופן מחייב לסימון תאריך ייצור ותפוגה על גבי מוצרים",1
"גודל מרחב מוגן דירתי בבנייה",1
"גורם הדיווח הפרלמנטרי על ייצוג הולם",1
"גיבוש ופרסום תפיסת ביטחון לאומי פורמלית",1
"גידול זקן לחיילים בשירות סדיר",1
"גיוון שיטות העסקה במשטרה",1
"גיוס תלמידי ישיבות ויעדי גיוס",1
"גיוס תרומות לעובדי ציבור ונבחרי ציבור למימון הליך משפטי או טיפול רפואי",1
"גיל האחריות הפלילית לקטינים",1
"גיל ההגנה על קטינים עדיפויות בהליך פלילי",1
"גיל הזכאות לבחור בבחירות לכנסת",1
"גיל הזכאות להטבות ותגמולים לילדי חללים",1
"גיל הכשירות המרבי לכהונת רב ראשי לישראל",1
"גיל המינימום להתפקדות למפלגה",1
"גיל זכאות להטבות לילדי חללים",1
"גיל זכאות למעון יום שיקומי לפעוטות עם מוגבלות",1
"גיל זכאות למעונות יום שיקומיים לפעוטות עם מוגבלות",1
"גיל זכאות לנכי נפש להתנדבות בשירות אזרחי",1
"גיל זכאות לפטור מהמתנה בתור לאזרחים ותיקים",1
"גיל מינימום למתן היתרי שהייה לבני זוג",1
"גיל מינימום למתן היתרי שהייה לבני זוג זרים",1
"גיל מינימום לפתיחת חשבונות בפלטפורמות דיגיטליות",1
"גיל מינימלי להטלת מגבלות על עברייני מין",1
"גיל מינימלי לכהונת ששר וסגן שר",1
"גיל מינימלי לרישיון נשק ללוחמים משוחררים שנפצעו",1
"גיל מרבי לאישור אומן לילדים",1
"גיל פטור משירות מילואים",1
"גילוי מידע חסוי מטעם רגולטור פיננסי לפי שיקול דעת ציבורי",1
"גירוש בני משפחה של מחבלים לצורכי הרתעה",1
"גירוש בני משפחה של פעילי טרור",1
"גירוש מחבלים משוחררים",1
"גירוש מסתננים בשל ביצוע עבירות או הגשת כתב אישום",1
"גירוש מסתננים בשל ביצוע עבירות פליליות או הגשת כתב אישום",1
"גירוש מסתננים המעורבים בפלילים",1
"גירוש מסתננים התומכים במשטר מדינת מוצאם",1
"גירוש מסתננים שביצעו עבירות פליליות או שהוגש נגדם כתב אישום",1
"גירוש מסתננים תומכי משטר",1
"גירוש מסתננים תומכי משטר ארץ מוצאם",1
"גירוש משוחררים מעונש מאסר לשטחי הרשות הפלסטינית",1
"גישה להליך פונדקאות ליחידים ולבני זוג ללא הגבלת מין",1
"גישה לערכאות לעמותות במימון זר",1
"גישה מקוונת ושידור חי מהמצלמות להורים",1
"גישה פתוחה לתמונת פנים בשבב תעודת זהות ואיסור אגירתה",1
"גישת הורים לצילומים במעונות יום לפעוטות",1
"גישת חברי הכנסת למערכות מידע תקציביות ממשלתיות",1
"גישת יורשים לנתונים ביומטריים של נפטר",1
"גמול והחזר הוצאות לחברי מועצה ברשויות המקומיות",1
"גמול והחזר הוצאות לחברי מועצת רשות מקומית",1
"גמול כספי לחיילים בשירות סדיר לקראת שחרור",1
"גמישות בהעברות תקציביות בין משרדים ותוכניות",1
"גמישות במניין ימי מניעת מפגש עם עורך דין לכלואים",1
"גמישות במתווה עסקאות שבויים בעת מלחמה",1
"גמישות בניצול שעת היעדרות לבני זוג של משרתים במילואים",1
"גמישות ברישוי ניוד זכויות בנייה לצורך חיזוק מבנים",1
"גמישות ניהולית וניהול תקציבי בבתי ספר",1
"גמישות שעות עבודה ויצירת סוף שבוע ארוך",1
"גמישות תקציבית והעברת עודפים במפעל ההזנה",1
"גמלאות לילדים עם לקויות שמיעה",1
"גמלה לדיכאון לאחר לידה",1
"גמלה לדיכאון סב לידתי",1
"גמלה לנשים הסובלות מדיכאון לאחר לידה",1
"גמלת אבל למבוטחים שנעדרו מעבודה עקב פטירת קרוב",1
"גמלת אבל לעובדים ולעצמאים",1
"גמלת הבטחת הכנסה להורים עצמאיים",1
"גמלת סיעוד למעסיקי עובדים זרים",1
"גמלת שמירת היריון חלקית",1
"דחיית גיל זכאות לרישיון נהיגה בשל עבירות בכלים חשמליים",1
"דחיית היוועצות עצור עם עורך דין",1
"דחיית היטל השבחה אגב פירוד בני זוג",1
"דחיית המועד הקובע לחובת התאגוד האזורי במים וביוב",1
"דחיית המועדים הקבועים בחוק תאגידי מים וביוב",1
"דחיית חקיקה בעלת עלות מוניציפלית ללא שיפוי ממשלתי",1
"דחיית מועד בדיקות תקופתיות למתקני גז ביתיים",1
"דחיית מועד בדיקות תקופתיות למתקני גז בנסיבות מיוחדות",1
"דחיית מועד ביטול התכנון בענף ההטלה",1
"דחיית מועד תחולת ההגבלה על הפעלת חברות גבייה פרטיות",1
"דחיית מועד תחולת חובות שקיפות בבנקים",1
"דחיית מועד תחילה של הרחבת הסדרי נגישות וסיוע לבעלי חיים",1
"דחיית מועדי דיווח ותכנון תקציבי בעת חירום",1
"דחיית מועדים בהליכי אכיפה ועיצומים כספיים",1
"דחיית מועדים בהליכי אכיפה חלופית בשעת חירום",1
"דחיית מועדים בהליכי מס בשעת חירום",1
"דחיית מועדים בחוזים ובתשלומים לרשות בשל מצב חירום",1
"דחיית מועדים והארכת תקופות מול רשויות ציבוריות במצב חירום",1
"דחיית מועדים והסדרת הסרת אסבסט בכלי טיס צבאיים",1
"דחיית מועדים להחלת רגולציה על כלי ירייה דמויים",1
"דחיית מניין חודשי זכאות לנקודות זיכוי לחיילים משוחררים",1
"דחיית מניין תקופות זכאות להטבות לחיילים הממשיכים למילואים בתום השירות הסדיר",1
"דחיית מניין תקופות זכאות להטבות לחיילים משוחררים הממשיכים למילואים",1
"דחיית מס רווח הון בהשקעה חוזרת בחברת הזנק",1
"דחיית נקודות זיכוי במס הכנסה לחייל משוחרר עצמאי",1
"דחיית נקודות זיכוי ממס לחיילים משוחררים בתקופת לימודים",1
"דחיית שירות ושילוב תלמידי ישיבות",1
"דחיית תחולת הגבלות על הנחות חניה לתושבים",1
"דחיית תשלום דמי שכירות למקרקעין מסחרי לחיילי מילואים",1
"דחיית תשלום היטל השבחה אגב גירושין",1
"דחיית תשלומי מע""מ לעסקים קטנים בתקופת חירום",1
"דחיית תשלומי משכנתה למשרתי מילואים",1
"דחיית תשלומים לרשויות עקב שירות מילואים",1
"דיווח אנונימי ותגמול כספי על החזקת אמצעי לחימה בלתי חוקיים",1
"דיווח גורמי רווחה על מבקשי רישיון נשק",1
"דיווח הכנסת ופרסום אסטרטגיית הביטחון הלאומי",1
"דיווח ותכנון רב שנתי של שירות התעסוקה",1
"דיווח חודשי מרוכז על עמלות וריביות בבנקים",1
"דיווח משטרתי על הליכים פליליים בעבירות טרור נגד תלמידים",1
"דיווח משטרתי על הליכים פליליים נגד תלמידים",1
"דיווח נתוני עיסוק עובדים למוסד לביטוח לאומי",1
"דיווח עובדים סוציאליים על מבקשי רישיון נשק",1
"דיווח פרלמנטרי על הטרדות מיניות בגופי ביטחון",1
"דיווח פרלמנטרי על הטרדות מיניות בצהל",1
"דיווח פרלמנטרי על טיפול בהטרדות מיניות בגופי ביטחון",1
"דיווח פרלמנטרי על תלונות והתמודדות עם הטרדות מיניות בגופי ביטחון",1
"דיווח שנתי ופיקוח פרלמנטרי על מגן דוד אדום",1
"דיווח שנתתי לכנסת על תקציבי בריאות הנפש וגבייה",1
"דין משמעתי לחיילי מילואים בעבירות מין",1
"דין משמעתי לרבני ערים",1
"דין קדימה לעסקים קטנים בהליכי חדלות פירעון",1
"דיני מעצר לקטינים בעבירות חמורות",1
"דירוג תגי נכה והקצאת חניות נכים בהתאם",1
"דמי אבטלה למבוטחים צעירים הורים לילדים",1
"דמי אבטלה לעצמאים",1
"דמי ביטוח לאומי בגין פגיעה בעבודה",1
"דמי ביטוח לאומי דיפרנציאליים למעסיקים בגין פגיעות בעבודה",1
"דמי ביטוח לאומי לסטודנטים בחוץ לארץ",1
"דמי ביטוח לאומי לסטודנטים הלומדים בחוץ לארץ",1
"דמי ביטוח לאומי מופחתים למעסיקי עולים חדשים",1
"דמי ביטוח מופחתים למעסיקי עולים חדשים",1
"דמי ביטוח נפגעי עבודה לעובדים מהבית",1
"דמי ליווי לעיוורים",1
"דמי מחלה בגין ליווי בן משפחה לבדיקה רפואית",1
"דמי קיום מינימליים לעצמאים בעת חירום",1
"דרגת נכות אוטומטית לחטופים ששוחררו",1
"דרגת נכות מדומה לחטופים ששוחררו",1
"דרגת נכות מוקדמת לחטופים משוחררים",1
"דרישה לקיום דיון חוזר בהחלטות ועדת משנה",1
"דרישות אבטחת סייבר בענף הרכב",1
"דרישות הכשרה ומינוי אחראי בטיחות לעיסוק בחומרים הודפים",1
"דרישות כשירות והכשרה לרכזי ביטחון",1
"דרישות כשירות והתנגדות למינוי נושאי משרה בלשכות אשראי",1
"דרישות כשירות למינוי ממונה תעסוקה לאנשים עם מוגבלות",1
"דרישות כשירות רפואית ומניעת הפליה ברישוי מקצועות רפואה ובריאות",1
"דרישות סף מקצועיות לעובדים סוציאליים בתחום הנוער",1
"דרישות עבר פלילי ואישור להפעלת משפחתונים",1
"דרישות פרוצדורליות לקבלת היתר ייצוא קנאביס",1
"דרישת אישור היועץ המשפטי לממשלה לחקירה והעמדה לדין של ראשי רשויות מקומיות",1
"דרישת אישור היועץ המשפטי לממשלה לעבירות הסתה",1
"דרישת אישור הכנסת לפתיחה בהליך פלילי או אזרחי נגד חבר הכנסת",1
"דרישת אישור חשמל לחיבורים קיימים לעומת חדשים",1
"דרישת אישור רפואי כשירות לעובדים במעונות",1
"דרישת אישור רפואי למטפלים-מחנכים במעונות יום לפעוטות",1
"דרישת אישורי חובות כתנאי לרישום במקרקעין",1
"דרישת גיליון הרשעות בעבירות טרור ממועמדים לעבודה",1
"דרישת הכשרה במשפט העברי לשופטים",1
"דרישת הליך תחרותי למינוי נציב שירות המדינה",1
"דרישת הסכמה בכתב ובתצהיר לעניין שיפוט בענייני מעמד אישי",1
"דרישת הסכמת בעלי הזכויות להגשת בקשה באמצעות מורשה להיתר",1
"דרישת הסמכה רשמית לכהונה באסיפה הבוחרת רבנים",1
"דרישת הסמכה רשמית לכהונת רב באסיפה הבוחרת",1
"דרישת התחייבות פיצוי ממדינות מבקשות בעזרה משפטית",1
"דרישת ייפוי כוח נוטריוני לעסקאות משכנתה מול הבנק",1
"דרישת כשירות ביטחונית לממלא מקום ראש הממשלה",1
"דרישת כתב להסכמת צדדים להתדיינות בבית דין דתי",1
"דרישת מבבחן הסתברותי בעבירות הסתה לטרור",1
"דרישת מבחן פסיכומטרי כתנאי קבלה למוסדות להשכלה גבוהה",1
"דרישת ניסיון ניהולי במגזר הפרטי לבכירים בשירות המדינה",1
"דרישת סיוע להרשעה על סמך הודיה",1
"דרישת עניין אישי לזכות העמידה בבג״צ",1
"דרישת פה אחד להרשעה בפלילים",1
"דרישת רוב למיגון בבתים מורכבים",1
"דרישת רוב מיוחד בחקיקה בעלת השפעה תקציבית על שלטון מקומי",1
"דרישת רוב מיוחד בחקיקה בעלת עלות לרשויות המקומיות",1
"דרישת רוב מיוחד למסקנות אישיות נגד נבחרי ציבור",1
"דרישת רוב מיוחד לשינוי החוקה וחוקי היסוד",1
"דרישת רוב מיוחד לשינוי מבנה הממשלה",1
"דרישת רוב מיוחס לחקיקת סעיפים כובלים בחוקי יסוד",1
"דרישת רוב מיוחס לשינוי חוק יסוד",1
"דרישת רישוי לאירועים דתיים וטקסים המונים קהל רב",1
"דרישת רישיון לעיסוק בייעוץ ביטוח ארוך טווח",1
"דרישת רשות לערעור פלילי מטעם המדינה",1
"דרישת תואר אקדמי במכרזי שירות המדינה",1
"דרך מינוי הממונה על התחרות ומשך כהונתו",1
"דרך מינוי התובע הכללי ומשך כהונתו",1
"דרכי גביית חובות מזונות על ידי הביטוח הלאומי",1
"דרכי גביית חובות של תאגידי מים וביוב",1
"דרכי מינוי מועצת תאגיד השידור הציבורי",1
"דרכי מסירת הודעות על חובות ארנונה",1
"האזנת סתר וחדירה למחשבים באמצעות כלים טכנולוגיים",1
"האצת הליכי תכנון ובנייה בחבל תקומה",1
"הארכת גיל ההתנדבות בשירות אזרחי למתמודדי נפש במוסדות חינוך מיוחד",1
"הארכת גיל הזכאות לקצבת ילדים",1
"הארכת דמי לידה לבני זוג של משרתים",1
"הארכת הוראות מעבר ותקופות היערכות לכירופרקטיקה",1
"הארכת הוראות שעה והרחבת יבוא רכב בהיקף זעיר",1
"הארכת הוראות שעה לייבוא רכב משומש ובידי יבואן זעיר",1
"הארכת הוראת השעה לאיסור צריכת זנות",1
"הארכת הוראת שעה לאכיפה ופיקוח עירוני",1
"הארכת הוראת שעה לגביית חובות רשויות מקומיות",1
"הארכת הוראת שעה לגיל פרישה הורים שילדם נפטר",1
"הארכת הוראת שעה להגנה על עובדים בשעת חירום",1
"הארכת הוראת שעה להגנת סייבר במגזר האחסון והשירותים הדיגיטליים",1
"הארכת הוראת שעה להעלאת גיל הפטור משירות מילואים",1
"הארכת הוראת שעה לחופשה מיוחדת לאסירים לצורך הפחתת צפיפות",1
"הארכת הוראת שעה לחיפוש משטרתי ללא צו",1
"הארכת הוראת שעה לחישוב תגמולי מילואים לעצמאים",1
"הארכת הוראת שעה לכליאת לוחמים בלתי חוקיים",1
"הארכת הוראת שעה למניעת שידורים זרים הפוגעים בביטחון המדינה",1
"הארכת הוראת שעה למסלול עיכוב הליכים והסדרי חוב",1
"הארכת הוראת שעה למצב חירום כליאתי ותנאי כליאה",1
"הארכת הוראת שעה לעניין חופשה מיוחדת לאסירים לצורך הקלה על הצפיפות במתקני הכליאה",1
"הארכת הוראת שעה לעניין מיסוי תשלומים בתקופת בחירות",1
"הארכת הוראת שעה לעניין תקופת מאסר בעבודות שירות",1
"הארכת הוראת שעה לעניין תקופת עבודות שירות",1
"הארכת הוראת שעה לפיצול בתים צמודי קרקע",1
"הארכת הוראת שעה לפעילות מערך השיטור העירוני",1
"הארכת המועד לחיבור מבנים ללא היתר לתשתיות",1
"הארכת המועדים לביצוע ההפרדה של חברות כרטיסי חיוב",1
"הארכת הצבת חיילי חובה בשב״ס והמרתם בסוהרים",1
"הארכת זכאות לדמי אבטלה למשרתי מילואים",1
"הארכת זכאות לדמי לידה לבני זוג של משרתי ביטחון ומילואים",1
"הארכת זכאות לשירותי חינוך מיוחד בשעת חירום",1
"הארכת חוזה שכירות במצב חירום",1
"הארכת חוזי חכירה לדורות וזכות קדימה לחוכרים",1
"הארכת חופשת לידה ודמי לידה להורי פגים",1
"הארכת חופשת לידה ודמי לידה לפעוט עם מוגבלות",1
"הארכת חופשת לידה והורות להורי פעוט עם מוגבלות מורכבת",1
"הארכת כהונת הרבנים הראשיים וחברי מועצת הרבנות הראשית",1
"הארכת כהונת הרבנים הראשיים ומועצת הרבנות הראשית",1
"הארכת כהונת קאדי שילדו נפטר מעבר לגיל פרישה",1
"הארכת כהונת רבנים ראשיים וחברי מועצת הרבנות הראשית",1
"הארכת מועד לבקשת מימון בחירות ברשויות המקומיות",1
"הארכת מועד לחתימת הסכמי שכר קיבוציים לייצוב פיסקלי",1
"הארכת מועדי אכלוס ותוקף צווי הריסה מינהליים",1
"הארכת מועדי מעצר מניעה וביקורת שיפוטית לוחמים בלתי חוקיים",1
"הארכת מועדים ודחיית תשלומים לחיילי מילואים בשירות פעיל",1
"הארכת מנגנון האכיפה המינהלית והאמצעי החלופי כהוראת שעה",1
"הארכת מנגנון קביעת מחיר המטרה לחלב והסדרת חישוב עלויות הייצור",1
"הארכת מצב חירום כליאתי",1
"הארכת מצב חירום כליאתי והחריגה מתקני מחיה",1
"הארכת מצב חירום כליאתי וחריגה מתנאי מחיה",1
"הארכת משך ההצבעה בקלפיות מיוחדות לחיילים בבחירות לרשויות המקומיות",1
"הארכת משך שמירת חומרי הצילום",1
"הארכת משך שמירת צילומי האבטחה",1
"הארכת עונש מיזערי חובה בעבירות נשק",1
"הארכת פטור ממס למחלימים מחלת הסרטן",1
"הארכת פטור ממסים לתאגידי מים וביוב",1
"הארכת רישיון הולכת גז טבעי",1
"הארכת רישיון עבודה לעובדים זרים בסיעוד עבור אוכלוסיות מורכבות",1
"הארכת רישיונות עבודה לעובדי סיעור זרים בהוראת שעה",1
"הארכת רישיונות עבודה לעובדים זרים בחקלאות",1
"הארכת רישיונות שהייה לעובדי סיעוד זרים ששהו בישראל בתקופת הקורונה",1
"הארכת תוקף הוראות שעה לכליאת לוחמים בלתי חוקיים",1
"הארכת תוקף הוראת השעה לעניין שחרור מנהלי מורחב",1
"הארכת תוקף הוראת שעה בדבר פעילות יחידת שחרור מינהלית",1
"הארכת תוקף הוראת שעה בעניין כליאת לוחמים בלתי חוקיים",1
"הארכת תוקף הוראת שעה בעניין עבירת צריכת פרסומי טרור",1
"הארכת תוקף הוראת שעה להמתת כלבים משוטטים באזורי עימות",1
"הארכת תוקף הוראת שעה להרחבת הסכמים קיבוציים בעת מלחמה",1
"הארכת תוקף הוראת שעה לכליאת לוחמים בלתי חוקיים",1
"הארכת תוקף הוראת שעה למניעת שידורים זרים הפוגעים בביטחון המדינה",1
"הארכת תוקף הוראת שעה למסלול עיכוב הליכים והסדרי חוב",1
"הארכת תוקף הוראת שעה לסמכויות התמודדות עם תקיפות סייבר במגזר הדיגיטלי",1
"הארכת תוקף הוראת שעה לסמכויות התערבות בסייבר",1
"הארכת תוקף הוראת שעה לפתיחת קברים לצורך זיהוי גנטי",1
"הארכת תוקף הוראת שעה של מערך השיטור העירוני",1
"הארכת תוקף הטבות מס ומענקים להורים",1
"הארכת תוקף הטבות מס לפרויקטים של חיזוק מבנים מפני רעידות אדמה",1
"הארכת תוקף השחרור המינהלי המורחב",1
"הארכת תוקף והגברת פיקוח פרלמנטרי על ועדת המשנה לשינוי ייעוד",1
"הארכת תוקף וניתוק הזיקה למצב הלחימה של סמכויות חדירה למחשב",1
"הארכת תוקף חופשה מיוחדת לאסירים בשל צפיפות במתקני הכליאה",1
"הארכת תוקף חופשה מיוחדת לאסירים לצורך הפחתת צפיפות",1
"הארכת תוקף חוק איסור התערבות גנטית",1
"הארכת תוקף חוק הדיור הציבורי זכויות רכישה",1
"הארכת תוקף חוק הותמ״ל",1
"הארכת תוקף חוק שירות לאומי־אזרחי",1
"הארכת תוקף חיבור מבנים ללא היתר לרשת החשמל",1
"הארכת תוקף מניעת מפגש עצור בעבירת ביטחון עם עורך דין",1
"הארכת תוקף מעצר מנהלי או מבצעי לחשודים בעבירות ביטחון במצב חירום",1
"הארכת תוקף סמכויות חדירה למחשב למטרות ביטחוניות",1
"הארכת תוקף סמכויות חדירה למחשב למצלמות נייחרות",1
"הארכת תוקף סמכויות חדירה למחשב עבור צהל ושבכ",1
"הארכת תוקף סמכויות חירום להקמת מגורים למפונים בפטור מתכנון",1
"הארכת תוקף סמכות חיפוש משטרתי ללא צו",1
"הארכת תוקף עונשי מינימום בעבירות נשק",1
"הארכת תוקף צווים זמניים לתפיסת רכוש טרם הגשת כתב אישום",1
"הארכת תוקף רישיונות רכב בשעת חירום",1
"הארכת תוקף שחרור מינהלי מורחב",1
"הארכת תוקף שחרור מינהלי מורחב ותקן כליאה",1
"הארכת תוקף תקנות חירום למניעת מפגש עצור ביטחוני עם עורך דין",1
"הארכת תוקף תקנות שעת חירום ביהודה והשומרון",1
"הארכת תוקף תקנות שעת חירום למניעת מפגש עם עורך דין לעצורים ביטחוניים",1
"הארכת תוקף תקנות שעת חירום למניעת מפגש עצור ביטחוני עם עורך דין",1
"הארכת תחולת הוראות השעה ומועדי כליאה ללוחמים בלתי חוקיים",1
"הארכת תקופה להסדרה תכנונית של מיזמים בנגב",1
"הארכת תקופות הקובעות להקלות לסטודנטים המשרתים בכוחות הביטחון",1
"הארכת תקופות לעניין דירה יחידה ודירת מגורים מזכה",1
"הארכת תקופת אחריות בגין ימי תיקון ואחריות על חלקים חלופיים",1
"הארכת תקופת אחריות בשל תיקון מוצר",1
"הארכת תקופת דחיית מועדים בחוזים, פסקי דין ותשלומים לרשות",1
"הארכת תקופת דמי הלידה וההורות",1
"הארכת תקופת ההתיישנות בעבירות מין בקטינים",1
"הארכת תקופת הוראת השעה לחוק כליאת לוחמים בלתי חוקיים",1
"הארכת תקופת הזכאות הרטרואקטיבית לגמלאות בביטוח הלאומי",1
"הארכת תקופת הזכאות לדמי אבטלה לצעירים",1
"הארכת תקופת החזר של הלוואה לדיור",1
"הארכת תקופת הלידה וההורות הכוללת ותשלום דמי לידה מדורגים",1
"הארכת תקופת המעבר להסדרי חניה מקומיים",1
"הארכת תקופת המעבר להקלות רגולטוריות בערוצים ייעודיים וזעירים",1
"הארכת תקופת העסקה לעובדים זרים בחקלאות בחבל התקומה",1
"הארכת תקופת העסקה של עובדים זרים בחקלאות",1
"הארכת תקופת השעיה דחופה לעובדים במוסדות קטינים וחסרי ישע",1
"הארכת תקופת השעיה דחופה של עובד מדינה",1
"הארכת תקופת התוקף של חוק סמכויות הקורונה",1
"הארכת תקופת התיישנות בתביעות ביטוח עקב הגשת תלונה",1
"הארכת תקופת התיישנות בתביעות ביטוח עקב הגשת תלונה לממונה",1
"הארכת תקופת התיישנות להגשת תביעה לגמלת שארים",1
"הארכת תקופת התיישנות לתביעות בגין פגיעה מינית בעבודה",1
"הארכת תקופת התיישנות לתביעת גמלה בגין פגיעה מינית",1
"הארכת תקופת התיישנות תביעות ביטוח בעקבות הגשת תלונה",1
"הארכת תקופת התשלום הרטרואקטיבי של גמלאות",1
"הארכת תקופת התשלום הרטרואקטיבי של גמלאות בעקבות הגשת תביעה באיחור",1
"הארכת תקופת זכאות לדמי אבטלה לשכיר שהפך לעצמאי",1
"הארכת תקופת זכאות למימון לימודים עקב שירות מילואים ומצבי חירום",1
"הארכת תקופת חסינות גמלאות ותגמולים מפני עיקול בבנקים",1
"הארכת תקופת חפיפה לפטור ממס שבח במכירת דירה נוספת ריקה",1
"הארכת תקופת לידה וההורות ודמי לידה להורי פעוט עם מוגבלות",1
"הארכת תקופת לידה וההורות ודמי לידה להורי פעוט עם מוגבלות מורכבת",1
"הארכת תקופת לידה והורות ודמי לידה להורי פעוט עם מוגבלות מורכבת",1
"הארכת תקופת לידה והורות ודמי לידה להורים לפעוט עם מוגבלות",1
"הארכת תקופת לידה והורות ודמי לידה לפעוט עם מוגבלות",1
"הארכת תקופת מניעת מפגש בין עצור בעבירת ביטחון לבין עורך דין",1
"הארכת תקופת מעבר והקלות אסדרה לערוצים ייעודיים וזעירים",1
"הארכת תקופת מעבר לבדיקות בטיחות מתקני גז טבעי",1
"הארכת תקופת מעבר להכרה בגופים בשירות אזרחי",1
"הארכת תקופת מעבר למסלול רישוי על יסוד תצהיר",1
"הארכת תקופת מעצר לפני אישום בעבירות ביטחון במצב חירום",1
"הארכת תקופת סילוק פולשים במקרקעין בכוח",1
"הארכת תקופת פירעון לניירות ערך מסחריים",1
"הארכת תקופת שהייה באומנת חירום במצבי חירום",1
"הארכת תקופת שמירת הצילומים",1
"הארכת תקופת תוקף למעצרים מנהליים ומיוחדים בעבירות ביטחון",1
"הארכת תקופת תוקפם של צווי פיקוח ורגולציה בענף הרכב",1
"הבחנה בין חשבון פרטי לחשבון עסקי והגדרת רפי סכום להטלת הגבלה על שיקים ללא כיסוי",1
"הבחנה בין מכסת ימי מחלה אישית למכסת היעדרות בשל מחלת ילד",1
"הבחנה בין סמכויות מינהליות לשיפוטיות של מפקחי מקרקעין",1
"הבטחת ביטחון תזונתי ואספקת מזון בשעת חירום",1
"הבטחת גישה ואספקת מזון בשעת חירום",1
"הבטחת גישה ואספקת מזון לציבור ולאוכלוסיות פגיעות בשעת חירום",1
"הבטחת הכנסה לאזרחים ותיקים",1
"הבטחת הכנסת מינימום לאזרחים ותיקים",1
"הבטחת זמינות אמצעי ייצור לחקלאים",1
"הבטחת ייצוג מגדרי באסיפה הבוחרת",1
"הבטחת ייצוג נשי חובה באסיפה הבוחרת של הרבנות הראשית",1
"הבטחת מימון ממשלתי מינימלי בחוק לגוף ציבורי",1
"הבטחת פיצויים כתנאי לפינוי מתחמי שיקום",1
"הבטחת תמורה מינימלית לעוסקי פלטפורמה",1
"הבטחת תקצוב מינימלי לעידוד תעסוקה בנגב",1
"הבטחת תקצוב מינימלי לפיתוח ותעסוקה בנגב",1
"הבטחת תקציב מינימום לרשות החדשנות",1
"הבטחת תקציב מינימום קבוע למועצה הישראלית לצרכנות",1
"הבטחת תקציב מינימום שנתי לתמיכה במוסיקה ישראלית",1
"הבטחת תקציב מינימלי ייעודי וסמכות למסלולים נוספים בחקלאות",1
"הבטחת תשלומי פנסיה תקציבית ברשויות מקומיות",1
"הבטחת תשלומי פנסיה תקציבית לגמלאי הרשויות המקומיות",1
"הבניית שיקול דעת ודרישת אישור משפטי מוקדם לגירוש",1
"הבעת עמדת נפגעי עבירה במעמד גזר הדין",1
"הגבלה וריכוז של אירועי הדלקה בהילולת מירון",1
"הגבלות אמצעי תשלום ופעילות בנקאית לסרבני גט",1
"הגבלות בנייה ביישובים ביהודה ושומרון",1
"הגבלות וחסמים על שירותי וציוד תקשורת לבקשת מנוי",1
"הגבלות ותקופת צינון לשופטים לאחר פרישה",1
"הגבלות כלכליות וסנקציות נגד גורמים המסייעים לבית הדין בהאג",1
"הגבלות על אמצעים משטרתיים בפיזור הפגנות ואחריות נזיקית",1
"הגבלות על הוצאת צווי נתוני תקשורת וביצוע חיפושים אצל עיתונאים",1
"הגבלות על חייבים משרתי מילואים",1
"הגבלות על מחירי מבצע ומכירות מיוחדות",1
"הגבלות על פיטורים והוצאה לחל״ת בזמן חופשת לידה",1
"הגבלות שיווק ופרסום של תרכובות מזון לתינוקות במוסדות בריאות",1
"הגבלת אחזקות צולבות בין מבטחים, מתווכים ומוסכים",1
"הגבלת אכיפה וענישה על בנייה בלתי חוקית במצוקת דיור",1
"הגבלת אכיפת עבירות בנייה בלתי חוקית למגורים",1
"הגבלת אכיפת עבירות בנייה ללא היתר",1
"הגבלת אכיפת עבירות בנייה למגורים בהיעדר פתרון דיור",1
"הגבלת אמצעים והוספת חובת תיעוד בהפעלת מכתזית",1
"הגבלת אמצעים והטלת חובות תיעוד בהפעלת מכת""זיות",1
"הגבלת ביקורים ומפגשים לאסירים ביטחוניים",1
"הגבלת בעלות חברות הנפקה וכרטיסי אשראי על סוכנויות ביטוח",1
"הגבלת בעלות חברות כרטיסי אשראי על סוכנויות ביטוח",1
"הגבלת גיל לפתיחת חשבונות ברשתות חברתיות",1
"הגבלת גיל מינימלי לשימוש ברשתות חברתיות ואחריות המפעילים",1
"הגבלת גישה ושהייה בהילולת מירון",1
"הגבלת גישה ושיווק של גז קצפות לצרכנים",1
"הגבלת גישה לערכאות של בעל דין טרדן",1
"הגבלת גישת קטינים לתכנים פוגעניים ברשת",1
"הגבלת דמי חבר ודמי טיפול ארגוני-מקצועי",1
"הגבלת דמי חבר ודמי טיפול בארגוני עובדים",1
"הגבלת דמי חניה במוסדות רפואיים",1
"הגבלת דמי ניהול בקרנות פנסיה",1
"הגבלת דמי ניהול לעמית שסיים את עבודתו",1
"הגבלת הגשת תובענות ייצוגיות בידי תובעים סדרתיים",1
"הגבלת ההנצחה הממלכתית לחללי פעולות איבה אזרחי ישראל",1
"הגבלת ההצבעה בקלפיות מותאמות לבעלי מוגבלויות",1
"הגבלת הוצאת כספים ורכוש בידי שהים בלתי חוקיים",1
"הגבלת החוק הנורווגי במצב של הפסקת כהונת כלשרי הסיעה",1
"הגבלת הכרה בידועים בציבור חדשים",1
"הגבלת הלוואות במזומן בידי גופים פיננסיים מפוקחים",1
"הגבלת העסקת שוטרים ואיוש מח""ש בידי אנשי רשות חינוך שיפוטית",1
"הגבלת הפגנות ליד בתי מגורים של נבחרי ציבור ועובדי מדינה",1
"הגבלת הפגנות ליד בתי מגורים של עובדי מדינה",1
"הגבלת הפגנות מול בתים פרטיים של אנשי ציבור",1
"הגבלת הפעלת תחבורה ציבורית בימי מנוחה",1
"הגבלת הפקדות כספיות ומימון לאסירים ביטחוניים",1
"הגבלת הרחבת היתרי הימורים והגרלות",1
"הגבלת הרכב האסיפה הבוחרת בבחירות הראשונות",1
"הגבלת הרכבת ממשלה על ידי מועמד המצוי בחקירה פלילית",1
"הגבלת השימוש בחלקי חילוף לשיפור רכב",1
"הגבלת השימוש בתאורה מהבהבת במקומות ציבוריים",1
"הגבלת השתתפות עצמית בתרופות מרשם",1
"הגבלת התמודדות ראשי ועדות קרואות בבחירות לרשויות המקומיות",1
"הגבלת התערבות בתי המשפט בהליכי בוררות מסחרית בין-לאומית",1
"הגבלת זגישה של זרים לבית המשפט בענייני כניסה",1
"הגבלת זכאות לקצבת ילדים לפי מספר הילדים במשפחה",1
"הגבלת זכות העמידה בבג״ץ",1
"הגבלת זכות העמידה בבית המשפט העליון",1
"הגבלת זכות השביתה בתקופת בחירות",1
"הגבלת זמן לסמכות מתן הוראות שוטר לציבור",1
"הגבלת זמן נסיעה בחינוך מיוחד",1
"הגבלת זניחת מים ומקלחות לאסירים ביטחוניים",1
"הגבלת חומרי ההפעלה של מכתזיות",1
"הגבלת חומרי תוספת בהפעלת מכתזית",1
"הגבלת חופש העיסוק ותניות אי-תחרות בחוזי עבודה",1
"הגבלת ייבוא צאן לשחיטה",1
"הגבלת יצוא ביטחוני למדינות המטילות אמברגו על ישראל",1
"הגבלת יציאה מהארץ והוצאת דרכון לחייבים",1
"הגבלת כהונה במוסדות מקצועיים",1
"הגבלת כהונה של בכירים במערכת החינוך",1
"הגבלת כהונת יושב ראש ועד עובדים",1
"הגבלת כהונת שר ביותר ממשרד ממשלתי אחד",1
"הגבלת כניסה ושהייה באירועים המוניים",1
"הגבלת כניסה ושהייה במתחם מירון באמצעות מערך היתרים וכרטיסי נסיעה",1
"הגבלת מגורים ועבודה של מורשעים בטרור בסביבת נפגעי עבירה",1
"הגבלת מוסד דובר האסירים הביטחוניים",1
"הגבלת מזון ומוצרי צריכה לאסירים ביטחוניים",1
"הגבלת מחיר כרטיסי טיסה לרשויות ציבוריות",1
"הגבלת מימון עצמי ומשפחתי של נבחרי ציבור",1
"הגבלת מינוי שרים לפי גודל סיעה",1
"הגבלת מיקום מגורים ועבודה של מורשעים בטרור ביחס לנפגעי עבירה",1
"הגבלת מיקום מגורים ועבודה של משוחררים מעבירות אלימות חמורה סמוך לנפגעי העבירה",1
"הגבלת מיקום נקודות מכירה של קנביס רפואי סמוך לבתי ספר",1
"הגבלת מכירה והשכרה של דירות נרכשות בדיור הציבורי",1
"הגבלת מכירת שטחי פרסום באינטרנט לרוכשי מדיה גדולים",1
"הגבלת מנגנון התפזרות הכנסת ואישור תקציב",1
"הגבלת מס שכר למלכורים בירושלים",1
"הגבלת מספר המועמדים לשיפוט שכל חבר ועדה רשאי להציע",1
"הגבלת מספר התלמידים בכיתה",1
"הגבלת מספר התלמידים בכיתה בבתי ספר יסודיים",1
"הגבלת מספר התרומות והקמת מרכז רישום ארצי",1
"הגבלת מספר חברי הממשלה וסגני השרים",1
"הגבלת מספר כהונות דירקטור במקביל",1
"הגבלת מספר תאגידי המים האזוריים",1
"הגבלת מספר תיקים לעובד סוציאלי",1
"הגבלת מספר תקופות הכהונה של ראש הממשלה",1
"הגבלת מספר תקופות הכהונה של ראש רשות מקומית",1
"הגבלת מרחק שיבוץ עובדי הוראה",1
"הגבלת מרשמי קנאביס רפואי לרופאים מומחים ורופאי משפחה",1
"הגבלת משך הזמן להגשת כתב אישום",1
"הגבלת משך הזמן להליך גירושין בבתי הדין הרבניים",1
"הגבלת משך הכהונה של רב ראשי לישראל",1
"הגבלת משך הכהונה של שופטי בית המשפט העליון",1
"הגבלת משך המעצר עד תום ההליכים",1
"הגבלת משך זמן הדיון בתביעות גירושין",1
"הגבלת משך חקירה משטרתית",1
"הגבלת משך כהונה של רב עיר",1
"הגבלת משך מנוי להגרלות והימורים ואיסור חידוש אוטומטי",1
"הגבלת משך סמכות הרחקה מנהלית",1
"הגבלת משך תקופת ההפקעה לצורכי ציבור",1
"הגבלת ניכוי הוצאות במזומן ודרישת חשבוניות",1
"הגבלת נסיעות שרים וסגני שרים לחוץ לארץ ושקיפותן",1
"הגבלת נתח רכש מדיה",1
"הגבלת נתח שטח מדף לספקים גדולים בענף המזון",1
"הגבלת סבסוד ממשלתי לרכישת דירה לפריפריה בלבד",1
"הגבלת סוגי המזון המותרים בהסעדה מוסדית וציבורית",1
"הגבלת סכום ההשתתפות העצמית בתרופות מרשם",1
"הגבלת סכום חיוב מרבי בעסקאות מבוססות צריכה",1
"הגבלת סכום חיוב מרבי בעסקאות צריכה מתמשכות",1
"הגבלת סמכות בתי דין דתיים מפגיעה בזכויות מגן חוקיות",1
"הגבלת סמכות המדינה להנפקת תעודות אלקטרוניות מאושרות",1
"הגבלת עומס התיקים לעובד סוציאלי",1
"הגבלת עומס התיקים לעובדים סוציאליים המטפלים במשפחות",1
"הגבלת עיצומים ושביתות בכבאות והצלה",1
"הגבלת עיקול מיטלטליו של קשיש",1
"הגבלת עיקול מיטלטלין של חייבים קשישים",1
"הגבלת עמלות בגין הרשאה לחיוב וביטולה",1
"הגבלת עמלות בגין פעולות והרשאות לחיוב",1
"הגבלת עמלות בעסקאות מכר מרחוק לכרטיסי מופע",1
"הגבלת עמלת ערבות בנקאית המובטחת בפיקדון",1
"הגבלת עמלת ערבות בנקאית המובטחת בפיקדון כספי",1
"הגבלת עמלת פירעון מוקדם בהלוואות לדיור",1
"הגבלת ערוצי מדיה לאסירים ביטחוניים המקבלים תשלומים מהרשות הפלסטינית",1
"הגבלת פגיעה בצרכנים בשל חובות צד שלישי (ספקים וחברות ניהול)",1
"הגבלת פיטורי עובדים אלמנים",1
"הגבלת פיצוי ללא הוכחת נזק לאישי ציבור ותאגידים בלשון הרע",1
"הגבלת פיתוח ובנייה בשטחים פתוחים ומקורות מים בירושלים",1
"הגבלת פסקת ההגבלה וביקורת שיפוטית",1
"הגבלת פעילות אנשי דת בלתי מורשים בכוחות הביטחון",1
"הגבלת פעילות עסקים ובתי אוכל ביום זיכרון ממלכתי",1
"הגבלת פעילות עסקית ומסחרית ביום אבל לאומי",1
"הגבלת פריטת והחלפת שטרות במזומן",1
"הגבלת פרסום ושיווק מזון לא בריא וסימון תזונתי במסעדות",1
"הגבלת פרסום משקאות אנרגיה לקטינים",1
"הגבלת פרסום פרטים וצילומים של חיילים בעת מילוי תפקידם",1
"הגבלת פרסומת של משקאות אנרגיה לקטינים",1
"הגבלת צווי הבאה בחובות כספיים נמוכים",1
"הגבלת צילום ופרסום דמותם של חשודים טרם הגשת כתב אישום",1
"הגבלת ריבית על הלוואות לדיור",1
"הגבלת ריכוז חומרים פעילים והקפדת בדיקות אצווה",1
"הגבלת שהייה והסדרת גישה להילולת מירון",1
"הגבלת שומן טראנס במזון",1
"הגבלת שידורים ופעילות של ערוצים זרים בעת חירום",1
"הגבלת שיווק, פרסום ומכירת מוצרי הימורים לאוכלוסיות רגישות",1
"הגבלת שימוש בדמויות של נפטרים בתעמולת בחירות",1
"הגבלת שימוש בטלפונים חכמים במוסדות חינוך",1
"הגבלת שימוש בנתונים רפואיים וזהות מחלות בהליכי רישוי עיסוק",1
"הגבלת שימוש ברכב ממשלתי בימי מנוחה בידי נבחרי ציבור",1
"הגבלת שימוש וחובת סודיות במידע שהופק מחדירה למחשב",1
"הגבלת שימוש ועבירת סודיות במידע מחשב מושג",1
"הגבלת שימוש, אגירה וענישה ספציפית על הפרת סודיות מידע מועבר",1
"הגבלת שיעור המס על דלק",1
"הגבלת שכר בכירים ותגמול חריג בספקים וקמעונאים גדולים",1
"הגבלת שכר טרחה באי-שימוש במסלול מקוצר",1
"הגבלת שכר טרחה במימוש זכויות לנכי כוחות הביטחון ונפגעי איבה",1
"הגבלת שכר טרחה למכתבי התראה לגביית חוב",1
"הגבלת שכר טרחה למכתבי התראה לפני גביית חוב",1
"הגבלת שכר טרחת כונסי נכסים",1
"הגבלת שכר טרחת מארגן ומנגנון ביטול הסכם ארגון",1
"הגבלת שכר טרחת עורך דין בתביעות נכי צה״ל",1
"הגבלת שכר טרחת עורך דין דיירים בהתחדשות עירונית",1
"הגבלת שכר טרחת עורכי דין בחובות נמוכים",1
"הגבלת שליטה של בנקים בסולקים בעלי היקף פעילות רחב",1
"הגבלת שמירת מידע וענישה על שימוש לרעה",1
"הגבלת שעות עבודה למתמחים ברפואה",1
"הגבלת שעות קשירת כלבים",1
"הגבלת תביעות כספיות נגד גופים קטנים",1
"הגבלת תביעות פיצויים ללא הוכחת נזק במחלוקות תמלוגים",1
"הגבלת תגמול כספי לתורמי זרע",1
"הגבלת תגמול משתנה והקמת קופה ייעודית לקיזוז הפסדים",1
"הגבלת תובענות ייצוגיות נגד עסקים זעירים",1
"הגבלת תחבורה ציבורית בימי מנוחה",1
"הגבלת תחולת דין תורה מול זכויות מגן חקוקות",1
"הגבלת תנאי שחרור הפוגעים בזכות ההפגנה",1
"הגבלת תניות אי-תחרות והעסקה מינימלית בחוזי עבודה",1
"הגבלת תעריף אגרת רישיון רכב",1
"הגבלת תעריפי חניה בבתי חולים",1
"הגבלת תעריפי נסיעה בקו שירות מקומי",1
"הגבלת תעריפי שינויים בדירות חדשות",1
"הגבלת תקופות כהונה לראשי רשויות מקומיות",1
"הגבלת תקופת הכהונה של ראש הממשלה",1
"הגבלת תקופת הכהונה של רבני עיר",1
"הגבלת תקופת כהונה לראשי ארגוני עובדים",1
"הגבלת תקופת כהונה של יועץ משפטי ברשות מקומית",1
"הגבלת תקופת כהונה של מנהלי בתי ספר",1
"הגבלת תקופת כהונה של מנהלי מחלקות בבתי חולים",1
"הגבלת תקרת חיוב בעסקאות צריכה מתמשכת",1
"הגבלת תרומות לעמותות ממקורות עקיפים של מדינות ללא יחסים דיפלומטיים",1
"הגבלת תשלום בעד טיפול בתביעה מול המוסד לביטוח לאומי",1
"הגבלת תשלום בעד טיפול בתביעות לגמלת סיעוד",1
"הגבלת תשלום בעד טיפול בתביעות לתגמולי ביטוח סיעודי",1
"הגבלת תשלום השתתפות עצמית על תרופות מרשם",1
"הגבלת תשלומים במזומן ואיסור התרת הוצאות",1
"הגדלת הייצוג הנשי באסיפה הבוחרת רבנים ראשיים",1
"הגדלת המענק השנתי למנטרלי צ'רנוביל ופטור מהיחשבות כהכנסה",1
"הגדלת הקצאות מים והזלת תעריפים לחקלאות בחבל תקומה",1
"הגדלת והרחבת הרכב האסיפה הבוחרת את הרבנים הראשיים",1
"הגדלת מסגרת התקציב לשנת 2024",1
"הגדלת מסגרת תקציב המדינה לשנת הכספים",1
"הגדלת מספר חברי הכנסת לסיעות הקואליציה",1
"הגדלת מענק לידה למשפחות ברוכות ילדים",1
"הגדלת מענק שנתי לניצולי שואה שעלו לאחר שנת 1953",1
"הגדלת סיוע במימון אזכרות למשפחות שכולות",1
"הגדלת פיצוי סטטוטורי ללא הוכחת נזק בעוולת הפליה",1
"הגדלת קצבאות ילדים",1
"הגדלת קצבאות ילדים ומענקי לידה והארכת גיל הזכאות",1
"הגדלת קצבת אזרח ותיק",1
"הגדלת קצבת ילדים בעונת החגים",1
"הגדלת קצבת ילדים למשרתים",1
"הגדלת תגמול המינימום למשרתים במילואים בחירום",1
"הגדלת תקציב המדינה לשנת הכספים",1
"הגדלת תקציב הסיוע למשפחות נפגעי תאונות דרכים ומנגנון העדכון שלו",1
"הגדלת תקציב הסיוע למשפחות נפגעי תאונות דרכים ועדכונו השנתי",1
"הגדלת תקציב משרד הביטחון",1
"הגדלת תקציב תשלום ריבית ועמלות",1
"הגדלת תקרת הגירעון בתקציב המדינה",1
"הגדלת תקרת הגירעון ומסגרת ההוצאה הממשלתית לשנת 2026",1
"הגדלת תקרת ההכנסה מעבודה למקבלי קצבת נכות (דיסריגארד)",1
"הגדלת תקרת ההפקדה השנתית בקופות גמל להשקעה",1
"הגדלת תשלום חודשי לפדויי שבי",1
"הגדרת אלימות במשפחה והכללת שליטה בכפייה ואלימות כלכלית",1
"הגדרת אלימות במשפחה והכללת שליטה בכפייה וילדים נפגעים",1
"הגדרת אסירים ביטחוניים כקבוצת שוויון נפרדת",1
"הגדרת אסירים ביטחוניים כקבוצת שוויון נפרדת ותנאי כליאתם",1
"הגדרת בני זוג וידועים בציבור כאלמנים של חללי צהל",1
"הגדרת גזענות בחוק הפלילי",1
"הגדרת גזענות והסתה כלפי האוכלוסייה החרדית",1
"הגדרת הורה שכול והכרה בהורים אומנים",1
"הגדרת היקף החריג לתפקידים דתיים בחוק שיווי זכויות האישה",1
"הגדרת הפליה בחקיקה כללית",1
"הגדרת הפליה מחמת נטייה מינית או זהות מגדרית בדין הכללי",1
"הגדרת הפליה מחמת נטייה מינית או זהות מגדרית בחוק הפרשנות",1
"הגדרת התקהלות אסורה עקב הנפת דגלים",1
"הגדרת זכאות ומתן סל שירותים לצעירים חסרי עורף משפחתי",1
"הגדרת חבל התקומה כאזור מיקוד לאומי",1
"הגדרת חבל התקומה כאזור מיקוד לאומי והקמת מינהלת תקומה",1
"הגדרת חבל התקומה כאזור מיקוד לאומי לשיקום מרחיב",1
"הגדרת חברת שכבה במבנים פירמידליים",1
"הגדרת חג המימונה כיום בחירה לעובדים",1
"הגדרת חוב המותר בניכוי משכר עבודה",1
"הגדרת יום זיכרון רשמי לנכבה ודרכי ציuנו",1
"הגדרת ייבוא וייצוא בלתי חוקי של נשק כעבירת טרור חמורה",1
"הגדרת כשירות לכהונה כרב באסיפה הבוחרת",1
"הגדרת כשירות לכהונת רב באסיפה הבוחרת",1
"הגדרת כשירות למינוי במצב של ווקום משפטי ברבנות הראשית",1
"הגדרת מדינות אויב ומדינות עוינות ומנגנון ההכרזה עליהן",1
"הגדרת מדינות תומכות טרור והכלים המדיניים והכלכליים נגדן",1
"הגדרת מהגרים בלתי חוקיים ואמצעי האכיפה נגדם",1
"הגדרת מחזיק בכלב בהקשר של פרויקטי לכידה, עיקור והשבה",1
"הגדרת מחיר מופרז וטורפני למונופול",1
"הגדרת מחלות נדירות והכללתן במנגנון המימון הממשלתי",1
"הגדרת מטרות הביטוח הלאומי",1
"הגדרת מיהו רב לעניין האסיפה הבוחרת",1
"הגדרת מצג כשרותי ואיסור סימון אלטרנטיבי",1
"הגדרת מקומות קדושים בחקיקה ראשית",1
"הגדרת נהיגה בהשפעת קנאביס כנהיגה בשכרות",1
"הגדרת נכס דיגיטלי בפקודת מס הכנסה",1
"הגדרת נסיבות מחמירות בעבירות הברחה",1
"הגדרת סוכן חוץ בעבירות ביטחון",1
"הגדרת סיעות אופוזיציה וכינון תפקיד ראש האופוזיציה ברשויות מקומיות",1
"הגדרת סירוב מתן שירות בבנקים עקב סנקציות זרות כסירוב בלתי סביר וקביעת פיצוי עונשי",1
"הגדרת סכסוך עבודה סביב שינויים מבניים במשק",1
"הגדרת עבודות מועדפות לחיילים משוחררים",1
"הגדרת עבירות המין ואיחודן תחת חוק עצמאי",1
"הגדרת עבירות מין מגדריות ואיחודן תחת עבירת האינוס",1
"הגדרת עבירות ניהול שירותי שמירה ללא רישיון כעבירות מקור לפי חוק איסור הלבנת הון",1
"הגדרת עבירות נשק חמורות כעבירות טרור",1
"הגדרת עבירת דמי חסות וקביעת עונשי מינימום",1
"הגדרת עבירת הפרת אמונים של עובד ציבור",1
"הגדרת עבירת מרמה והפרת אמונים של עובדי ציבור",1
"הגדרת פיקדונות ללא תנועה ואיסור גביית עמלות",1
"הגדרת צעירים חסרי עורף משפחתי ומנגנון זכאות לסל שירותים",1
"הגדרת קמעונאי גדול בחוק המזון והפארם",1
"הגדרת קמעונאי גדול בחוק התחרות במזון",1
"הגדרת רצועת עזה כאזור עוין ואיסור יחסי מסחר",1
"הגדרת רשות מקומית בחוקי פיתוח אזורי",1
"הגדרת תחומי פעילות ואחריות שרים",1
"הגדרת תינוקות באשפוז ממושך כקטינים נזקקים",1
"הגדרת תנאי סף והכרה חובה במסגרות חינוך לגיל הרך",1
"הגדרת תפקידי מפכ""ל המשטרה וכפיפותם להתוויית מדיניות השר",1
"הגדרת תפקידי סייעות במוסדות חינוך",1
"הגדרת תפקידים ואחריות מקצועית לתומכות חינוך",1
"הגדרת תפקידים שבחוק לסייעות במוסדות חינוך",1
"הגדרת תשלומי הרשות הפלסטינית למחבלים כאשרור מעשה טרור לעניין פקודת הנזיקין",1
"הגנה ופיצוי לחושפי שחיתות בעבודה",1
"הגנה חוקתית על הזכות לדיור",1
"הגנה מאחריות פלילית לאנשי כוחות ביטחון כנגד מתפרצים למתקנים צבאיים וביטחוניים",1
"הגנה מפני החזרת תגמול מילואים לעצמאים",1
"הגנה מפני הטרדה מינית לעצמאים, מתנדבים ועובדי פלטפורמה",1
"הגנה מפני עיקול על כספי סיוע ממשלתיים להורים עצמאיים",1
"הגנה מפני פיטורים והוצאה לחל״ת לבני זוג של משרתמיי מילואים",1
"הגנה מפני פיטורים ופגיעה בשכר לפצועי מילואים מאושפזים",1
"הגנה מפני פיטורים לבני ובנות זוג של משרתי מילואים",1
"הגנה מפני פיטורים לבני זוג של משרתי כוחות ביטחון ומילואים",1
"הגנה מפני פיטורים לבני משפחה שכולות",1
"הגנה מפני פיטורים לבני משפחה של חטופים, שבויים, נעדרים או הורים באומנה",1
"הגנה מפני פיטורים לבני משפחות שכולות",1
"הגנה מפני פיטורים לעובדים שהתפנו מבתיהם בשל מצב חירום",1
"הגנה מפני פיטורים לעובדים שפונו מבתיהם בשעת חירום",1
"הגנה מפני פיטורים עקב היעדרות להשגחה על ילד",1
"הגנה מפני תביעות השתקה",1
"הגנה מפני תביעות לשון הרע על הגשת תלונות לממונים ולרשויות",1
"הגנה משפטית גורפת לפתיחה באש על חשודים בטרור",1
"הגנה משפטית על חופש מהתאגדות",1
"הגנה משפטית על מעמד אתרים לאומיים ורגשות הציבור",1
"הגנה משפטית על תושבים ותיקים מפני הליכי סילוק יד",1
"הגנה על ביטחונם וזכויותיהם של מאושפזים פסיכיאטרים",1
"הגנה על בני זוג של משרתי מילואים מפני פיטורים",1
"הגנה על בתי כנסת ותיקים מפני שינוי ייעוד ושימוש במקרקעין",1
"הגנה על בתי תפילה ותיקים במקרקעין ציבוריים",1
"הגנה על דירוג אשראי במצב מיוחד בעורף",1
"הגנה על דירוג אשראי בתקופת משבר",1
"הגנה על הורים שילדם נפטר מפני פרישת חובה",1
"הגנה על הורים שילדם נפטר מפני פרישת חובה כהוראה קבועה",1
"הגנה על הקצאות קרקע למוסדות ציבור וחובת פיצוי בגין ביטולן",1
"הגנה על זכאות לדמי אבטלה למשרתי מילואים בחירום",1
"הגנה על זכויות ובטחון אישי של מאושפזים פסיכיאטריים",1
"הגנה על חולים במחלה ממארת מפני פיטורים והפליה",1
"הגנה על חולים במחלה ממארת מפני פיטורים והפליה בעבודה",1
"הגנה על חופש התארגנות ושביתה לעצמאים",1
"הגנה על חושפי שחיתויות במשטרה ובשירות בתי הסוהר",1
"הגנה על חושפי שחיתויות במשטרת ישראל",1
"הגנה על חייבים קשישים מפני עיקול מיטלטלין",1
"הגנה על טלפונים ניידים ומחשבים אישיים מפני עיקול",1
"הגנה על כספים המיועדים לצרכי קיום בסיסי מפני עיקול",1
"הגנה על מענקי חירום מפני עיקול",1
"הגנה על מענקי פיצוי ומקדמות מפני עיקולים ושעבודים",1
"הגנה על משרתי מילואים מפני פיטורים",1
"הגנה על משרתי מילואים מפני פיטורים לאחר שירות",1
"הגנה על משתתפים חופשיים (עצמאים תלויים) מפני סיום התקשרות עקב שירות מילואים",1
"הגנה על עובדות בהריון ובחופשה מפני פיטורים בתקופת חל""ת",1
"הגנה על עובדים מפני פיטורים בשעת חירום",1
"הגנה על עובדים מפני פיטורים עקב השגחה על ילדים במצב חירום",1
"הגנה על עולים חדשים מבוגרים מפני הונאות פיננסיות",1
"הגנה על עיתונאים מפני הטרדה מאיימת ופיצויים ללא הוכחת נזק",1
"הגנה על פיצויים מפני עיקול ושעבוד",1
"הגנה על פרטיות העובד בעבודה מרחוק",1
"הגנה על קטינים ומניעת חשיפה לתוכן פוגעני במרחב הדיגיטלי",1
"הגנה על קטינים מתוכן פוגעני באמצעות אומדן גיל באינטרנט",1
"הגנה על תקופת ההגנה מפני פיטורים בחל״ת",1
"הגנה על תשלומי ביטוח רפואי מפני עיקול",1
"הגנה על תשלומי קיום לחיילים ולמשרתי שירות לאומי-אזרחי עולים חדשים",1
"הגנה על תשלומים למשרתים בשירות אזרחי-לאומי ובשירות אזרחי מאת משרד העלייה והקליטה",1
"הגנה על תשלומים מאת משרד העלייה והקליטה לחיילים עולים מפני עיקול ושעבוד",1
"הגנה על תשלומים ממשלתיים לעולים חדשים המשרתים בשירות סדיר או אזרחי",1
"הגנה על תשתיות תת-ימיות וקווי גז מפני פעילות דיג",1
"הגנה עצמית בנסיבות של אלימות במשפחה",1
"הגנה עצמית מפני בקבוק תבערה",1
"הגנה פלילית והחמרת ענישה על תקיפת נהגי אוטובוס ציבורי",1
"הגנה פלילית לאנשי כוחות ביטחון הודפים פולשים למתקנים",1
"הגנה פלילית לאנשי כוחות ביטחון הודפים פולשים למתקנים ביטחוניים",1
"הגנה פלילית לאנשי כוחות הביטחון בהדיפת מסיגי גבול למתקנים ביטחוניים",1
"הגנה פלילית לחושפי שחיתות ומתריעים במערכת הביטחון",1
"הגנה פלילית לכוחות ביטחון הודפים חדירה למתקנים",1
"הגנה פלילית לנהגי אוטובוס ציבורי",1
"הגנה פלילית על התואר גננת",1
"הגנה פלילית על התואר גננת ואיסור התחזות",1
"הגנה פלילית על חיילי צה״ל מפני איסוף ומסירת מידע לרשויות זרות",1
"הגנה פלילית על חיילים מפני הפרעה והעלבדה",1
"הגנה פלילית על חיילים מפני הפרעה והעלבויות",1
"הגנה פלילית על מתחמי מורשת ועתיקות",1
"הגנה פלילית על נהגי אוטובוס ציבורי מפני תקיפה",1
"הגנה תעסוקתית לבני משפחה של פדויי שבי",1
"הגנות דיוניות ופרטיות לנפגעי עבירות מין ואלימות במשפחה בהליך אזרחי",1
"הגנות מפני אישום בהפרת אמונים לעובדי ציבור",1
"הגנות על קטינים נפגעי עבירה בהליך אזרחי",1
"הגנת כספי ביטוח רפואי מפני עיקול",1
"הגנת סטודנטים משרתי מילואים מפני הפסקת לימודים",1
"הגנת עצמאים ממילואים מפני חובות למוסד לביטוח לאומי",1
"הגנת פרטיות ושימוש במידע אישי בתעמולת בחירות",1
"הגנת קשישים בהליכי עיקול מיטלטלין",1
"הגנת תקציב הביטחון מפני קיצוצים רוחביים",1
"הגשת בקשה והכנת תכנית טיפול לקטינים מעל גיל 14 ללא הסכמת הורים",1
"הגשת רשימות מועמדים באופן ממוכן",1
"הדחת חבר כנסת מכהן בידי הכנסת",1
"הדחת חבר מועצה מכהן בשל תמיכה בטרור",1
"הדחת חברי הכנסת בידי חבריהם",1
"הדחת חברי כנסת בידי הכנסת",1
"הדחת נבחרי ציבור בשלטון המקומי",1
"הדחת נבחרי ציבור בשלטון המקומי התומכים במאבק מזוין או פועלים נגד המדינה",1
"הדחת נבחרי ציבור מחמת הפרת הבטחת בחירות",1
"הדחת נבחרי ציבור עקב הפרת הבטחת בחירות",1
"הדחת נבחרי רשויות מקומיות בשל פעילות נגד המדינה",1
"הדחת סגני ראשי רשויות וחברי מועצה המעורבים בפעילות נגד מדינת ישראל",1
"ההרכב והכשירות לכהונה בבית הדין המשמעתי לקאדים",1
"ההרכב של הוועדה לבדיקת מינויי דירקטורים",1
"הובלת אופניים בתחבורה ציבורית ללא תשלום",1
"הודעה מוקדמת והגבלת ביטול הרשאה לחיוב עקב היעדר יתרה",1
"הודעה מוקדמת ושקיפות במועד שחרור מנהלי",1
"הודעה מוקדמת על חובות ביטוח לאומי והפחתת קנסות",1
"הונאת תעודות רשמיות מונגשות לבעלי מוגבלות בראיה",1
"הונגשות תעודות רשמיות לבעלי מוגבלות בראיה",1
"הוספת ביטוי אישי בקדמת המצבה הצבאית",1
"הוספת גופים ציבוריים ומוסדות מדינה למערך ניוד המידע הרפואי",1
"הוספת דמויי כלי ירייה למשטר הרישוי והפיקוח",1
"הוספת דמי פיגורים לחייבים המשלמים בתשלומים",1
"הוספת חובת מסירת גיליון אלקטרוני ועיגון מבנה אחיד לתלוש שכר",1
"הוספת חובת ניהול פנקס נסיעות והטלת סנקציות פליליות בגין אי-תשלום דמי נסיעה",1
"הוספת חינוך פיננסי למטרות מערכת החינוך הממלכתית",1
"הוספת יחידות דיור בבנייה למניין תושבי הרשות המקומית",1
"הוספת ימי מחלה בשל מחלת ילד שאינם על חשבון מכסת העובד",1
"הוספת כיסאות גלגלים ממונעים לילדים לסל שירותי הבריאות",1
"הוספת לימודי פסיכומטרי למערכת החינוך העל-יסודי",1
"הוספת מבנה מחוזק כחריגה מותרת מתכנית",1
"הוספת מגנזיום למי שתייה מותפלים",1
"הוספת מנגנון התראה מינהלית באכיפת דיני מקורות אנרגיה",1
"הוספת מניעת חרם חברתי לחוק זכויות התלמיד",1
"הוספת סמלים דתיים לשטרי כסף",1
"הוספת עבירות סחר בערכי טבע כמקור להלבנת הון",1
"הוספת עבירות רישוי שירותי שמירה לעבירות המקור בחוק איסור הלבנת הון",1
"הוספת פסקת התגברות לחוק יסוד כבוד האדם וחירותו",1
"הוספת פסקת התגברות לחוק-יסוד: כבוד האדם וחירותו",1
"הוספת קנבוס רפואי לסל שירותי הבריאות",1
"הוספת שוויון מגדרי למטרות החינוך הממלכתי",1
"הוספת תנאי זכייה באזורי בחירה כתנאי לכניסה לכנסת",1
"הוקרה והכרה רשמית לחיילי מילואים מצטיינים",1
"הוקרה ממלכתית לאזרחים נושאי נשק שהצילו חיים",1
"הוראות אפוטרופסות לנפגעי כתות פוגעניות",1
"הוראות מיוחדות לתכנון ובנייה מואצות בחבל תקומה",1
"הוראות מעבר ודרישת לימודי השלמה לבעלי תואר אקדמי מהרשות הפלסטינית",1
"הוראות מעבר וסמכויות דיון בתוכניות תלויות ועומדות",1
"הוראות פתיחה באש במרחב חיץ גבולי",1
"הוראת חינוך פיננסי ואוריינות פיננסית בבתי הספר",1
"הוראת מורשת יהדות ברית המועצות לשעבר במערכת החינוך",1
"הוראת מורשת יהודי ברית המועצות לשעבר בחינוך הממלכתי",1
"הוראת עקרונות מגילת העצמאות במערכת החינוך",1
"הוראת קבע לחוק מניעת פגיעת גוף שידורים זר",1
"הוראת שעה ומנגנון הארכה",1
"הוראת שעה לעניין שיווק בפועל של ציוד רפואי מהאיחוד האירופי",1
"הוראת שעה לעניין שימוש בפרטי גישה של לקוחות שהם תאגידים",1
"הורדת גיל הזכאות למענק עבודה",1
"הורדת הרף הכמותי למיזמי תשתית תיירות",1
"הורדת סף שבוע היריון להגדרת לידה",1
"הורדת רף ההסתברות בעבירות הסתה לטרור",1
"הורדת רף היסוד הנפשי בעבירת הסתה לגזענות",1
"הורדת רף כמות הפעוטות לתחולת פיקוח על מעונות יום",1
"הורדת רף שבוע ההיריון להגדרת לידה וזכויות סוציאליות בלידה שקטה",1
"הורדת רף שבוע ההריון המזכה בדמי לידה במקרה של לידה שקטה",1
"הורדת רף תחולת הפיקוח הממשלתי על מסגרות לגיל הרך",1
"הורשה והעברת זכויות פיצוי במקרקעין",1
"הזכות לחינוך ומניעת אפליה ברישום לילדים בהשמה חוץ-ביתית",1
"הזכות לחינוך ושיוויון ברישום למוסדות חינוך לילדים במסגרות חוץ-ביתיות",1
"הזנה בכפייה לאסירים שובתי רעב",1
"הזנה ממלכתית לנוער בסיכון בחינוך העל-יסודי",1
"הזנת תלמידים בבתי ספר על-יסודיים לנוער בסיכון",1
"החлаה הדרגתית של חוקים ותכניות סיוע",1
"החזקת בעלי חיים וניודם במוסדות חינוך ותרבות",1
"החזקת גופות מחבלים כקלף מיקוח",1
"החזקת מכשיר פריצה אלקטרוני לכלי רכב",1
"החזקת מכשיר פריצה אלקטרונית לכלי רכב",1
"החזקת רכב מנועי וזכאות להבטחת הכנסה",1
"החזקת תשמישי קדושה וקיום מצוות בידי אסירים ועצירים",1
"החזר אגרה עקב עומסי תנועה והאטה בכבישי אגרה",1
"החזר אגרת אמבולנס ללא אשפוז",1
"החזר אובדן הכנסה לבני משפחה של נכים תקופת אשפוז ולאחריה",1
"החזר בגין אובדן הכנסה לבני משפחה של נכים משוחררי אשפוז",1
"החזר דמי נסיעה באמבולנס לאזרחים ותיקים שלא אושפזו",1
"החזר דמי נסיעה באמבולנס לגיל פרישה",1
"החזר דמי נסיעה באמבולנס לחולים פטורים וחולים סיעודיים",1
"החזר הוצאות אמבולנס לאזרחים ותיקים שלא אושפזו",1
"החזר הוצאות אמבולנס למטופלי בריאות הנפש ללא אשפוז",1
"החזר הוצאות בגין נישואין אזרחיים בחוץ לארץ",1
"החזר הוצאות ואכיפה מנהלית על שירותי בריאות שנרכשו בדחיפות טרם החלטת הנציב",1
"החזר הוצאות לקרובי משפחה של פדויי שבי מאושפזים או הזקוקים להשגחה",1
"החזר הוצאות לקרובים המלווים פדויי שבי מאושפזים או נזקקי השגחה",1
"החזר הוצאות מועמדים וסיעות עקב דחיית בחירות",1
"החזר הוצאות נישואין אזרחיים בחוץ לארץ",1
"החזר הוצאות נסיעה באמבולנס למטופלי בריאות הנפש ללא דרישת אשפוז",1
"החזר הוצאות נסיעה במונית לבית חולים",1
"החזר הוצאות נסיעה לטיפולים רפואיים",1
"החזר הוצאות נסיעה לטיפולים רפואיים מצילי חיים",1
"החזר הוצאות נסיעה לטיפולים רפואיים מצילים חיים",1
"החזר הוצאות פינוי באמבולנס לחולים שנפטרו טרם אשפוז ולחולים סיעודיים קשישים",1
"החזר הוצאות פינוי באמבולנס למבוטחים שנפטרו טרם אשפוז",1
"החזר הוצאות פינוי באמבולנס למטופלים שנפטרו או לקשישים סיעודיים",1
"החזר הוצאות פינוי באמבולנס למתמודדי נפש",1
"החזר הוצאות פינוי באמבולנס למתמודדי נפש שלא אושפזו",1
"החזר הוצאות פינוי לבית חולים במונית",1
"החזר הוצאות רטרואקטיבי בגין טיפול במכורים",1
"החזר הוצאות רפואיות בדיעבד במצבי חירום",1
"החזר כספי בגין עומס בכבישי אגרה",1
"החזר מע״מ בגין בניית מרחב מוגן",1
"החזר שכר לימוד בגין שעות לימוד שלא התקיימו עקב שביתה",1
"החזר תגמול מילואים לעצמאים עקב ירידה בהכנסות",1
"החזרי מס רכישה לציוד לעיוורים",1
"החזרת מפוני בירעם ואיקרית לבתיהם",1
"החזרת סמכויות משק המים לרשויות המקומיות",1
"החלטה מקדמית והבטחת ודאות תכנונית בפרויקטים של חיזוק מבנים",1
"החלטה מקדמית ווודאות תכנונית לפרויקטים של חיזוק מבנים",1
"החלפת המונח בית חולים לבית רפואה בחקיקה",1
"החלפת המונח נכה במונח אדם עם מוגבלות בחקיקת הביטוח הלאומי",1
"החלפת מונח הבעילה במונח חדירה בעבירות מין",1
"החלפת רישום סימן מסחר לאומי ברישום בין־לאומי באופן חלקי",1
"החלת אחריות פלילית ועבירות על הפרת איסורי בעלי חיים",1
"החלת איסור הטרדה מינית והסדרי הגנה על עובדים עצמאים ועובדי כלכלת פלטפורמה",1
"החלת איסור הטרדה מינית על נותני שירותים חיוניים לציבור",1
"החלת איסור הטרדה מינית על עובדים עצמאים ועובדי פלטפורמה",1
"החלת איסור הטרדה מינית על עצמאים, פלטפורמות ומתנדבים",1
"החלת איסור הפליה על רשתות חברתיות",1
"החלת ביקורת מבקר המדינה על יד ושם",1
"החלת דיני התחרות על ענף החקלאות",1
"החלת דיני חוזה סוכנות מסחרי על יחסים בין מבטח לסوכן",1
"החלת דיני חיפוש מחשב על טלפון סלולרי",1
"החלת דיני טוהר מידות ומגבלות ניגוד עניינים על חברי ועדה מייעצת",1
"החלת דיני קרקעות ותכנון ובנייה ישראליים ביהודה והשומרון",1
"החלת דיני שעות עבודה ומנוחה על עובדים זמניים ומשרות חלקיות",1
"החלת דינים והסדרת ניגודי עניינים במועצה להסדר הימורים",1
"החלת הדין האזרחי ותקופת המתנה על בני זוג רשומים",1
"החלת הדין הישראלי ודיני העונשין על האזורים הימיים והמתקנים בהם",1
"החלת הדין הישראלי על יישובים ביהודה ושומרון",1
"החלת המשפט הישראלי על שטחים ביהודה ושומרון",1
"החלת הריבונות הישראלית בבקעת הירדן",1
"החלת הריבונות הישראלית על יישובים בבקעת הירדן",1
"החלת הריבונות הישראלית על יישובים ביהודה ושומרון",1
"החלת הריבונות והדין הישראלי על יישובים ישראליים ביהודה ושומרון",1
"החלת התאמות והגנות בעדות קטינים בני 14 עד 15",1
"החלת זכויות עובדים על עצמאים תלויים",1
"החלת זכויות עובדים על עצמאים תלויים (משתתפים חופשיים)",1
"החלת זכויות קצבה והשוואת תנאים רטרואקטיבית לשארי חללי מילואים",1
"החלת זכויות קצבה רטרואקטיביות לשארי חללי מילואים",1
"החלת חובות דיווח ופיקוח על מפעלי מיון פסולת",1
"החלת חובות דיווח ופיקוח על מפעלי מתקני מיון פסולת",1
"החלת חובות הגנת הצרכן בעסקאות מתמשכות על גופים פיננסיים ובנקאיים",1
"החלת חובות הגנת צרכן בעסקאות קצובות על המגזר הפיננסי והבנקאי",1
"החלת חובות למניעת הטרדה מינית במוסדות חינוך קטינים",1
"החלת חובת הערכת השפעת רגולציה על תחום המיסים והאגרות",1
"החלת חובת התקנת מצלמות בגני ילדים",1
"החלת חובת התקנת מצלמות גם על גני ילדים",1
"החלת חוק הפיקוח על מעונות יום קטנים",1
"החלת חוק הרשות לפיתוח הנגב על יהודה ושומרון",1
"החלת חוק התכנון והבנייה באזור יהודה והשומרון",1
"החלת חוק זכויות החולה על פרמדיקים",1
"החלת חוק זכויות נפגעי עבירה בבתי משפט צבאיים",1
"החלת חוק זכויות נפגעי עבירה על בתי משפט צבאיים",1
"החלת חוק חופש המידע על ארגוני עובדים",1
"החלת חוק טיפול בחולי נפש על מתמכרים פסיכוטיים",1
"החלת חוק יום חינוך ארוך",1
"החלת חוק יסוד: משאל עם על יהודה ושומרון והמים הטריטוריאליים",1
"החלת חוק שעות עבודה ומנוחה על עובדי רשות הכבאות",1
"החלת חוקי מגן על אנשי צוות בהפקות המועסקים כקבלנים",1
"החלת חוקי קיום מצוות שמיטה ביהודה ושומרון",1
"החלת חקיקת הכנסת באזור יהודה והשומרון באמצעות צו אלוף",1
"החלת חקיקת הכנסת על יהודה ושומרון באמצעות צווים צבאיים",1
"החלת חקיקת מגן חברתית על עצמאים",1
"החלת חקיקת צער בעלי חיים באזור יהודה והשומרון",1
"החלת חקיקת תשתיות לאומיות באזור יהודה והשומרון",1
"החלת מגבלות מנהליות על גופים ואנשים בעלי זיקה לעוסק מפר",1
"החלת מנגנוני צדק חלוקתי מוניציפלי מעבר לקו הירוק",1
"החלת מנגנוני צדק חלוקתי מוניציפלי על רשויות מעבר לקו הירוק",1
"החלת מס בשיעור אפס על תרופות",1
"החלת מס יסף על מכירת דירות מגורים יוקרתיות",1
"החלת סמכויות אכיפה על רכישת שירותי בריאות דחופים טרם הכרעת נציב הקבילות",1
"החלת סמכות רשות העתיקות על יהודה והשומרון",1
"החלת עבירת תקיפת עובד ציבור על נהגי אוטובוס",1
"החלת רגולציית תחרות על רשתות פארם ומוצרי צריכה",1
"החלת רגולציית תחרות של שוק המזון על ענף מוצרי הצריכה ורשתות הפארם",1
"החלת ריבונות ישראלית באזור יהודה ושומרון",1
"החלת ריבונות ישראלית בבקעת הירדן וצפון ים המלח",1
"החלת ריבונות ישראלית ביהודה ושומרון ובבקעת הירדן",1
"החלת ריבונות ישראלית בשטחים",1
"החלת ריבונות ישראלית ודיני המדינה על שטחי יהודה ושומרון",1
"החלת ריבונות ישראלית וסמכויות ניהול במערת המכפלה",1
"החלת ריבונות ישראלית וסמכויות ניהול במתחם קבר יוסף",1
"החלת ריבונות ישראלית על בקעת הירדן",1
"החלת ריבונות ישראלית על יישובים בבקעת הירדן",1
"החלת ריבונות ישראלית על יישובים ביהודה ושומרון",1
"החלת ריבונות ישראלית על מעלה אדומים",1
"החלת ריבונות ישראלית על מתחם מערת המכפלה",1
"החלת ריבונות ישראלית על עיריות ביהודה והשומרון",1
"החלת ריבונות ישראלית על שטחים",1
"החלת ריבונות על שטחים נוספים ברמת הגולן",1
"החלתו של משטר נתוני אשראי על תאגידים",1
"החמרה בעבירות אלימות כלפי בני משפחה במסגרת התוספת לחוק",1
"החמרה ועונשי מינימום לעבירות נשק גנוב או מוברח",1
"החמרת אכיפה וענישה על חסימת צירי תנועה חיוניים",1
"החמרת אכיפה כלפי פגיעה בצרכנים פגיעים",1
"החמרת סנקציות פליליות בגין ניכוי שכר שלא כדין",1
"החמרת סנקציות פליליות על עבירות שכר",1
"החמרת עבירות פליליות בגין מגע עם סוכנים ממדינות אויב ועוינות",1
"החמרת עונשי מאסר וקביעת עונשי מינימום לעבירות סיוע לשהוים בלתי חוקיים",1
"החמרת עונשי מינימום בעבירות נשק",1
"החמרת ענישה בגין עבירות המבוצעות בזיקה לארגון פשיעה",1
"החמרת ענישה בגין עבירות שבוצעו בזיקה לארגון פשיעה",1
"החמרת ענישה בניצול מצבי חירום ואסונות",1
"החמרת ענישה בעבירות אלימות במשפחה בנוכחות קטין או חסר ישע",1
"החמרת ענישה בעבירות ביזה במצב חירום",1
"החמרת ענישה בעבירות ביזה במצב מיוחד בעורף",1
"החמרת ענישה בעבירות התעללות בקטין או חסר ישע",1
"החמרת ענישה בעבירות טרור",1
"החמרת ענישה בעבירות מין בידי בן משפחה פונקציונלי",1
"החמרת ענישה בעבירות מין בקטינים",1
"החמרת ענישה בעבירות מין על רקע לאומני וטרור",1
"החמרת ענישה בעבירות ממניע גזעני",1
"החמרת ענישה בעבירות על רקע הדרת נשים במרחב הציבורי",1
"החמרת ענישה בעבירות פגיעה ברכוש באזורים צבאיים ובסמוך לבסיסים",1
"החמרת ענישה בעבירות שמטרתן הדרת נשים במרחב הציבורי",1
"החמרת ענישה בעבירת פוליגמיה",1
"החמרת ענישה בשל ביצוע עבירות אלימות במשפחה בנוכחות קטינים או חסרי ישע",1
"החמרת ענישה ואמצעים כלכליים על שהייה בלתי חוקית מהאזור",1
"החמרת ענישה והגבלת שיקול דעת שיפוטי בעבירות תקיפה נגד אנשי כוחות הביטחון",1
"החמרת ענישה והטלת קנס מנהלי או משטרתי בגין החזקת נשק בלתי חוקי",1
"החמרת ענישה והרחבת אחריות בעבירות העמסת מטען",1
"החמרת ענישה והרחבת הגנת הטרדה מינית ממניע גזענות",1
"החמרת ענישה ועבירה ייעודית לתקיפת חיילים",1
"החמרת ענישה ועבירות הסלקת נשק",1
"החמרת ענישה ועבירות הקשורות בחלקי נשק ורכישתו",1
"החמרת ענישה ועבירות טרור",1
"החמרת ענישה ועבירות נסיבות מחמירות כלפי קשישים וחסרי ישע",1
"החמרת ענישה ועבירות נשק",1
"החמרת ענישה ועבירות פליליות בהפרת זכויות מבצעים",1
"החמרת ענישה ועבירת ייעוד לסחיטת דמי חסות",1
"החמרת ענישה ועבירת ייעוד לפריצה למתקנים ביטחוניים",1
"החמרת ענישה ועגינת עבירת נטילת דמי חסות",1
"החמרת ענישה ועונש מזערי על גניבה במצב חירום",1
"החמרת ענישה ועונש מינימום בעבירות כניסה לבסיס צבאי",1
"החמרת ענישה ועונש מינימום בתקיפת צוות רפואי",1
"החמרת ענישה ועונש מינימום לעבירות בטיחות והכשרה במעונות יום לפעוטות",1
"החמרת ענישה ועונשי מינימום בגין ירי מנשק חם שלא כדין",1
"החמרת ענישה ועונשי מינימום בעבירות בטיחות והכשרה במעונות יום לפעוטות",1
"החמרת ענישה ועונשי מינימום בעבירות ביזה בעת חירום",1
"החמרת ענישה ועונשי מינימום בעבירות שהייה בלתי חוקית",1
"החמרת ענישה ועונשי מינימום בעבירת סחיטה באיומים",1
"החמרת ענישה ועונשי מינימום בתקיפת צוות רפואי",1
"החמרת ענישה ועונשי מינימום לירי מנשק חם שלא כדין",1
"החמרת ענישה ועונשי מינימום על הסעת שוהים בלתי חוקיים",1
"החמרת ענישה ועונשי מינימום על ירי בלתי חוקי בנשק חם",1
"החמרת ענישה ועונשי מינימום על כניסה בלתי חוקית",1
"החמרת ענישה וקביעת עונשי מינימום בעבירות נשק",1
"החמרת ענישה וקנסות על עבירות קבלני כוח אדם",1
"החמרת ענישה כלכלית וחפצית בארגוני פשיעה",1
"החמרת ענישה לעבירות מין בקטינים",1
"החמרת ענישה לעבירת שהייה בלתי חוקית",1
"החמרת ענישה לעברייני אלימות חוזרים",1
"החמרת ענישה לעבריינים מועדים בעבירות טרור",1
"החמרת ענישה לעובד ציבור המבצע עבירת הסתה לגזענות",1
"החמרת ענישה על אי-דיווח על התעללות בחסר ישע",1
"החמרת ענישה על אלימות בכבישים",1
"החמרת ענישה על גניבה בזמן חירום או מצב מיוחד בעורף",1
"החמרת ענישה על הטרדה מינית ממניע גזעני או לאומני",1
"החמרת ענישה על הטרדה מינית של קטינים באמצעים טכנולוגיים",1
"החמרת ענישה על הפצת תוכן מיני של קטינים",1
"החמרת ענישה על הפרעה לאנשי כוחות הביטחון",1
"החמרת ענישה על הפרת צו הגנה",1
"החמרת ענישה על התחזות לאיש כוחות הביטחון ולמטרות פשיעה וטרור",1
"החמרת ענישה על זיוף ושימוש לרעה בתגי נכה",1
"החמרת ענישה על חבלה חמורה לקטין או חסר ישע בידי אחראי",1
"החמרת ענישה על כניסה לשדה המשחק",1
"החמרת ענישה על מכירה או ייבוא של חומרים מסוכנים לקטינים",1
"החמרת ענישה על מעסיקים בגין ניכוי שכר אסור",1
"החמרת ענישה על סיוע לארגוני טרור ולמדינות אויב",1
"החמרת ענישה על עבירות אלימות במרחב הציבורי",1
"החמרת ענישה על עבירות אלימות במשפחה בנוכחות קטין או חסר ישע",1
"החמרת ענישה על עבירות אלימות כלפי קטינים וחסרי ישע בידי אחראי",1
"החמרת ענישה על עבירות אليמות במקומות קדושים",1
"החמרת ענישה על עבירות ביטחון וסיוע לאויב",1
"החמרת ענישה על עבירות ביטחון וסיוע לאויב במלחמה",1
"החמרת ענישה על עבירות הברחה",1
"החמרת ענישה על עבירות כלפי אנשי צוות רפואי",1
"החמרת ענישה על עבירות פגיעה בעובדי ציבור",1
"החמרת ענישה על עבירות ציד וסחר בחיות בר",1
"החמרת ענישה על עבירות רכוש במצבי חירום",1
"החמרת ענישה על עבירות רכוש וביזה במצבי חירום",1
"החמרת ענישה על עבירות שמטרתן הדרת נשים במרחב הציבורי",1
"החמרת ענישה על עריכת טקס המרת דת לקטין",1
"החמרת ענישה על פגיעה באתרי הנצחה ולאומיים",1
"החמרת ענישה על פגיעה בכלי עבודה ובפשיעה חקלאית",1
"החמרת ענישה על פגיעה ברכוש בשטחים צבאיים ובסמוך לבסיסים",1
"החמרת ענישה על שימוש באמצעים פירוטכניים באירועי ספורט",1
"החמרת ענישה על תקיפה בדרך ציבורית",1
"החמרת ענישה על תקיפה במרחב הציבורי",1
"החמרת ענישה על תקיפה סתם של קטין או חסר ישע בידי אחראי",1
"החמרת ענישה על תקיפת אנשי כוחות ביטחון וההצלה בעת חירום",1
"החמרת ענישה על תקיפת עורכי דין במסגרת תפקידם",1
"החמרת ענישה על תקיפת עיתונאים ואנשי תקשורת",1
"החמרת ענישה על תקיפת צוות רפואי ועובדי חירום",1
"החמרת ענישה על תקיפת צוותי רפואה וחירום",1
"החמרת קנס מינהלי על כניסה לשדה משחק",1
"החמרת תנאי כליאה של אסירים ביטחוניים בעקבות אירוע חטיפה",1
"החמרת תנאים והגברת מעורבות רשם בעיקול מיטלטלין בבית החייב",1
"החרגת אישורים והיתרים ספציפיים מהארכה אוטומטית",1
"החרגת אסירים ביטחוניים מהשחרור המינהלי",1
"החרגת גביית חובות ארנונה ישנים מחובת ההפרשה לקרן הארנונה",1
"החרגת דיילות יופי ויועצות טיפוח מהגבלות תשלום בשווה כסף",1
"החרגת החזרי הוצאות נסיעה ותוספת חלף חנייה מחישובי שכר וסוציאליות",1
"החרגת החזרי הוצאות נסיעה מחישוב שכר לעניין זכויות סוציאליות",1
"החרגת הכנסה ממבחן ההכנסה בדמי מזונות",1
"החרגת הכנסות פנסיה מחוץ לארץ מתשלום דמי ביטוח והרחבת מבחני הכנסה להבטחת הכנסה",1
"החרגת הסכמים בין חקלאים מחוק התחרות הכלכלית",1
"החרגת חבל התקומה מתכניות מתאר ארציות בספורט",1
"החרגת חשודים ומורשעים בעבירות ביטחון ממנגנון עזיבה מרצון",1
"החרגת יישובי מיעוטים מאכיפה מחמירה בעבירות תכנון ובנייה",1
"החרגת ימי עלייה לרגל מימי חופשה שנתית",1
"החרגת כספי ביטוח רפואי מעיקול",1
"החרגת מטופלים בקנבוס רפואי מעבירת נהיגה בשכרות",1
"החרגת מידע ממשלתי רגיש מגישת חברי הכנסת",1
"החרגת מידע נגישות מסייגי סודיות מסחרית",1
"החרגת מענקים והטבות עקב מצב ביטחוני מיוחד מהכנסה",1
"החרגת מצרכים לפעילות ביטחונית ולתשתיות לאומיות מחובת תקינה",1
"החרגת עבירות בגידה וריגול משחרור מנהלי מורחב",1
"החרגת עבירות ביטחון וטרור מזכות נוכחות סניגור בחקירה",1
"החרגת עבירות ממעצר בפיקוח אלקטרוני",1
"החרגת עובדי פלטפורמה מיחסי עבודה",1
"החרגת עיקול זמני מחישוב דירוג אשראי",1
"החרגת עיקול רכב מהגבלות עיקול מיטלטלין",1
"החרגת עסקאות עם תושבים פלסטינים מהגבלות מזומן",1
"החרגת פעולות הצלה וטיפול בכלבי הפקר מחובות הבעלות",1
"החרגת קנאבידול (CBD) בפקודת הסמים המסוכנים",1
"החרגת קנאבידול (CBD) מפקודת הסמים המסוכנים",1
"החרגת רכיבי שכר מהסכמים קיבוציים מהמשכורת הקובעת לגמלאות",1
"החרגת רעידות אדמה ממנגנון הפיצוי הממלכתי",1
"החרגת שימושים מסוימים מחובת תשלום תמלוגים",1
"החרגת תאגידים בנקאיים ומפוקחים אחרים מחובת רישיון",1
"החרגת תשר מחובת מע״מ",1
"החרמת הכנסה ממבחן הכנסה לקצבת מזונות",1
"החרמת מכירת יין בלילה בחנויות גדולות",1
"החרמת תוספות שכר חדשות והשלמות שכר מחישוב שכר המינימום",1
"הטבות במסגרת עידוד השקעות הון למפעלים באזורי עימות",1
"הטבות ברכישת דירה למשרתי מילואים",1
"הטבות השקעה למפעלים תעשייתיים באזורי עימות",1
"הטבות והעדפות למשרתים בשירות צבאי או לאומי",1
"הטבות וזכויות יתר למשרתים בשירות צבאי או לאומי",1
"הטבות וזכויות שיקום לבני משפחה של חטופים ששבו מהשבי",1
"הטבות ותגמולים למשרתים בשירות סדיר ואזרחי",1
"הטבות כלכליות וחברתיות למשוחררים ששירתו כלוחמים",1
"הטבות כלכליות וסוציאליות ייעודיות לחיילים משוחררים ששירותו כלוחמים",1
"הטבות כלכליות ישירות לחיילים משוחררים ששירתו כלוחמים",1
"הטבות כלכליות לחיילים ששירותו כלוחמים",1
"הטבות כלכליות למשרתי מילואים חריגים",1
"הטבות לחיילים ולמשרתי מילואים במקומות ציבוריים",1
"הטבות לחיילים משוחררים בודדים",1
"הטבות מיוחדות למשרתי מילואים חריגים",1
"הטבות מיוחדות למשרתי מילואים פעילים מאוד",1
"הטבות מס ארנונה לעסקים ולצעירים ביישוב מוזל",1
"הטבות מס בגין הפקדת פיקדונות בבנקים ובגופים חברתיים",1
"הטבות מס בהקצאת מטבעות דיגיטליים לעובדים",1
"הטבות מס וארנונה ליתומים בוגרים",1
"הטבות מס ומס חברות מופחת בחבל תקומה",1
"הטבות מס ומענקים למפעלים סמוכי גבול בצפון",1
"הטבות מס ותמריצים כלכליים למשרתי מילואים ולמעסיקיהם",1
"הטבות מס ותמריצים למשרתי מילואים ולמעסיקיהם",1
"הטבות מס ותמרץ מרכזים לוגיסטיים באזורי פיתוח",1
"הטבות מס לאזור קו עימות במתווה אזור סחר חופשי",1
"הטבות מס לחברות התחדשות עירונית בפריפריה",1
"הטבות מס לחברות ויחידים בחקלאות",1
"הטבות מס לחיילים ששירתו כלוחמים",1
"הטבות מס ליישובים באזור המצויים תחת איום ביטחוני",1
"הטבות מס ליישובים בדואים בנגב",1
"הטבות מס ליישובים ושבטים בדואים בנגב",1
"הטבות מס ליישובים מאוימים באזור",1
"הטבות מס ליישובים מאוימים ביהודה והשומרון",1
"הטבות מס ליישובים מאוימים ביהודה ושומרון",1
"הטבות מס ליישובים מאיומים באזור יהודה והשומרון",1
"הטבות מס ליצרני מזון ייעודי",1
"הטבות מס למוסדות הפועלים נגד חובת הגיוס",1
"הטבות מס למעסיקי חיילי מילואים",1
"הטבות מס למפעלים מתחרים בשווקים ריכוזיים",1
"הטבות מס למשרת מילואים ולמעסיקיו",1
"הטבות מס למשרת עידוד תעסוקת מילואים",1
"הטבות מס למשרתי מילואים ולמעסיקיהם",1
"הטבות מס למשרתי מילואים פעילים",1
"הטבות מס לעידוד ייצור ושיווק מזון ייעודי",1
"הטבות מס לעידוד ייצור מזון רפואי או ייעודי",1
"הטבות מס לענף היהלומים במסגרת עידוד השקעות הון",1
"הטבות מס לעצמאים משרתי מילואים בגין הפקדות בדיעבד",1
"הטבות מס לקציני ים",1
"הטבות מס לשבטים בדואים בנגב",1
"הטבות מס לשבטים בדואים מובהקים בנגב",1
"הטבות מס לתאגידי מים וביוב ולרשויות מקומיות",1
"הטבות מס לתושבי באר שבע",1
"הטבות מס לתושבי יישובים במועצות אזוריות בעלות רוב מוטב",1
"הטבות מס לתושבי יישובים הסמוכים לחבל התקומה",1
"הטבות מס לתושבי יישובים עירוניים בעלי השפעה מטרופולינית",1
"הטבות מס לתושבי יישובים עירוניים מעורבים",1
"הטבות מס מופחתות ומסלולי מענקים לתעשייה בחבל תקומה",1
"הטבות מס על הפקדות לקרן השתלמות לעצמאים",1
"הטבות נסיעה בתחבורה ציבורית לחברי הכנסת",1
"הטבות נסיעה בתחבורה ציבורית לחיילי צהל",1
"הטבות נסיעה בתחבורה ציבורית לחיילי צה״ל באזרחי",1
"הטבות סוציאליות לנפגעי פעולות איבה שאינם תושבים",1
"הטבת מעמ על רכישת דירה ראשונה ללוחמים משוחררים",1
"הטלת אחריות נזיקית על עובדי ציבור בגין התעמרות בפונים",1
"הטלת אחריות קפידה והפללת פעילות עסקית בצעצועים מסוכנים",1
"הטלת דמי ביטוח סיעוד ייעודיים",1
"הטלת היטל על רווחי יתר של בנקים",1
"הטלת היטלי פיתוח עירוניים על מתקני קירוי",1
"הטלת חובות איסור הלבנת הון על מתווכים במקרקעין",1
"הטלת מגבלות הרחקה על עברייני מין קטינים במעונות פתוחים",1
"הטלת מגבלות על עברייני מין קטינים",1
"הטלת מס גודש בגוש דן",1
"הטלת מס מוגבר על רווחי בנקים",1
"הטלת מס מוגבר על תרומות מחו״ל לעמותות הפועלות להטלת סנקציות או נגד חיילי צה״ל",1
"הטלת מס על מי שאינו משרת בשירות צבאי או אזרחי",1
"הטלת מס ערך מוסף בשיעור אפס על תרופות",1
"הטלת מס שנת על בעלות בריבוי דירות",1
"הטלת מע״מ בשיעור אפס על מוצרי היגיינה נשית",1
"הטלת סנקציות והקפאת פעילות של מוסדות פיננסיים בזיקה לטרור",1
"הטלת סנקציות מנהליות על נושאי משרה בארגונים המעבירים כספים בזיקה לטרור",1
"הטלת עיצום כספי בשל אי-הסדרת ביטוח רפואי לעובד זר",1
"הטלת עיצום כספי והקמת קרן ציבורית לכספי ביטוח שלא חולקו",1
"הטלת עיצומים כספיים בגין אי-קיום חובות הקלטה ושמירת שיחות",1
"הטלת עיצומים כספיים בעבירות שירות ביטחון",1
"הטלת עיצומים כספיים ואכיפה מנהלית על מפעילי רשתות חברתיות",1
"הטלת עיצומים כספיים ומניעות מנהליות על מפרי חובת שירות",1
"הטלת עיצומים כספיים מינהליים על מפעילי רשתות חברתיות בשל הפרת חובות הסרת תוכן",1
"הטלת עיצומים כספיים מינהליים על רשתות חברתיות בידי רגולטור",1
"הטלת עיצומים כספיים על עמותות בידי רשם העמותות",1
"הטלת ערבות מינהלית בשל הימצאות נשק בלתי חוקי",1
"הטלת ערבות מינהלית על מחזיק מקום שבו נתפס נשק בלתי חוקי",1
"הטלת תשלומי כפיית ציות וקנסות",1
"הטמעת מורשת יהדות ספרד והמזרח במערכת החינוך וההשכלה הגבוהה",1
"הטמעת מורשת יהדות צפון אפריקה במערכת החינוך וההשכלה הגבוהה",1
"היוון גמלאות נפגעי עבודה לתשלום שכר טרחת מייצג לעובדים זרים",1
"היוון קצבת שאירים בקופות גמל",1
"היטל פיתוח על מקרקעי קק״ל",1
"היטלי השבחה למתקני אגירת אנרגיה",1
"היעדרות בן זוג סמוך לאחר הלידה",1
"היעדרות בשל מחלת ילד פעוט",1
"היעדרות הורים לצורך טיפול בילדים נפגעי עבירות מין או אלימות חמורה על חשבון ימי מחלה",1
"היעדרות הורים עובדים בשל מחלת ילד פעוט",1
"היעדרות חלקי ימים בשל מחלת בן זוג",1
"היעדרות עובד בשל פגיעת ילדו מעבירת תקיפה או התעללות",1
"היעדרות עובד לצורך טיפול בילד שנפגע מעבירת תקיפה או התעללות",1
"היעדרות עובדות ובני זוג של משרתי ביטחון ומילואים",1
"היעדרות עובדים בשל טיפול בילד שנפגע מעבירת מין או אלימות חמורה",1
"היעדרות עובדים בשל פגיעת ילד מעבירת תקיפה או התעללות",1
"היעדרות עובדים בשל פגיעת ילדם מעבירת תקיפה או התעללות",1
"היעדרות עובדים לצורך טיפול בילד שנפגע מעבירת תקיפה או התעללות",1
"היעדרות עובדים לצורך טיפול בילדים נפגעי עבירות מין או אלימות חמורה",1
"היעדרות עובדים לצורך טיפול בילדים שנפגעו מעבירת מין או אלימות חמורה",1
"היערכות עסקי חומרים מסוכנים לחירום וניטור עובדים",1
"היפוך חבות מע""מ בענפי כוח אדם ובנייה",1
"היפוך חבות מע""מ בשירותי כוח אדם ובנייה",1
"היפוך חבות מעם בענפי בנייה וכוח אדם",1
"היפוך נטל הוכחה בתביעות התנכלות תעסוקתית",1
"היקף הטבות פרישה לראש ממשלה לפי משך הכהונה",1
"היקף הסיוע הכספי ועדכונו לבני משפחה של נפגעי תאונות דרכים",1
"היקף העסקה ואיסור כפל תפקידים ליועצת לקידום מעמד האישה",1
"היקף זכויות ודרגת נכות זמנית לפדויי שבי",1
"היקף זכויות שבות לבני משפחה של זכאים",1
"היקף יום השבתון ביום הבחירות ושכר עובדים",1
"היקף מימון שכר לימוד לחיילים משוחררים",1
"היקף משרה ותנאי העסקה של יועצת מעמד האישה",1
"היקף שטח הדירה המזכה בהנחה בארנונה לאזרחים ותיקים",1
"היקף שעות החינוך הגופני בבתי הספר",1
"היקף תחולת הרגולציה על קמעונאי פארם גדולים",1
"היתר פליטה אחוד ואסדרה סביבתית משולבת",1
"הכללת אשפוז בית בסל שירותי הבריאות",1
"הכללת גופים ציבוריים וביטחוניים במערך ניוד המידע הרפואי",1
"הכללת טיפולי שיניים לסובלים משיתוק מוחין בסל הבריאות",1
"הכללת יהודה ושומרון בהגדרת הנגב לצורך פיתוח",1
"הכללת יחידות דיור בבנייה במניין התושבים ברשות המקומית",1
"הכללת מחלות מידבקות מסוכנות בגדר אירועי חירום לעניין חובות הנגשה",1
"הכללת מחלות נדירות במנגנון המימון של סל הבריאות",1
"הכללת נפגעי עבירות זנות וסרסור בהגדרת נפגעי עבירת מין או אלימות",1
"הכללת נפגעי עבירות סרסור וזנות במסגרת חוק זכויות נפגעי עבירה וחוק הסיוע המשפטי",1
"הכללת נפגעי עבירות סרסרות וזנות במסגרת חוק זכויות נפגעי עבירה וחוק הסיוע המשפטי",1
"הכללת עבודה בחינוך וטיפול בילדים כעבודה מועדפת",1
"הכללת עבירות חברות שמירה בצו איסור הלבנת הון",1
"הכללת פגיעה בבעלי חיים בעילת המסוכנות במעצרים",1
"הכללת פודולוג בגדר מטפל לפי חוק זכויות החולה",1
"הכללת פעילות אריזה בהגדרת מפעל תעשייתי לעניין עידוד השקעות הון",1
"הכללת פעילות אריזה במסגרת פעילות ייצורית לעניין עידוד השקעות הון",1
"הכללת שירותי בנקאות כתחום תשתית חיונית לעניין פיקוח על ריכוזיות",1
"הכנסת דברי מאכל וחפצים למוסדות רפואיים",1
"הכנסת חמץ למוסדות רפואיים בפסח",1
"הכפפת קציני המטה במינהל האזרחי למשרדי הממשלה",1
"הכראה בנפגעי פשעי שנאה כנפגעי פעולות איבה",1
"הכרה אוטומטית בביטוח סיעודי על בסיס קביעת הביטוח הלאומי",1
"הכרה אוטומטית וקביעת דרגות נכות מינימליות לפדויי שבי",1
"הכרה אקדמית בהתנדבות למען מפונים וחטופים",1
"הכרה באבטחה במוסדות רפואיים כעבודה מועדפת",1
"הכרה באלימות כלכלית כעוולה אזרחית",1
"הכרה בארגון עובדים ושביתה לעובדי הפקה עצמאיים",1
"הכרה בארגון פרטי כגוף סטטוטורי לאומי לזיהוי קורבנות אסון",1
"הכרה בארגונים ספציפיים כגופים מפעילים בשירות אזרחי ולאומי",1
"הכרה בבתים מאזנים כמסגרת מגורים לנכי נפש",1
"הכרה בגופי כשרות פרטיים בחוץ לארץ למתן הכשר לבשר מיובא",1
"הכרה בדיפלומות רפואה ממוסדות במדינות עוינות וברשות הפלסטינית",1
"הכרה בדרגת נכות מוגברת לפדויי שבי",1
"הכרה בהוצאה לביטוח סיעודי לצורכי מס",1
"הכרה בהוצאות אש״ל לעצמאים",1
"הכרה בהוצאות ביטוח בריאות לעצמאים",1
"הכרה בהוצאות טיפול בילדים לצורכי מס",1
"הכרה בהיעדרויות מתמחים בזמן חירום",1
"הכרה בוותק עבודה מחוץ לישראל לעניין פנסיה וקצבאות עולים",1
"הכרה בוותק עבודה מחוץ לישראל לצורך זכויות פנסיה לעולים",1
"הכרה בזכות התארגנות ושביתה לעצמאים תלויים",1
"הכרה בחטופים שיועדו למילואים כנכי או חללי צהל",1
"הכרה בחללי פעולות איבה כחללי צהל למשפחותיהם",1
"הכרה בחללי פעולות איבה כחללי צה״ל",1
"הכרה בטיפול בפעוטות כעבודה מועדפת",1
"הכרה ביתומי צה״ל בוגרים",1
"הכרה בלוחמי אש כנכים ונספים",1
"הכרה בלימודים תורניים כתחליף לתואר אקדמי לתוספת שכר",1
"הכרה בלימודים תורניים כתנאי סף בשירות המדינה",1
"הכרה במעמד המשפטי של בעלי חיים כיצורים חשים",1
"הכרה במקומות קדושים לעדה הדרוזית",1
"הכרה במשחק הפוקר כענף ספורט והסדרת פעילותו",1
"הכרה בעבודה בפנימיות לילדים ונוער בסיכון כעבודה מועדפת",1
"הכרה בעבודה מועדפת בענפים ספציפיים בפריפריה",1
"הכרה בפגיעה מינית בעבודה כתאונת עבודה",1
"הכרה בפגיעה מינית כפגיעה בעבודה",1
"הכרה ברישיונות רפואיים לפי תקני האיחוד האירופי",1
"הכרה בשמירה חקלאית כעבודה מועדפת",1
"הכרה בתארים מחוץ לארץ למקצועות הבריאות",1
"הכרה בתשלומי ביטוח בריאות כהוצאה מוכרת לעצמאים",1
"הכרה ואכיפה של פסקי חוץ לפי אמנת האג",1
"הכרה והמרת אותות גבורה היסטוריים",1
"הכרה והנצחה של יהודים שהצילו יהודים בשואה",1
"הכרה ופיקוח על מוסדות להכשרת מאמנים",1
"הכרה ורגולציה של ארגוני עזר רפואיים",1
"הכרה חוקתית במעמד המיעוט הערבי וזכויותיו הקולקטיביות",1
"הכרה חוקתית במעמד המיעוט הערבי כמיעוט לאומי",1
"הכרה חריגה בחללי מערכה",1
"הכרה ממלכתית ברצח העם הארמני וקיום יום זיכרון",1
"הכרה ממשלתית באחריות לאירועים היסטוריים",1
"הכרה ממשלתית באחריות לאירועים היסטוריים והנצחתם",1
"הכרה ממשלתית והנצחת אירועים היסטוריים",1
"הכרה מעמדית ושימור מורשת לעדה הדרוזית",1
"הכרה מעמדת ושימור זהות לעדה הדרוזית",1
"הכרה משפטית בבעלי חיים כיצורים חשים והרחבת האיסור על התעללות נפשית",1
"הכרה רגולטורית בענף הפוקר והתאחדות ענפית",1
"הכרה רוחבית באחוזי נכות לנפגעי פוליו",1
"הכרה רשמית ברצח העם הארמני וקיום יום זיכרון",1
"הכרה רשמית והנצחה של טבח כפר קאסם",1
"הכרה רשמית והנצחת אירועים היסטוריים",1
"הכרזה אוטומטית על אתרים לאומיים מרכזיים",1
"הכרזה מינהלית על ארגון פשיעה",1
"הכרזה סטטוטורית על ארגוני טרור",1
"הכרזה על אבטחת מוסדות רפואיים כעבודה מועדפת",1
"הכרזה על אונר״א כארגון טרור והפסקת יחסים",1
"הכרזה על ארגון בינלאומי כארגון טרור והפסקת יחסים",1
"הכרזה על ארגון טרור בחקיקה ראשית",1
"הכרזה על ארגון פשיעה כארגון טרור",1
"הכרזה על אתרי מורשת באזורים חוץ-טריטוריאליים כאתרים לאומיים",1
"הכרזה על בני זוג ידועים בציבור ובני זוג מאותו המין כאלמנים של חללי צהל",1
"הכרזה על הוצאות מעון יום כהוצאה מוכרת לצורכי מס לאמהות עובדות",1
"הכרזה על הורה עצמאי בהליכי פרידה בבית המשפט לענייני משפחה",1
"הכרזה על החינוך הממלכתי המשלב כזרם חינוכי רשמי",1
"הכרזה על חג המימונה כחג המדינה ויום בחירה",1
"הכרזה על מאבטח מעברים כעבודה מועדפת",1
"הכרזה על מדינה כמדינת אויב",1
"הכרזה על מערך הגיור הממלכתי כגורם היחיד המוסמך לגיור בישראל",1
"הכרזה על מתחמי פינוי ובינוי בצמוד קרקע וצמצום דרישת הסכמת רשות מקומית",1
"הכרזה על נפגעי איבה כחללי צבא בתקופת חירום",1
"הכרזה על נפגעי פשעי שנאה כזכאים לתגמولي נפגעי פעולות איבה",1
"הכרזה על עבודה בגני ילדים כעבודה מועדפת לחיילים משוחררים",1
"הכרזה על עבודה בחינוך וטיפול בילדים כעבודה מועדפת",1
"הכרזה על עבודה ביישובי קו העימות כעבודה מועדפת",1
"הכרזה על עבודה בכלי שיט כעבודה מועדפת",1
"הכרזה על עבודה במעונות יום כעבודה מועדפת",1
"הכרזה על עבודה במעונות יום כעבודה מועדפת לחיילים משוחררים",1
"הכרזה על עבודה בתנועות נוער כעבודה מועדפת",1
"הכרזה על עבודה מועדפת במסופי מטעני אוויר",1
"הכרזה על עבודות מועדפות לחיילים משוחררים בפריפריה",1
"הכרזה על עבודת אבטחה כעבודה מועדפת",1
"הכרזה עצמאית על פעילי טרור זרים בישראל",1
"הכרזת דרום תל אביב אזור עדיפות לאומית והקמת מינהלת שיקום",1
"הכרזת הוצאות כיבוד קל מחוץ למקום העיסוק לצרכי מס",1
"הכרזת זכאות לארוסות חללי צה״ל",1
"הכרעה בעבודה בטיפול ושיקום בעלי חיים כעבודה מועדפת",1
"הכרעה בענייני קטינים והסדרי אפוטרופסות",1
"הכרעה על עבודה מועדפת ביישובי קו העימות",1
"הכרפה בנפגעי איבה כחללי צה״ל לאנשי כוחות 보안",1
"הכרפה בעבודה במסגרות טיפוליות כעבודה מועדפת",1
"הכרפה בעבודה במסגרת מגורים למתמודדי נפש כעבודה מועדפת",1
"הכררת בני זוג ידועים בציבור ובני זוג מאותו מין כאלמנים של חללי צהל",1
"הכרת אבטחה במוסדות רפואיים כעבודה מועדפת",1
"הכרת באבטחת מוסדות רפואיים כעבודה מועדפת",1
"הכרת בארוסים של חללי צה״ל כזכאי זכויות",1
"הכרת בארוסים של חללי צה״ל שאינם ידועים בציבור כזכאים לתגמולים ושיקום",1
"הכרת בארוסים של חללים כבני משפחה זכאים",1
"הכרת בגיור הלכתי בחוק השבות",1
"הכרת בדיפלומות רפואה ממוסדות המזוהים עם טרור",1
"הכרת בהוצאות ארוחה עסקית לעצמאים לצורכי מס",1
"הכרת בחבלה שלא בעت מילוי תפקיד לחיילי מילואים במלחמה",1
"הכרת בחדר מחוזק כמרחב מוגן לעניין סטייה מתכנית",1
"הכרת בניסיון פיקודי צבאי כניסיון ניהולי בשירות המדינה",1
"הכרת בעלי חיים כיצורים תחושתיים",1
"הכרת בריבית משכנתה כהוצאה מותרת בניכוי",1
"הכרת הוצאות ארוחה עסקית לעצמאים",1
"הכרת הוצאות על ארוחות עסקיות לעצמאים",1
"הכרת המדינה באחריות לטבח כפר קאסם ופיצוי נפגעיו",1
"הכרת ותק הוראה מחוץ לארץ לצורך מענק יובל לעובדי הוראה עולים",1
"הכרת יתומי צה״ל בגירים",1
"הכרת לימוד תורה כשירות משמעותי",1
"הכרת לימוד תורה כשירות משמעותי במדינה",1
"הכרת נכות של מתנדבי ארגוני הצלה כפגיעת איבה",1
"הכרת נפגעי פשעי שנאה כנפגעי פעולות איבה",1
"הכרת סבים וסבתות כבני משפחה שכולים באסון רב-נפגעים משפחתי",1
"הכרת עבודה בכפרי נוער כעבודה מועדפת",1
"הכרת עבודה בעוטף ובגבול הצפוני כעבודה מועדפת",1
"הכרת עבודה בענפי התיירות והמסעדנות בקו העימות כעבודה מועדפת",1
"הכרת קרן משפחתית כמוסד ציבורי לעניין מס הכנסה",1
"הכשרה בסיסית בהפעלת מכשירי החייאה לעובדי ציבור",1
"הכשרה חובה לאנשי מקצוע בזיהוי ודיווח על התעללות בילדים",1
"הכשרה חובה לאנשי מקצוע בזיהוי ודיווח על התעללות קטינים וחסרי ישע",1
"הכשרה להפעלת מכשירי החייאה לעובדי ציבור",1
"הכשרה תעסוקתית ולימודים על חשבון שעות השירות",1
"הכשרת אנשי חינוך בנושא מגדר ונטייה מינית",1
"הכשרת אנשי מקצוע בבריאות בנושאי מגדר ונטייה מינית",1
"הכשרת אנשי מקצוע לזיהוי ודיווח על התעללות",1
"הכשרת אנשי מקצוע לזיהוי ודיווח על התעללות בילדים",1
"הכשרת אנשי מקצוע לזיהוי ודיווח על התעללות בילדים כתנאי רישוי",1
"הכשרת מבנים בלתי חוקיים קיימים בשטחי מרעה",1
"הכשרת מבנים בלתי חוקיים קיימים בשטחי מרעה והקפאת הליכי אכיפה",1
"הכשרת מורים חובה לחינוך טכנולוגי",1
"הכשרת מורים להוראת חינוך טכנולוגי",1
"הכשרת מורים לחינוך פיננסי",1
"הכשרת שוטרים ומעצר אנשים עם מוגבלות שכלית או נפשית",1
"הכשרת שוטרים ומעצר חשודים עם מוגבלות שכלית או נפשית",1
"הלוואות לעסקים לאחים שכולים",1
"הליך בחירת נציב שירות המדינה",1
"הליך בחירת נשיא בית המשפט העליון",1
"הליך הפסקה וסיום כהונה של יועצת לקידום מעמד האישה",1
"הליך מינוי מנהל המוסד לביטוח לאומי ותקופת כהונתו",1
"הליך סיום כהונה של בעלות תפקיד סטטוטוריות",1
"הליך קבלת אזרחות לתושבי שטחים מסופחים",1
"הליך שינוי רישום ללאום הארמי",1
"המניין החוקי בוועדת הערר לפיצויים ולהיטל השבחה",1
"המצאת דרישות תשלום חוב באמצעות הזדהות דיגיטלית",1
"המצאת דרישת תשלום חוב באמצעות הזדהות דיגיטלית",1
"המצאת הודעות חוב בדרך דיגיטלית",1
"המצאת הודעות תשלום חוב באמצעות הזדהות דיגיטלית",1
"המרה של קנסות תעבורה ברכישת מערכות בטיחות",1
"המרת אישור רפואי בהצהרת מחלה בהיעדרות קצרת מועד",1
"המרת גמלת סיעוד כספית בשירותי סיעוד בעין באחריות קופות החולים",1
"המרת הפניות לדירוג המינהלי בסכומים שקליים קבועים בחוק",1
"המרת מנגנון גביית הוצאות ביצוע צווי הריסה מתביעה אזרחית לגבייה מנהלית",1
"המרת עבירת הברחה שלא בתחנת גבול לעבירת ביטחון והחמרת ענישה",1
"המרת פרסומים פרטניים בפרסום כללי",1
"המרת קנסות מעסיקים בגין ניכוי שכר אסור",1
"המרת קנסות תעבורה ברכישת מערכות בטיחות",1
"המשך הצבת חיילי חובה בשירות בתי הסוהר",1
"המשך השמה באומנה לצעירים בגירים",1
"המשך זכאות למענק שנתי לבן זוג של ניצול שואה שנפטר",1
"המשך כהונת רבנים ראשיים כדיינים לאחר תום כהונתם",1
"המשך תחולת הליכים שהוגשו במהלך תקופת הוראת השעה",1
"המשך תשלום קצבת ילדים בעד ילד המשרת בשירות סדיר",1
"המתת כלבים משוטטים באזורי עימות",1
"הנגשה לשונית ושירותי תרגום במוסדות רפואיים",1
"הנגשה לשונית ושירותי תרגום למטופלים במוסדות רפואיים",1
"הנגשה לשונית של שירותים ממשלתיים דיגיטליים",1
"הנגשת אוטובוסים בין עירוניים לאנשים עם מוגבלות",1
"הנגשת אוטובוסים בין-עירוניים",1
"הנגשת אוטובוסים בין-עירוניים לאנשים עם מוגבלות",1
"הנגשת אוטובוסים בין-עירוניים לאנשים עם מוגבלות פיסית",1
"הנגשת אוטובוסים בינעירוניים לאנשים עם מוגבלות",1
"הנגשת הודעות ארנונה ותשלומי מים בשפות נוספות",1
"הנגשת חשבונות והודעות תשלום לשאינם דוברי עברית",1
"הנגשת חשבוניות ארנונה והודעות חוב לצרכנים בשפה האנגלית",1
"הנגשת חשבוניות והודעות תשלום לצרכנים שאינם דוברי עברית",1
"הנגשת חשבוניות והודעות תשלום לשפות נוספות",1
"הנגשת כתובת ומיקום קלפי לצורכי בחירות",1
"הנגשת לימודי תואר שלישי והרחבתם למוסדות שאינם אוניברסיטאות מחקר",1
"הנגשת מוקדי חירום באמצעות מסרונים ושיחוח",1
"הנגשת מידע ותוכניות שיקום לאסירים בשפת אמו",1
"הנגשת מידע לאחר שידור הודעות חירום (קובץ קול, הקראה ושפה פשוטה)",1
"הנגשת מידע פיננסי היסטורי ללקוחות",1
"הנגשת מידע פיננסי היסטורי ללקוחות בנקים באינטרנט ללא עלות",1
"הנגשת מידע פיננסי מקוון ללקוחות בנקים",1
"הנגשת מסמכי בנק לעיוורים",1
"הנגשת פנקס ומידע חיסונים לכלל האוכלוסייה",1
"הנגשת פנקס חיסונים ומידע רפואי למבוגרים",1
"הנגשת קביעת תורים מראש לאזרחים ותיקים",1
"הנגשת שידורי ספורט מרכזיים לציבור ללא תשלום",1
"הנגשת שידורי רדיו בשפה הערבית בפריסה ארצית",1
"הנגשת שירותי קבלת קהל בשפות נוספות",1
"הנגשת שירותי קבלת קהל ואתרי אינטרנט של גופי שלטון לשפות נוספות",1
"הנגשת שירותי קבלת קהל לשפות מיעוט",1
"הנגשת שירותי קבלת קהל ממשלתיים לשפות נוספות",1
"הנגשת שירותי רפואה דחופה ופריסת חדרי מיון",1
"הנגשת שירותי שלטון לשפות נוספות",1
"הנגשת תחבורה ציבורית בין-עירונית",1
"הנגשת תעודות רשמיות לבעלי מוגבלות בראייה",1
"הנהגת מסלול בקשה לפטנט ארעית",1
"הנהגת נישואין אזרחיים בישראל",1
"הנהגת נישואין וגירושין אזרחיים",1
"הנהגת עיטור הפציעה הקרבית",1
"הנהגת עיטור חדש לפצועי מערכת הביטחון",1
"הנחה או פטור מתשלום בתחבורה ציבורית לאזרחים ותיקים",1
"הנחה בארנונה לאזרחים ותיקים בדירות שאינן בהחזקתם",1
"הנחה בארנונה למשפחות עם יותר מילד נכה אחד",1
"הנחה בארנונה למשרתו מילואים פעיל",1
"הנחה בארנונה למשרתי מילואים",1
"הנחה בארנונה למשרתי מילואים פעילים בעת חירום",1
"הנחה בחשמל לאזרחים ותיקים נכים",1
"הנחה בחשמל למשקי בית עם ילדים עם מוגבלות",1
"הנחה בחשמל לקשישים נכים",1
"הנחה בקנס חניה עירונית בתשלום מהיר",1
"הנחה בקנסות חניה בתשלום מהיר",1
"הנחה ברכישת אמצעי חירום רפואי לאזרחים ותיקים",1
"הנחה ברכישת אמצעי טכנולוגי לזיהוי מצבי חירום רפואיים לאזרחים ותיקים",1
"הנחה בתחבורה ציבורית לעובדי בתי חולים",1
"הנחה על קנס חניה בתשלום מהיר",1
"הנחות באגרת נסיעה בכביש אגרה לתושבי הפריפריה",1
"הנחות בכניסה למופעים ולאתרים ציבוריים",1
"הנחות ברכישת קרקעות למשרתי מילואים חריגים",1
"הנחות בתחבורה ציבורית ובכביש אגרה לתושבי פריפריה",1
"הנחות בתחבורה ציבורית לסטודנטים",1
"הנחות בתעריפי מים וחשמל לבתי תפילה",1
"הנחות בתשלומי מים וביוב למעוטי יכולת בתאגידים",1
"הנחות בתשלומי מים וביוב לצרכנים מעוטי יכולת",1
"הנחות והקלות בתשלומי מים לצרכנים מעוטי יכולת",1
"הנחת ארנונה בעד בני משפחה עם נכות",1
"הנחת ארנונה חובה לבעלי מוגבלות קשה",1
"הנחת ארנונה לחיילי מילואים פעילים",1
"הנחת ארנונה ליתומי צה״ל",1
"הנחת ארנונה למשרתי מילואים פעילים",1
"הנחת ארנונה לעסקים באזור הצפון בעקבות מלחמה",1
"הנחת תלמידים בתחבורה ציבורית",1
"הנפקה מקוונת של מסמכי זיהוי ביומטריים",1
"הנפקה מקוונת של תעודות זהות ביומטריות",1
"הנפקת דרכון לקטינים בני 16 ומעלה",1
"הנפקת תעודות ציבוריות באנגלית",1
"הנפקת תעודות ציבוריות בשפה האנגלית",1
"הנפת דגלי ישויות עוינות ודגל ישראל במוסדות אקדמיים",1
"הנצחה ממלכתית של טבח חברון",1
"הנצחת אישים ממלכתיים ודתיים",1
"הנצחת אישים רבניים בחקיקה",1
"הנצחת דמויות היסטוריות וציון מורשתן במערכת החינוך ובמוסדות המדינה",1
"הנצחת דמויות היסטוריות וקביעת יום זיכרון ממלכתי",1
"הנצחת דמויות הסטוריות ומנהיגים רוחניים",1
"הנצחת מורשת אישים ממלכתית ותקצובה",1
"הנצחת מורשת המחתרות וציון יום זיכרון ממלכתי",1
"הנצחת מורשת המחתרות וקיום יום זיכרון לאומי",1
"הנצחת מנהיגי ציונות ואישים היסטוריים",1
"הנצחת מנהיגים רוחניים ורבנים ראשיים",1
"הנצחת מצילים יהודים בשואה",1
"הנצחת ראשי ממשלה והקמת מרכז תיעוד ומחקר סטטוטורי",1
"הנצחת תרומת עליית מרכז ומזרח אירופה",1
"הסדר הצבעה מיוחד לאנשי צוות אוויר",1
"הסדר ומחיקת חובות של רשויות מקומיות מוחלשות",1
"הסדר מחיקת חברות שאינן פעילות",1
"הסדר מחיקת פיגורים והנחות על קנסות",1
"הסדר פיצוי מורחב למשפחות הנעדרים",1
"הסדרה אחידה של חילוט תקבולי עבירה והפרדתם מחילוט אמצעי עבירה",1
"הסדרה ואחדות של מוקד החירום הרפואי הלאומי",1
"הסדרה ואכיפה כלפי מבנים קיימים בשטחי מרעה",1
"הסדרה ואכיפה לגבי מבני מגורים קיימים בשטחי מרעה",1
"הסדרה והגבלה של סחר, החזקה והעברה של חיות בר",1
"הסדרה ומסחר חוקי בקנאביס לצריכה עצמית",1
"הסדרה ופיקוח על מוסדות להכשרת מאמנים",1
"הסדרה וריכוז של אירועי הדלקה",1
"הסדרה ורישוי של כלים הדמויי כלי ירייה (איירסופט)",1
"הסדרה ורישוי של מרשם שמות מתחם באינטרנט",1
"הסדרה ורישוי של פעילות מוהלים",1
"הסדרה ורישוי של שירותי תחבורה שיתופית מקוונת",1
"הסדרה ורישוי של תחבורה שיתופית מקוונת",1
"הסדרה ותחרות בשוק מתן תעודות הכשר",1
"הסדרה ותקצוב של שנת שירות",1
"הסדרה משפטית של עבודה מרחוק",1
"הסדרה סטטוטורית וייחוד עיסוק לקרימינולוגים שיקומיים",1
"הסדרה סטטוטורית של מעמד ידועים בציבור",1
"הסדרה סטטוטורית של עבודה מרחוק",1
"הסדרה תכנונית ומתן שירותים ותשתיות ביישובים בהליכי הסדרה ביהודה והשומרון",1
"הסדרי בחירת בתי חולים למבוטחי קופות החולים",1
"הסדרי בחירת בתי חולים למבוטחי קופות חולים",1
"הסדרי בחירת בתי חולים על ידי מבוטחי קופות החולים",1
"הסדרי הפחתת משכורת בשירות הציבורי בהיעדר ארגון עובדים יציג",1
"הסדרי התחשבנות בין בתי חולים לקופות חולים",1
"הסדרי ירושה מיוחדים בנסיבות אסון ואיבה",1
"הסדרי קשר בין קטינים לדודים ודודות",1
"הסדרי תשלום והפצה לבעלי רישיונות זעירים",1
"הסדרת אבטחה במוסדות להשכלה גבוהה",1
"הסדרת אבטחה במוסדות רפואיים",1
"הסדרת איסור או הגבלת הכנסת חמץ לבתי חולים בפסח",1
"הסדרת איסור חמץ וקיום סדר פסח בבסיסי צהל",1
"הסדרת אירועי הדלקה במתחמים קדושים",1
"הסדרת אתרי התיישבות ומתן שירותים ותשתיות בתקופת הביניים",1
"הסדרת בטיחות בטיולים במסגרות קדם-שירות",1
"הסדרת גביית דמי טיפול ארגוני-מקצועי מארגוני מעבידים",1
"הסדרת גישה לזיכרונות ונכסים דיגיטליים לאחר פטירה",1
"הסדרת הבעלות וחלוקת ההכנסות ממתקני אנרגיה מתחדשת ברכוש משותף",1
"הסדרת הדין המשמעתי ואמצעי האכיפה כלפי עצורים",1
"הסדרת הכנסת מזון וחמץ למוסדות רפואיים בפסח",1
"הסדרת הליך הטיפול והערר בבקשות לתג נכה",1
"הסדרת הליך התרת ברית הזוגיות ומחיקה מהמרשם",1
"הסדרת הליכי קביעת קשרי משפחה ובדיקות גנטיות מחוץ לבתי המשפט",1
"הסדרת הליכי ראיון ותיעוד בבקשות התאזרחות לבני זוג",1
"הסדרת העיסוק בניתוח התנהגות",1
"הסדרת העיסוק והכשירות במערכות גזים רפואיים",1
"הסדרת העסקת בני נוער בהופעות פרסום ודוגמנות",1
"הסדרת הפסקות היריון לפי בקשת האישה בתקופה הראשונה",1
"הסדרת הצבת כוורות במקרקעי ציבור ודרישת היתר",1
"הסדרת זמני שהות ואחריות הורית במצב של פרידה",1
"הסדרת טיפול בנכסי נעדרים אזרחיים באמצעות האפוטרופוס הכללי והוועדה",1
"הסדרת כשירות והכשרה מקצועית לתומכות חינוך",1
"הסדרת כשירות מתורגמני שפת סימנים בהודעות חירום",1
"הסדרת כשירות, הכשרה וסמכויות לרבש״צים",1
"הסדרת מבנים בלתי חוקיים קיימים בשטחי מרעה",1
"הסדרת מבנים בלתי חוקיים קיימים ועצירת אכיפה",1
"הסדרת מוקד חירום רפואי לאומי ופיקוח ממשלתי",1
"הסדרת מינוי ובחירת רבני התיישבות ורבנים אזוריים",1
"הסדרת מינוי ובחירת רבני שכונות",1
"הסדרת מינוי שרים למשימות מיוחדות",1
"הסדרת מכירת מוצרי עישון באמצעות היתר",1
"הסדרת מסלול אכיפה מינהלי חלופי להליך הפלילי",1
"הסדרת מעונות סטודנטים ופיקוח עליהם",1
"הסדרת מעמד הבתים המאזנים וקביעת קריטריוני זכאות",1
"הסדרת מעמד ודיווח לעוסקים זעירים",1
"הסדרת מעמד ומיסוי לעוסקים זעירים",1
"הסדרת מעמד ופעילות בתים מאזנים בקהילה",1
"הסדרת מעמד לעבודה ומתן תמריצים לפיזור גיאוגרפי של מסתננים",1
"הסדרת מעמד מוניציפלי ותשתיתי של יישובים ושכונות בהליכי הסדרה",1
"הסדרת מעמד פליטים ומבקשי מקלט",1
"הסדרת מעמדם של שרים למשימות מיוחדות",1
"הסדרת מעמדן, תקניהן וציודן של כיתות כוננות ביישובים",1
"הסדרת מענק פרס ירושלים לאחדות בבית הנשיא",1
"הסדרת מעצר וכליאה של לוחמים בלתי חוקיים באירועי 7 באוקטובר",1
"הסדרת מערך הדין המשמעתי לעורכי דין",1
"הסדרת מערכי אבטחה עירוניים וסמכויותיהם",1
"הסדרת מקצוע הליצנות הרפואית",1
"הסדרת מקצוע הפודולוגיה ודרישות רישוי",1
"הסדרת מקצוע הפרמדיק ותנאי הכשירות",1
"הסדרת מקצוע הרנטגנאות והדימות",1
"הסדרת מקצוע טיפול באמצעות בעלי חיים",1
"הסדרת מקצוע טכנאי בית מרקחת וסמכויותיו",1
"הסדרת מקצוע ניתוח התנהגות בחוק",1
"הסדרת מקצוע עוזר רופא",1
"הסדרת מקצוע עוזר רופא וייחוד העיסוק",1
"הסדרת משקל ילקוט תקין לתלמידים בחקיקה ראשית",1
"הסדרת מתן תרכובות מזון ליילודים בבתי חולים",1
"הסדרת נטילה ושימוש בזרע נפטר לשם הולדה",1
"הסדרת נטילת זרע מנפטר ושימוש בו",1
"הסדרת סדרי תפילה ואיסור טקסים חורגים בכותל המערבי",1
"הסדרת סיוע ומענה ממשלתי למשפחות נעדרים אזרחיים",1
"הסדרת סיוע ותיאום ממשלתי לבני משפחות אזרחים נעדרים",1
"הסדרת סככות המתנה בתחנות אוטובוס ופיקוח ממשלתי",1
"הסדרת עיסוק בגישור ורישום בפנקס",1
"הסדרת עיסוק בטיפול באמצעות בעלי חיים",1
"הסדרת עיסוק בתיווך שירותי רכב",1
"הסדרת עיסוק והכרה בתעודות לפרמדיקים",1
"הסדרת עיסוק והסמכה בשמאות ביטוח",1
"הסדרת עיסוק ותנאי הכשרה למדריכי שיקום ומטפלים בקהילה",1
"הסדרת עיסוק פודולוג והכרה בלימודי תעודה מחוץ לישראל",1
"הסדרת עיסוק פרמדיקים ופרמדיקים בכירים",1
"הסדרת עסקאות איגוח ותנאי פעילותן",1
"הסדרת ערעור על תוצאות בחינות סטאז ברפואה",1
"הסדרת פירוק ומחיקת אגודות עותומניות וייעוד נכסיהן",1
"הסדרת פעילות בנקי זרע ומתן היתרים",1
"הסדרת פעילות בנקי זרע ופיקוח ממשלתי",1
"הסדרת פעילות בנקי זרע ופיקוח על תרומות",1
"הסדרת פעילות בנקי זרע ותנאי רישוי",1
"הסדרת פעילות קבוצות רכישה וגורמים מארגנים",1
"הסדרת צו למניעת אלימות כלכלית",1
"הסדרת צלילות היכרות לקטינים",1
"הסדרת קלפיות מיוחדות לתושבים מפונים",1
"הסדרת קרנות כספיות וקרנות במועדים קבועים",1
"הסדרת רבייה ומכירה של כלבים",1
"הסדרת רישוי ועיסוק למקצוע עוזר רופא",1
"הסדרת שבוע עבודה מקוצר וסופי שבוע ארוכים",1
"הסדרת שיווק ומכירת הימורים מורשים",1
"הסדרת שיחות מקדימות והבעת רצון של חולה חסר כשרות",1
"הסדרת שימוש במערכות כריזה במסגדים",1
"הסדרת שירותי הסעה באמצעות רשת תחבורה שיתופית מקוונת",1
"הסדרת שירותי תחבורה שיתופית מקוונת",1
"הסדרת שרשרת הטיפול בפصולת בניין ופיקוח עליה",1
"הסדרת תחבורה ציבורית לגנים לאומיים ושמורות טבע",1
"הסדרת תחבורה שיתופית מקוונת",1
"הסדרת תנאי כשירות והכשרה מקצועית לסייעות במוסדות חינוך",1
"הסדרת תנאי סיום התקשרות והתנהלות שוטפת בפלטפורמות דיגיטליות",1
"הסדרת תנאי סף והכרה במסגרות חינוך לגיל הרך",1
"הסדרת תנאי עבודה בסיסיים באמצעות חקיקת משנה במקום צווי הרחבה",1
"הסדרת תנועת כלי רכב ביום הכיפורים",1
"הסדרת תפקידי הרשות להגנת הפרטיות ושיתוף פעולה בינלאומי",1
"הסכמה מראש לטיפולים רפואיים נוספים",1
"הסכמי עודפים בין רשימות מועמדים",1
"הסכמים לקליטת תושבים מרצועת עזה במדינות אחרות ותמריצים כלכליים",1
"הסכמת מטופל לניוד מידע רפואי",1
"הסכמת צדדים לדיון בעניינים נלווים לגירושין בבית דין דתי",1
"הסכמת צדדים להתדיינות בעניינים הנלווים לגירושין בבית הדין הרבני",1
"הסמכות להחליט על צורך במינוי רבנים מקומיים",1
"הסמכת בית המשפט להורות על מסירת מידע בנקאי ופיננסי",1
"הסמכת בתי חולים לאסור הכנסת חמץ בפסח",1
"הסמכת גופי ביטחון להתמודדות עם כלי טיס בלתי מאוישים",1
"הסמכת הכנסת להקמת ועדות חקירה",1
"הסמכת הממונה לקבוע עוסק מפר בנסיבות מחמירות",1
"הסמכת השר לקבוע כללי אתיקה מקצועית לסוכני ביטוח",1
"הסמכת השר לקבוע מערכת רשמית למדידת נתוני צפייה",1
"הסמכת השר לשנות זכויות נוסעים בשעת חירום",1
"הסמכת ועדת הכנסת המפקחת על חוקי צער בעלי חיים",1
"הסמכת חברת המתנ""סים למתן תמיכות וחלוקה דיפרנציאלית לרשויות מקומיות",1
"הסמכת חוקרי ילדים באירועי טרור ואיבה כהסדר קבוע",1
"הסמכת חיילים לבצע עיכוב, חיפוש ומעצר בשמירה על בסיסים",1
"הסמכת יועצים פנסיוניים לאימות מסמכי מס",1
"הסמכת כוחות ביטחון לחדירה למחשבים המפעילים מצלמות נייחות",1
"הסמכת מאבטחים באוטובוסים ציבוריים",1
"הסמכת מוסדות ציבוריים להפעלת שנת שירות",1
"הסמכת מורשי חתימה לגישה למידע פיננסי של תאגידים",1
"הסמכת ממונה לקבוע הפרה בנסיבות מחמירות והטלת סנקציות מנהליות-כלכליות",1
"הסמכת ממשלה ووעדת שרים להפעלת חוק כליאת לוחמים בלתי חוקיים במצב של פעולה צבאית משמעותית",1
"הסמכת מנהל המרכז לקבוע כללים להפחתת תוספות פיגורים",1
"הסמכת מפקחים ואכיפת חוק הצבת מכשירי החייאה",1
"הסמכת מפקחים וסמכויות פיקוח ואכיפה",1
"הסמכת מפקחים ממשרד הבינוי והשיכון",1
"הסמכת מתן פטור לאישור מתקני עזר לטיסה",1
"הסמכת מתנדבים לפיקוח על מעונות יום לפעוטות",1
"הסמכת נותני שירותי תשלום להנפקת ערבויות והעמדת ליווי פיננסי לרוכשי דירות",1
"הסמכת עובדי מדינה שאינם עובדי רשות האוכלוסין לביצוע הרכשה ביומטרית",1
"הסמכת עובדים מתאימים וייעול מתן אישורי תברואה למוסדות חינוך",1
"הסמכת פקחי אכיפת תשלום בתחבורה ציבורית",1
"הסמכת פקחים ואכיפת סדר בשדה תעופה בזיכיון",1
"הסמכת פקחים עירוניים בחקיקת הקבע של הרשויות המקומיות",1
"הסמכת פקחים עירוניים ואיגודי ערים לאכיפת חוק צער בעלי חיים",1
"הסמכת קביעת שכר נושאי משרה ברשויות השלטון בחוק",1
"הסמכת קביעת שכר נושאי משרה ברשויות השלטון בחוק או לפי חוק",1
"הסמכת רב ממונה על הכותל המערבי וסמכויות אכיפה",1
"הסמכת רשויות מקומיות באיתור ואישור זכאות לשילוב במעונות יום",1
"הסמכת רשויות מקומיות לבצוע תפקידי רישוי",1
"הסמכת רשויות מקומיות לבצע שירותי רישוי",1
"הסמכת שירות הביטחון הכללי לטפל בעבירות הברחה",1
"הסמכת שר האוצר להאריך בצו את התקופה הקובעת",1
"הסמכת שר להאריך הוראת שעה בצו",1
"הסמכת שר לקביעת הוראות הנגשה בשידורי טלוויזיה",1
"הסמכת תובעים משטרתיים להורות על פסילת רישיון והודעות איסור שימוש ברכב",1
"הסרת אתרי אינטרנט המשמשים להונאות אמצעי תשלום",1
"הסרת דרישת אישור מיוחד להעמדה לדין משמעתי בגין שימוש בכוח",1
"הסרת דרישת הוכחת נזק נפשי חמור להטלת מגבלות",1
"הסרת דרישת הקשר הישיר בין עובד לקורבן כתנאי להשעיה או התליית רישיון",1
"הסרת חיסיון פלילי על פרסום טיפול ואשפוז פסיכיאטרי של קטינים",1
"הסרת חסינות למדינות זרות בתביעות אזרחיות בגין טרור",1
"הסרת חסמי רגולציה של רשות מקרקעי ישראל באזורי עימות",1
"הסרת מגבלה גיאוגרפית במתן תעודות הכשר",1
"הסרת מגבלות גיל בהתקשרות בעסקאות אשראי ותיווך באשראי",1
"הסרת מגבלות גיל וכמות על שימור פוריות והקפאת ביציות",1
"הסרת מגבלות והרחבת יבוא כלי רכב בידי יבואנים זעירים",1
"הסרת מגבלות טכניות על צילום במרחב הפרטי במוסדות גריאטריים",1
"הסרת מגבלות על העמדה לדין משמעתי של שוטרים",1
"הסרת מגבלות על רכישת מקרקעין ביהודה ושומרון",1
"הסרת מגבלות תוכן על פלטפורמות שידור מסורתיות",1
"הסרת מגבלת האשכול הסוציו-אקונומי ליישובים מוטבים",1
"הסרת מגבלת הגיל לאומני חירום",1
"הסרת מגבלת הגיל על אומני חירום",1
"הסרת מגבלת ימים שנתית על דמי מחלה בשל מחלת בני משפחה",1
"הסרת מכסות ורגולציה על גידול ושיווק תוצרת חקלאית",1
"הסרת פיקוח ומכסות על גידול ושיווק בוטנים",1
"הסרת פרטי עבריין מין מהמאגר עקב טיפול תרופתי",1
"הסרת פרטים מהמאגר עקב טיפול תרופתי",1
"הסרת תכנים אנטישמיים באינטרנט",1
"הסתייעות בגופים בודקים פרטיים ובדיקות עזר",1
"הסתייעות בעוזרים אישיים לפעילות פוליטית של ראשי רשויות",1
"הסתייעות הסניגוריה הציבורית במומחים ובחוקרים לניהול הייצוג המשפטי",1
"העברה אוטומטית של מבוטחים מפוליסת השקל הראשון לפוליסת משלים שב״ן",1
"העברה ישירה של צווי הורות למרשם האוכלוסין",1
"העברת אחריות לטיפול סיעודי מקופת החולים והמוסד לביטוח לאומי",1
"העברת אחריות על שירותי סיעוד מקופת ביטוח לאומי לקופות חולים",1
"העברת אכיפת עבירות תעבורה למסלול מינהלי",1
"העברת גביית מסים להוצאה לפועל",1
"העברת דמי חבר ודמי טיפול לארגון עובדים נבחר",1
"העברת האחריות על מעונות יום לפעוטות למשרד החינוך",1
"העברת האחריות על שירותי סיעוד מהביטוח הלאומי לקופות החולים",1
"העברת זכויות נפגעי עבירה בעבירות אלימות נגד נשים לעמותות מאושרות בהיעדר בני משפחה זכאים",1
"העברת מוטב בביטוח חיים למשכנתה אגב מיחזור",1
"העברת מידע ביומטרי ופלילי לגורמי אכיפה זרים",1
"העברת מידע ביומטרי מגופים אזרחיים לגופי ביטחון ומשטרה לזיהוי נעדרים וחללים",1
"העברת מידע ביומטרי ממשטרת ישראל וגופי הביטחון בע관 אירוע רב-נפגעים",1
"העברת מידע בין משטרה לרשות המסים ופסלות פנקסי חברה",1
"העברת מידע בין רשויות ושלילת קבילות פנקסי חשבונות",1
"העברת מידע בין רשויות לצורך מימוש זכויות",1
"העברת מידע ושילוב פטורים משירות בתעסוקה",1
"העברת מידע ושיתוף פעולה לשילוב בוגרי ישיבות בתעסוקה",1
"העברת מידע מגופים ציבוריים לרשות לאיסור הלבנת הון",1
"העברת מידע מהרשות המוסמכת למטה הלאומי ללוחמה כלכלית בטרור",1
"העברת מידע ממוסדות פיננסיים לרשות המסים לצורך חילופי מידע בין־לאומיים",1
"העברת מידע מסన్ను מרשות המסים לגופים ציבוריים לבקשת הנישום",1
"העברת מידע סודי לדרג המדיני בידי אנשי צבא ועובדי ציבור",1
"העברת מידע על פטירה בין משרד הפנים לרשויות ציבוריות",1
"העברת מידע על פטירה לרשויות מנהליות",1
"העברת מידע על פטירה לרשויות ציבוריות",1
"העברת מידע רפואי לגופים ציבוריים לצורך מיצוי זכויות",1
"העברת מידע רפואי לשם זיהוי נפטרים וקביעת סיבת מוות",1
"העברת מידע רפואי מלא במעבר בין קופות חולים",1
"העברת נכסים עזובים לקניין המדינה",1
"העברת סמכויות אסדרת ענף הדבש מגוף פרטי למדינה",1
"העברת סמכויות השר הממונה מראש הממשלה לשר לשוויון חברתי",1
"העברת סמכויות מועצה דתית לרשות המקומית",1
"העברת סמכויות סטטוטוריות לוועדת הבריאות",1
"העברת סמכויות סטטוטוריות לוועדת הפנים והגנת הסביבה בתחומי בינוי, מקרקעין ואיכות סביבה",1
"העברת סמכויות שר ממונה ועניין הדיווחים לכנסת",1
"העברת סמכות אישור מינויי בכירים מהממשלה לכנסת",1
"העברת סמכות אישור מינויים בכירים מהממשלה לכנסת",1
"העברת סמכות מינוי חוקרי ילדים לשר הרווחה",1
"העברת סמכות פסילת חברי כנסת ומועמדים לגורם שיפוטי",1
"העברת סמכות רישוי לוועדת ערר עקב שיהוק רשות מקומית",1
"העברת עודפי מכון התקנים לאוצר המדינה",1
"העברת עודפים מגופים סטטוטוריים לאוצר המדינה",1
"העברת עודפים ממכון התקנים לאוצר המדינה",1
"העברת ערכות דגימה פורנזיות משטחי מוסדות רפואיים למשטרה",1
"העברת קצבת ילדים להורה אומנה בהיעדר קשר עם ההורים הביולוגיים",1
"העברת קצבת ילדים להורה אומנה בהיעדר קשר עם הורים ביולוגיים",1
"העברת רכוש מחולט לנפגעי עבירה חקלאית",1
"העברת רכוש מחולט לנפגעי עבירה פלילית",1
"העברת שלל אמצעי לחימה זרים למדינה שלישית",1
"העברת תוכניות גדולות למועצה הארצית בעקבות אי-עמידה בלוחות זמנים",1
"העברת תוצרת חקלאית מעוקלת לרשויות מקומיות במקום השמדתה",1
"העברת תיק רפואי במעבר בין קופות חולים",1
"העדפה במכרזי מדינה למעסיקי משרתי מילואים",1
"העדפה במכרזי מדינה לעסקים המעסיקים משרתי מילואים",1
"העדפה מתקנת בחוק-יסוד",1
"העדפה מתקנת במכרזי מדינה למעסיקי משרתי מילואים",1
"העדפה מתקנת בנסיבות קבלה ללימודים לתושבי הנגב",1
"העדפה מתקנת בקבלה לאקדמיה למשרתי שירות סדיר ולאומי",1
"העדפה מתקנת בקבלה ללימודי תואר שלישי לפי מדד סוציואקונומי ופריפריאליות",1
"העדפה מתקנת בקבלה למוסדות השכלה גבוהה למשרתי שירות צבאי ולאומי",1
"העדפה מתקנת בקבלה למוסדות להשכלה גבוהה למשרתי שירות סדיר, לאומי ואזרחי",1
"העדפה מתקנת בקבלה למוסדות להשכלה גבוהה למשרתי שירות צבאי, לאומי או אזרחי",1
"העדפה מתקנת וזכויות תעסוקתיות למשרתי מילואים",1
"העדפה מתקנת לחיילים ששירתו כלוחמים בשירות המדינה",1
"העדפה מתקנת ללוחמים בהשכלה הגבוהה",1
"העדפה מתקנת ללוחמים משוחררים בהשכלה גבוהה",1
"העדפה מתקנת למשרתי מילואים במוסדות אקדמיים",1
"העדפה מתקנת למשרתי מילואים בקבלה למוסדות להשכלה גבוהה",1
"העדפה מתקנת למשרתי שירות צבאי ולאומי בקבלה לאקדמיה",1
"העדפה מתקנת לנכי צה״ל במכרזים ממשלתיים",1
"העדפת בני מקום בשיווק קרקעות באזורי עדיפות לאומית",1
"העדפת חיילי מילואים ונכי צהל ברכישת קרקע בפריפריה",1
"העדפת חיילי מילואים ונכי צהל ברכישת קרקע ויחידות דיור בפריפריה",1
"העדפת חיילי מילואים ונכי צה״ל בשיווק קרקעות בפריפריה",1
"העדפת חיילים ששירתו כלוחמים במינויים בשירות המדינה",1
"העדפת טובין ממוחזרים במכרזים ציבוריים",1
"העדפת יישובי קו העימות במכרזים ציבוריים",1
"העדפת מסיימי שירות בקבלה למוסדות להשכלה גבוהה",1
"העדפת מסיימי שירות בקבלה לשירות המדינה",1
"העדפת מעסיקי אוכלוסיות ייחודיות במכרזים ציבוריים",1
"העדפת משרתי מילואים בקבלה לעבודה ובקבלה ללימודים",1
"העדפת משרתים בתכניות דיור ממשלתיות",1
"העדפת משרتים במינויים בשירות המדינה",1
"העדפת מתן רישיון למכשור רפואי בפריפריה",1
"העדפת נכי צה״ל במכרזים ובניהול מזנונים ממשלתיים",1
"העדפת ספקים מקומיים במכרזי ביטחון",1
"העדפת עסקים בפריפריה במכרזים ציבוריים",1
"העדפת עסקים קטנים ובינוניים בפריפריה במכרזים",1
"העדפת עסקים קטנים ובינוניים בפריפריה במכרזים ציבוריים במקרה של שוויון",1
"העדפת תוצרת הארץ ברכש ביטחוני",1
"העדפת תוצרת הארץ ברכש ממשלתי של מוצרי טקסטיל",1
"העדפת תוצרת הארץ ברכש ציבורי",1
"העדפת תוצרת מקומית ועובדים ישראלים במכרזים ציבוריים",1
"העדפת תורמים למדינה בהקצאת מקרקעין למגורים",1
"העדפת תורמים למדינה בחלוקת מעונות סטודנטים",1
"העדפת תורמים למדינה בקבלה לעבודה",1
"העדפת תושבי פריפריה וירושלים בקבלה לשירות המדינה",1
"העלאת אופניים לרכבת",1
"העלאת גיל המקסימום של הורים אומנים",1
"העלאת גיל הפטור משירות מילואים",1
"העלאת דמי ביטוח בריאות",1
"העלאת מס השכר והרווח על בנקים",1
"העלאת שיעורי דמי ביטוח לאומי",1
"העלאת תקרת ההיטל על שקיות נשיאה חד-פעמיות",1
"הענקת אזרחות כבוד לחללי מערכות ישראל שאינם אזרחים",1
"הענקת סמכויות חיפוש ועיכוב לסיירי ביטחון עירוניים",1
"העסקה פרטית של סוהרים למשימות ליווי ואבטחה",1
"העסקת בני נוער במנוחה השבועית",1
"העסקת בני נוער בשעות הלילה בחופשת הלימודים",1
"העסקת יתומים אחרי גיל הפרישה",1
"העסקת עובדים זרים בתחזוקה וניקיון במעונות יום לפעוטות",1
"העסקת עובדים זרים מחליפים בענף הסיעוד באמצעות תאגיד",1
"העסקת עובדים זרים מחליפים בענף הסיעוד באמצעות תאגידים",1
"העסקת שוטרים בחוזה מיוחד",1
"הערכת עלויות להצעות חוק תקציביות",1
"הפחתה מדורגת בעדכוני המדד לגמלאי צהל",1
"הפחתת אגרות העסקת עובדים זרים בחקלאות",1
"הפחתת אגרות העסקת עובדים זרים בענף המלונאות",1
"הפחתת אגרות ודמי היתר להעסקת עובדים זרים",1
"הפחתת דמי ביטוח בריאות לתושבי הפריפריה",1
"הפחתת דמי הפצה לערוצים קטנים ותחנות רדיו במערך השידור הדיגיטלי",1
"הפחתת הקצבות המדינה למוסד לביטוח הלאומי",1
"הפחתת הקצבות המדינה למוסד לביטוח הלאומי והקפאת השכר הממוצע",1
"הפחתת הרוב הנדרש בבית משותף לשיקום מבנה שנהרס",1
"הפחתת הרוב הנדרש לחיזוק מבנים מפני רעידות אדמה",1
"הפחתת מדרגות ושיעורי מס הכנסה וחברות",1
"הפחתת מחיר המטרה של החלב",1
"הפחתת מס חברות",1
"הפחתת עיצומים כספיים על תאגידים בבורסה ייעודית",1
"הפחתת ענישה בחריגה קלה מסייג לאחריות פלילית",1
"הפחתת קנסות ותוספות פיגור במרכז לגביית קנסות",1
"הפחתת רף הסכמת הבעלים להגשת תוכנית בקרקע פרטית מרובת בעלים",1
"הפחתת שיעורי מס הכנסה ליחידים",1
"הפחתת שכר לימוד ודמי מעונות לסטודנטים בשעת חירום",1
"הפחתת שכר נושאי משרה בחירום",1
"הפחתת תקציב למוסדות אקדמיים בשל אי-אכיפת חוק",1
"הפחתת תקציב למוסדות אקדמיים בשל שיתוף פעולה עם ארגונים הפועלים נגד המדינה",1
"הפחתת תקציב מוסדות אקדמיים בשל שיתוף פעולה עם ארגונים הפועלים נגד המדינה",1
"הפחתת תקציב תאגיד השידור הישראלי",1
"הפטר על חוב מזונות למוסד לביטוח לאומי לחייבים המתקיימים מקצבת קיום",1
"הפיכת הוראת שעה להוראת קבע",1
"הפיכת הוראת שעה לסייבר לקבע וניתוקה ממצב הלחימה",1
"הפיכת היחידה לשחרור קצרים להסדר קבע",1
"הפיכת חוק איסור צריכת זנות להוראת קבע",1
"הפיכת מערך השיטור העירוני להסדר קבוע",1
"הפיכת משרת סגן מנהל כללי במשרד ממשלתי למשרת אמון פטורה ממכרז",1
"הפיכת שיטור עירוני להסדר קבע",1
"הפללה והחמרת ענישה בגין נטילת דמי חסות",1
"הפללת אי תשלום דמי הבראה וניהול פנקסים",1
"הפללת איומים, ביזוי והסתה נגד אנשי כוחות הביטחון",1
"הפללת ביצוע הפסקות היריון שלא כדין",1
"הפללת גביית דמי חסות וניצול מצוקה",1
"הפללת הזדהות עם ארגון טרור ללא דרישת הסתברות",1
"הפללת החזקת מזומן בסכומים גבוהים",1
"הפללת הכחשת חטיפה והחזקת חטופים",1
"הפללת הכנת פרסום בדבר שירותי זנות",1
"הפללת הנפת דגל של ישות עוינת במרחב הציבורי",1
"הפללת העלבת אנשי כוחות הביטחון",1
"הפללת הפרת הוראות קיום יום הזיכרון",1
"הפללת הפרת רישיון לפי חוק המים",1
"הפללת התארגנויות חמושות אזרחיות בלתי מוסדרות",1
"הפללת וידוא הריגה לחייל",1
"הפללת חסימת כבישים והאטת תנועה במחאה",1
"הפללת חרם חברתי על קטין",1
"הפללת חרם חברתי על קטינים",1
"הפללת יחסי מין בין בני משפחה בגירים תוך ניצול מרות או תלות",1
"הפללת ייצוא חומרים המותרים בישראל אך אסורים במדינת היעד",1
"הפללת ייצוא חומרים המותרים בישראל אך אסורים כמדמה סם במדינה זרה",1
"הפללת מניעת טיפול רפואי במסגרת שליטה שיטתית וניצול נפשי",1
"הפללת מסירת מידע כוזב וסירוב התייצבות בפני ועדות הכנסת",1
"הפללת מסירת מידע כוזב לוועדת הכנסת",1
"הפללת מעורבים בהעברת כספים מהרשות הפלסטינית לפעילי טרור",1
"הפללת מעשה מגונה בהסכמה בקטינים בני 14 עד 16",1
"הפללת מעשה מגונה בהסכמת קטינים בגילאי 14 עד 16",1
"הפללת מעשי הזדהות עם טרור",1
"הפללת נותני היתרים לנישואים אסורים",1
"הפללת נטילת דמי חסות וענישה מחמירה",1
"הפללת נטילת דמי חסות וקביעת עונשי מינימום",1
"הפללת ניהול והנהגה של כת פוגענית",1
"הפללת סיוע בהוצאת רכוש עבור שוהים בלתי חוקיים והכללתו בחוק איסור הלבנת הון",1
"הפללת עבירות מול ועדות הכנסת",1
"הפללת עובדי ציבור המסתירים מידע ביטחוני מהדרג המדיני",1
"הפללת עוסקים בזנות בעבירת מטרד",1
"הפללת עינויים ויחס אכזרי מצד עובדי ציבור",1
"הפללת עריכת טקס נישואין דתי ללא רישום אזרחי מוקדם",1
"הפללת פגיעה בגופת המת",1
"הפללת פגיעה בסמלי המדינה באירועי ספורט",1
"הפללת פגיעה וחילול במתחם הר הבית",1
"הפללת פניות מיניות לקטינים ברשת",1
"הפללת פנייה למוסדות בינלאומיים והליכי הסגרה",1
"הפללת פעילות שלטונית של גורמים זרים והחמרת ענישה",1
"הפללת פרסום זיוף עמוק למטרות פגיעה מינית, מרמה והשפעה על בחירות",1
"הפללת פרסום מידע על תחלואה נפשית של קטינים",1
"הפללת צריכת פרסומי טרור",1
"הפללת צרכני קנבוס לשימוש עצמי",1
"הפללת קטינים בגין בריחה ממשמורת טיפולית",1
"הפללת קטינים נזקקים בגין בריחה ממשמורת",1
"הפללת קטינים נזקקים עקב בריחה ממשמורת",1
"הפללת קיום טורנירי פוקר ללא רישיון",1
"הפללת קריאה לסרבנות במסגרת עבירת המרדה",1
"הפללת שבח, תמיכה והצדקה של מעשי טבח",1
"הפללת שיבוש פעולת מצלמות אכיפה",1
"הפללת שידול להברחת חומרים המותרים בישראל אך אסורים בחוץ לארץ",1
"הפללת שידול לייבוא או ייצוא סמים אסורים לפי דין זר",1
"הפללת שידול לייבוא או ייצוא סמים המותרים בישראל אך אסורים בחוץ לארץ",1
"הפללת שידול לייבוא או ייצוא סמים למדינה זרה",1
"הפללת שידול קטינים לשינוי אורח חיים דתי",1
"הפללת שימוש פומבי בסמל נאצי מתוך כוונה להביע אהדה",1
"הפללת שימוש פומבי בסמלים נאציים וביטויים נאציים",1
"הפללת שקילת מידע פלילי נוסף בהליכי קבלת עובדים",1
"הפסקת העברת כספים ועצירת שירותי תשלום לעוסק מפר",1
"הפסקת הפרשות לפנסיה תקציבית וקרנות ותיקות לעובדים שהגיעו לגיל פרישה",1
"הפסקת כהונה של ראש ממשלה מחמת הגשת כתב אישום",1
"הפסקת כהונה של שר או סגן שר מחמת הגשת כתב אישום",1
"הפסקת כהונת נבחרי ציבור מחמת כתב אישום",1
"הפסקת כהונת נושאי משרה בכירים בתחילת כהונת ממשלה חדשה",1
"הפסקת כהונת ראש ממשלה בשל הרשעה פלילית",1
"הפסקת כהונת ראש ממשלה עקב הרשעה פלילית",1
"הפסקת כהונת שר בשל חשד פלילי",1
"הפסקת פעילות אונר״א וביטול מעמדה",1
"הפסקת פעילות וחסינויות של אונר״א בישראל",1
"הפעלת מצלמות זיהוי ביומטריות במגרשי ספורט",1
"הפעלת מתנדבים בשירות בתי הסוהר",1
"הפעלת קווי תחבורה ציבורית ישירים לבתי חולים",1
"הפעלת שדות תעופה בזיכיון פרטי",1
"הפעלת שירותי מים וביוב בידי רשויות מקומיות במקום תאגידים ייעודיים",1
"הפעלת שירותי מים וביוב בידי רשות מקומיות במקום תאגידים ייעודיים",1
"הפעלת שירותי מים וביוב בידי רשות מקומית במקום תאגיד מים",1
"הפעלת שירותי מים וביוב על ידי רשות מקומית",1
"הפעלת תחבורה ציבורית בשבת",1
"הפעלת תחבורה ציבורית בשבת ובמועדי ישראל",1
"הפעלת תחבורה ציבורית בשבתות ובמועדים",1
"הפעלת תחנת רדיו צבאית והפרטת גלי צהל",1
"הפצת דברי פרסומת פיזיים בתיבות דואר",1
"הפקדה עצמאית לקרן השתלמות לעובדים שכירים שמעסיקם אינו מפריש בעבורם",1
"הפקדת מזומן והמחאות בכספומטים חוץ-בנקאיים",1
"הפקדת ערובה כתנאי לפתיחת חקירת היצף",1
"הפקדת ערובה להגשת תלונה על יבוא בהיצף",1
"הפקות מקומיות ותקצוב שידורים בשפה הגאורגית",1
"הפקעת זכויות רכושיות של בן זוג שהורשע ברצח בן הזוג",1
"הפקעת מקרקעין ללא פיצוי",1
"הפקעת מקרקעין עבור מתקני השנאה לחשמל",1
"הפרדה בין דירקטוריונים של בנקים ושל חברות ציבוריות",1
"הפרדה מבנית ומניעת גישה למאגר המידע המודיעיני של הרשות",1
"הפרדה מבנית ומניעת גישה למאגר מידע מודיעיני",1
"הפרדה מגדרית במוסדות להשכלה גבוהה",1
"הפרדה מגדרית מטעמי דת במוסדות להשכלה גבוהה",1
"הפרדת איגוד ערים כנרת מרשות ניקוז ונחלים",1
"הפרדת בעלות בין בנקים לעידוד תחרות",1
"הפרדת בעלות בין תאגידים בנקאיים",1
"הפרדת הלוואות זכאות ממסלולי מימון אחרים",1
"הפרדת התביעה הכללית מהייעוץ המשפטי לממשלה",1
"הפרדת סמכות קביעת התקינה מבדיקת התאמת מוצרים במכון התקנים",1
"הפרדת פעילות בין לשכות פרטיות לבין חברות סיעוד",1
"הפרדת תפקיד היועץ המשפטי לממשלה וראש התביעה הכללית",1
"הפרדת תפקיד היועץ המשפטי לממשלה וראש התביעה הפלילית",1
"הפרדת תפקיד התביעה הכללית מהייעוץ המשפטי לממשלה",1
"הפרדת תפקיד התובע הכללי מהיועץ המשפטי לממשלה",1
"הפרטת רשת ב והפעלתה בידי בעל רישיון פרטי",1
"הפרטת שידורי הטלוויזיה הציבוריים",1
"הפרטת שידורי רשת ב",1
"הפרטת שידורי רשת ב והנהגת רדיו מסחרי ארצי",1
"הפרטת תחנת רדיו צבאית והעברתה לבעלות פרטית",1
"הפרטת תחנת רדיו צבאית והפעלתה בידי גורם פרטי",1
"הפרשות פנסיוניות בשמירת היריון וחופשת לידה",1
"הצבה והפעלה של מערכות צילום משטרתיות מתקדמות",1
"הצבעה חשאית בכנסת על הקמת ועדות חקירה",1
"הצבעה מרחוק של חברי פרלמנט",1
"הצבעת אזרחים בחוץ לארץ",1
"הצבעת אזרחים בשירות אזרחי מחוץ לארץ",1
"הצבעת אנשי צוות אוויר מחוץ לישראל",1
"הצבעת חיילים בבחירות לרשויות המקומיות מחוץ לשטחי המדינה",1
"הצבעת תושבים מפונים בקלפיות מיוחדות",1
"הצבת דגל המדינה בכיתות הלימוד",1
"הצבת חיילות בשירות בתי הסוהר באגפי אסירים ביטחוניים",1
"הצבת חיילי חובה במשטרת ישראל",1
"הצבת חיילי חובה בשירות בתי הסוהר",1
"הצבת מערכות זיהוי ביומטריות במרחב הציבורי",1
"הצבת שלטי אזהרה מפני מצלמות מהירות",1
"הצבת תיבות איסוף תרופות במרפאות קופות חולים",1
"הצגת מחירי מוצרים בקופה לצרכן",1
"הצגת מחירים קודמים בשעת חירום",1
"הצגת שעון זמן מואר ברמזורים",1
"הצהרת אמונים לראשי נציגויות דיפלומטיות",1
"הצהרת מחויבות לציונות בהליך הרכבת הממשלה",1
"הצמדת הבטחת הכנסה לקשישים לשכר הממוצע",1
"הצמדת חניות נגישות בבית משותף חדש",1
"הצמדת מענקים ותשלומים לחיילים בודדים למדד",1
"הצמדת קצבאות אזרח ותיק ונכות לשכר המינימום",1
"הצמדת קצבאות הביטוח הלאומי",1
"הצמדת קצבאות נכות מעבודה לשכר הממוצע במשק",1
"הצמדת קצבת אזרח ותיק לשכר המינימום",1
"הצמדת קצבת אזרח ותיק לשכר הממוצע במשק",1
"הצמדת קצבת נכות לשכר מינימום",1
"הצמדת קצבת נכות מעבודה לשכר הממוצע במשק",1
"הצמדת שכר נבחרי ציבור לשכר המינימום",1
"הצמדת שכר שוטרים וסוהרים למשרתי קבע",1
"הצמדת תקרת הפטור ממס על הכנסות משכר דירה",1
"הצמדת תקרת מס לקרן השתלמות לשכירים",1
"הקדימה בפרסום בקשת פטנט לעיון הציבור",1
"הקדימת בחירות ופיזור הכנסת",1
"הקדמת גיל הזכאות למעון יום שיקומי לפעוטות עם מוגבלות",1
"הקדמת גיל הזכאות למעונות יום שיקומיים",1
"הקדמת גיל זכאות למעונות יום שיקומיים",1
"הקדמת מועד הגשת רשימות המועמדים",1
"הקוח והרכב הוועדה המייעצת לרשות",1
"הקלה באישורי יבוא למוצרי חשמל באמצעות מרשמים אירופיים",1
"הקלה בעונש בשל חריגה מועטה מסייג אחריות פלילית",1
"הקלות באגרות והפחתת רגולציה לעסקים קטנים",1
"הקלות באגרות לעסקים קטנים וזעירים",1
"הקלות בבחינות לתלמידים וסטודנטים בעת מצב חירום",1
"הקלות בהכרזה על מתחמי פינוי ובינוי בבנייה צמודת קרקע",1
"הקלות ביבוא מזון במסלול האירופי ליבואנים נאותים",1
"הקלות במבחן הכנסה למקבלי דמי מזונות המשתלבים בשוק העבודה",1
"הקלות במבחני הכנסה ופטור מדמי ביטוח לפנסיה חוץ-לאומית של עולים",1
"הקלות במבחני הסמכה למשרתי מילואים",1
"הקלות במימון בחירות ומקדמות לסיעות ולמועמדים",1
"הקלות במס בגין שווי שימוש ברכב לשומרי שבת וחג",1
"הקלות במס ובהיטלי השבחה לשיקום מבנים שנהרסו",1
"הקלות במס ערך מוסף לעסקים חדשים",1
"הקלות במס רכישה לרוכשי דירה ראשונה שטרם נמסרה",1
"הקלות במס שווי שימוש ברכב לשומרי שבת וחג",1
"הקלות בנייה לבניינים קיימים",1
"הקלות בפיטורי עובדים ואחריות נזיקית על שביתה בלתי מוגנת",1
"הקלות ברישוי עסקים באזור חבל התקומה",1
"הקלות ברישוי עסקים באזורי שיקום",1
"הקלות בתנאי זכאות לדמי אבטלה בתקופת חירום",1
"הקלות בתנאי קבלה ללימודי רפואה ללוחמים ולתומכי לחימה",1
"הקלות בתנאי קבלה למוסדות אקדמיים והכשרה מקצועית למשרתי מילואים",1
"הקלות והיעדרות מהעבודה לבני זוג של משרתי כוחות ביטחון ומילואים",1
"הקלות וקיצור לוחות זמנים בבקשות חופש מידע המוגשות בידי חברי הכנסת",1
"הקלות מס בהחלפת דירת מגורים שאינה דירה יחידה",1
"הקלות מס ומענקים באזורי פיתוח לאוכלוסיות בסיכון ביטחוני",1
"הקלות מס שכר למלכ""רים לפי אזור גיאוגרפי",1
"הקלחת רוב נדרש לבניית ממד לאנשים עם מוגבלות",1
"הקלחת תנאי סף להקמת מועצה מקומית ליישובים מתוכננים בהיקף בנייה גדול",1
"הקלטת דיונים בבית המשפט לענייני משפחה",1
"הקלטת סתר בידי הורים במוסדות חינוך למטרת מניעת התעללות",1
"הקלטת קול ותנאים טכניים במצלמות במוסדות סיעודיים",1
"הקלת תנאי אכיפה ומעצר בהפרת צו הגנה",1
"הקלת תנאי גזירת והפחתת עונש מוות בבתי משפט צבאיים",1
"הקלת תנאי גזירת עונש מוות ומניעת חנינה בבתי משפט צבאיים",1
"הקלת תנאי הסף לתלות בעזרת הזולת לזכאות לימי מחלה בשל בן זוג",1
"הקלת תנאי ייבוא למעונועים המשמשים למגורים",1
"הקמה והסדרה של זרם חינוך ממלכתי-חרדי",1
"הקמה והסדרה של רשויות מטרופוליניות לתחבורה ציבורית",1
"הקמה והסמכה של מינהלת תקומה כיחידת סמך עצמאית",1
"הקמה והרכב של ועדת חקירה ממלכתית-לאומית",1
"הקמת אוניברסיטה חדשה במחוז הצפון",1
"הקמת אוניברסיטה ייעודית במגזר הערבי",1
"הקמת אוניברסיטה ערבית",1
"הקמת אוניברסיטה ערבית ושפת הוראה",1
"הקמת אזורי פיתוח אקלימיים ויעדי הפחתת פליטות ברשויות מקומיות",1
"הקמת איגודי ערים חופיות והעברת סמכויות חופים",1
"הקמת איגודים אזוריים לשירותי השגחת כשרות",1
"הקמת בורסה ייעודית לחברות קטנות ובינוניות",1
"הקמת בית דין מיוחד למשתתפים באירועי 7 באוקטובר",1
"הקמת בית דין מיוחד לשיפוט בגין השמדת עם",1
"הקמת בית חולים ביישוב ערבי",1
"הקמת בית חולים בסחנין וקביעת לוחות זמנים מואצים להקצאת קרקע ותכנון",1
"הקמת בית חולים ממשלתי בסח'נין",1
"הקמת בית משפט לחוקה וסמכות ביקורת שיפוטית",1
"הקמת בית משפט לענייני חוקה",1
"הקמת בתי דין מינהליים ייעודיים לעררים על אכיפה מינהלית",1
"הקמת גוף ייעוץ ממסדי לענייני הדורות הבאים",1
"הקמת גוף לחקר האמת ופתיחת מידע חסוי",1
"הקמת גוף מודיעין חלופי ומבוקר",1
"הקמת גוף ממשלתי מרכזי למאבק בעוני ותיאום בין-משרדי",1
"הקמת גופים ייעודיים לניהול משבר האקלים (מועצה לאומית לאקלים וועדת מומחים)",1
"הקמת גופים מקצועיים ומייעצים למדיניות אקלים",1
"הקמת הוועדה לביטחון לאומי והעברת סמכויות אכיפה ובטחון פנים",1
"הקמת היישוב אופיר והסדרת תשתיות בחבל תקומה",1
"הקמת המועצה הארצית להיערכות אזרחית למצבי חירום",1
"הקמת המועצה הלאומית לאקלים וועדת מומחים",1
"הקמת המועצה המאסדרת לענייני מטרו",1
"הקמת המרכז הלאומי לאבחון נתוני נוסעים ועצמאותו המקצועית",1
"הקמת הרשות הלאומית למאבק בעוני",1
"הקמת הרשות והמועצה לתקשורת משודרת",1
"הקמת ועדה ארצית לתכנון ולבנייה להתיישבות הבדואים בנגב",1
"הקמת ועדה בין-משרדית ותוכנית סיוע למשפחות נעדרים וחטופים",1
"הקמת ועדה חיצונית אחידה למתן היתרים לעיסוק נוסף לחברי כנסת, שרים ושופטים",1
"הקמת ועדה ייעודית לקביעת אזורי שיקום והתחדשות",1
"הקמת ועדה מוניציפלית לקידום מעמד האישה ושוויון מגדרי",1
"הקמת ועדה ממלכתית לגיבוש ביטוח סיעוד ממלכתי",1
"הקמת ועדה ציבורית מייעצת לייצור אמות מידה לחלוקת משאבים",1
"הקמת ועדות הנחות בתאגידי מים וביוב",1
"הקמת ועדות זמניות בכנסת לתחומי חוקה וביטחון לאומי",1
"הקמת ועדות משנה מחוזיות לתיירות",1
"הקמת ועדות תכנון מיוחדות ליישובים דרוזיים",1
"הקמת ועדות תמורות לבירור תביעות בעלות במקרקעין",1
"הקמת ועדת חקירה ממלכתית באישור או חקיקה ראשית",1
"הקמת ועדת חקירה ממלכתית בחקיקה ראשית",1
"הקמת ועדת חקירה ממלכתית בחקיקה ראשית פרטנית",1
"הקמת ועדת חקירה ממלכתית לאירועים שקדמו למלחמה",1
"הקמת ועדת חקירה ממלכתית למחדלי 7 באוקטובר בחקיקה ראשית",1
"הקמת ועדת חקירה ממלכתית לנושא ספציפי",1
"הקמת ועדת חריגים להכרה בנספים במערכה",1
"הקמת ועדת תכנון מיוחדת ומרכזת סמכויות לחבל תקומה",1
"הקמת זרם חינוך ממלכתי חרדי וחובת הקמת מוסדות לפי דרישת הורים",1
"הקמת זרם חינוך ממלכתי-חרדי וחובת הקמת מוסדות לפי דרישת הורים",1
"הקמת חדר מיון ביישווב פריפריאלי",1
"הקמת חדר מיון בעיר קרית שמונה",1
"הקמת חדר מיון בקריית שמונה",1
"הקמת חדר מיון ייעודי בקריית שמונה",1
"הקמת חדרי מיון קדמיים והגבלת מרחק",1
"הקמת חטיבת רכזי ביטחון שוטף לאומי במשמר הגבול",1
"הקמת יחידה ממשלתית ואכיפת חובת דוחות שכר מגדריים",1
"הקמת יחידת חילופי מידע לטובת קורבנות טרור והליכים משפטיים",1
"הקמת יחידת סייבר ארצית והקצאת תקציב ייעודי",1
"הקמת יישוב חדש ומתן בעלות קניינית ללא תמורה ליישובים בחבל תקומה",1
"הקמת יישוב עירוני חדש לאוכלוסייה ייעודית",1
"הקמת יישובים חדשים במסלול תכנוני מזורז",1
"הקמת יישובים חקלאיים והמרת יישובים קהילתיים בנגב",1
"הקמת כתובת רגולטורית לפניות ותלונות של מעסיקים בענף הסיעוד הביתי",1
"הקמת מאגר מידע ארצי וחובת פרסום למיקומי מכשירי החייאה",1
"הקמת מאגר מידע גנטי לאיתור קרובים נעדרים",1
"הקמת מאגר מידע גנטי עירוני לכלבים לצורך אכיפת ניקיון המרחב הציבורי",1
"הקמת מאגר מידע דיגיטלי להכשרות מקצועיות",1
"הקמת מאגר מידע ומערך טיפולי לנפגעי כתות",1
"הקמת מאגר מידע ושקיפות במערך ההכשרות המקצועיות",1
"הקמת מאגר מידע ממשלתי לרישום בעלי כלים קלים",1
"הקמת מאגר מידע ממשלתי מרוכז לדוחות חניה",1
"הקמת מאגר מידע מרוכז לדוחות חניה",1
"הקמת מאגר מידע מרכזי וחובת דיווח על כספים ללא דורש",1
"הקמת מאגר מידע מרכזי לדוחות חניה",1
"הקמת מאגרי מידע גנטי לכלבים ברשויות מקומיות",1
"הקמת מאגרי מידע משולבים לאימוץ ולאומנה",1
"הקמת מבני מגורים וחקלאות בשטחי מרעה",1
"הקמת מבקר חיצוני לפרקליטות",1
"הקמת מוסד אקדמי ביישוב בפריפריה או בחברה הערבית",1
"הקמת מוסד ייעודי ליישוב סכסוכים בביטוח",1
"הקמת מוסד עליון לשפת הסימנים הישראלית",1
"הקמת מוסד רישוי ארצי לבקשות היתר בנייה בהיקפים גדולים",1
"הקמת מוסד תכנון מיוחד לאזורי שיקום",1
"הקמת מוסדות להשכלה גבוהה בידי מוסדות ציבוריים חינוכיים",1
"הקמת מועצה לאומית לשפת הסימנים",1
"הקמת מועצה לאומית לשפת הסימנים הישראלית",1
"הקמת מועצה לחינוך ממלכתי כללי",1
"הקמת מועצה לחינוך ממלכתי-חרדי",1
"הקמת מועצה מייעצת ומינוי רשם לענייני רישוי",1
"הקמת מועצה ציבורית וסמכויות פיקוח לחינוך הממלכתי-חרדי",1
"הקמת מועצה ציבורית להנצחה ולקידום מטרות החוק",1
"הקמת מועצה ציבורית להנצחה ומנגנון תמיכות",1
"הקמת מועצה ציבורית להנצחה ותמיכה במוסדות ציבור",1
"הקמת מועצה ציבורית להנצחה ותפקידיה",1
"הקמת מועצה ציבורית להנצחת המחתרות ותמיכה במוסדות ציבור",1
"הקמת מועצה ציבורית להנצחת מורשת קהילה חברתית",1
"הקמת מועצה ציבורית למוסיקה ישראלית",1
"הקמת מועצה ציבורית לשכר ותנאי עבודה של נהגי תחבורה ציבורית",1
"הקמת מועצה ציבורית מייעצת להנצחה",1
"הקמת מועצת היער ותפקידיה",1
"הקמת מועצת הרשות הלאומית לרפואה משפטית והרכבה",1
"הקמת מועצת עורכי דין סטטוטורית חלופית",1
"הקמת מוקד טלפוני להדרכת מטופלים בקנאביס רפואי במסגרת קופות החולים",1
"הקמת מוקד פניות ארצי ומתן סיוע פסיכולוגי למוחרמים",1
"הקמת מוקד פניות ארצי ומתן סיוע פסיכולוגי לתלמידים מוחרמים",1
"הקמת מחלקות ייעודיות לעבירות מין בבתי המשפט",1
"הקמת מחלקות מיוחדות לעבירות מין",1
"הקמת מחלקת מודיעין חלופית מוסדית",1
"הקמת מחלקת מודיעין חלופית עצמאית",1
"הקמת מטרופולין ירושלים רבתי ומועצה משותפת",1
"הקמת מינהלה ותחום פעולה תקציבי ייעודי",1
"הקמת מינהלת ותוכנית לאומית לשימור המגוון הביולוגי",1
"הקמת מינהלת ייעודית להטמעת מורשת יהדות ספרד והמזרח במערכת החינוך",1
"הקמת מינהלת ייעודית למשרתי מילואים",1
"הקמת מינהלת ייעודית לשיקום ופיתוח אזורי",1
"הקמת מינהלת מילואים ייעודית",1
"הקמת ממונה ממשלתי לפניות מעסיקים בענף הסיעוד הביתי",1
"הקמת מנגנון אכיפה מינהלית ובית דין ייעודי",1
"הקמת מנגנון חיצוני לפיקוח ותלונות אסירים",1
"הקמת מנגנון חקירה עצמאי לפשעי מלחמה",1
"הקמת מנגנון פיקוח ואכיפה ממשלתי לפערי שכר מגדריים",1
"הקמת מנגנון תכנון ורישוי לפעילויות באזור הכלכלי הבלעדי",1
"הקמת מסגרת ארגונית וועדות מייעצות למשבר האקלים",1
"הקמת מסגרת סיוע ותוכנית ליווי לבני משפחות נעדרים אזרחיים",1
"הקמת מסגרת רגולטורית לגופי פיקדון ואשראי חברתי ולבנקים חברתיים",1
"הקמת מסלול שירות אזרחי־ציבורי והרחבת גופים מפעילים",1
"הקמת מעונות יום במוסדות אקדמיים לסטודנטים הורים",1
"הקמת מערך טיפול לנפגעי כתות",1
"הקמת מערך סיוע וועדה בין-משרדית למשפחות נעדרים אזרחיים",1
"הקמת מערך סיוע ותמיכה לבני משפחות נעדרים אזרחיים",1
"הקמת מערך צוותי התערבות במשבר נפשי בקהילה",1
"הקמת מערך רפואה מונעת בגופים ביטחוניים",1
"הקמת מערכת שיפוטית למקרקעין באזור יהודה והשומרון",1
"הקמת מצבה לאדם ערירי בידי המועצה הדתית",1
"הקמת מרחב מוגן לאנשים עם מוגבלות בבית משותף",1
"הקמת מרכז הנצחה ומחקר לפרשת ילדי תימן, המזרח והבלקן",1
"הקמת מרכז הנצחה ומחקר ממלכתי לפרשת ילדי תימן, המזרח והבלקן",1
"הקמת מרכז הנצחה ממלכתי",1
"הקמת מרכז הנצחה ממלכתי וגוף מחקר לדמות היסטורית",1
"הקמת מרכז הנצחה ממלכתי ותאגידי ליצחק נבון",1
"הקמת מרכז הנצחה ממלכתי לאירועי 7 באוקטובר ומלחמת חרבות ברזל",1
"הקמת מרכז הנצחה ממלכתי לאישים",1
"הקמת מרכז הנצחה ממלכתי לדמות רוחנית",1
"הקמת מרכז הנצחה ממלכתי למורשת הרבי מלובביץ ותנועת חב״ד",1
"הקמת מרכז הנצחה סטטוטורי לזאב ז'בוטינסקי",1
"הקמת מרכז לאומי למידע ולמחקר בתחום העוני",1
"הקמת מרכז לאומי למידע ולמחקר בתחום הרפואה המשפטית",1
"הקמת מרכז לאומי למידע ולמחקר וסמכות דרישת מידע",1
"הקמת מרכז לתולדות החברה הערבית",1
"הקמת מרכז ממלכתי למורשת הערבית",1
"הקמת מרכז ממלכתי למורשת יהדות תימן",1
"הקמת מרכז ממלכתי למורשת עדה",1
"הקמת מרכז סטטוטורי למורשת יהדות קווקז",1
"הקמת מרכז ציבורי למורשת קהילתית",1
"הקמת מרכז שירות ארצי וממשלתי לכרטיס רב-קו",1
"הקמת מרכז שירות ארצי לכרטיס קו-רב",1
"הקמת מרכזי חירום ושליטה ברשויות מקומיות סמוכות גבול",1
"הקמת מרכזי טיפול ייעודיים לנפגעי עבירות מין בגירים",1
"הקמת מרשם סרבני גט פומבי",1
"הקמת משמרים מקומיים והפעלתם בחירום ובשגרה",1
"הקמת מתחמי מגורים ועבודות זמניות למפונים בפטור מתוכנית ומהיתר",1
"הקמת מתקני שידור סלולרי בנכסי מדינה",1
"הקמת נציב תלונות הציבור על רבנים וסמכויותיו",1
"הקמת נציבות זכויות נפגעי עבירה",1
"הקמת נציבות תלונות אסירים חיצונית",1
"הקמת נציבות תלונות הציבור על עובדים סוציאליים",1
"הקמת סיירות ביטחון עירוניות והסמכתן",1
"הקמת ערכאה שיפוטית מיוחדת לעבירות השמדת עם",1
"הקמת ערכאת ערר על החלטות רשות הרישוי בנושא תג נכה",1
"הקמת ערכאת ערר על החלטות תג נכה",1
"הקמת פקולטה לרפואה באילת",1
"הקמת צוות היגוי בין-משרדי להקמת תשתית לאומית",1
"הקמת צוותי התערבות רב-מקצועיים ומוקד חירום ייעודי למשברים נפשיים",1
"הקמת קרן ארצית להעברת הכנסות מארנונה שאינה ממגורים בין רשויות מקומיות",1
"הקמת קרן ייעודית לסיוע ביוקר המחיה מכספי מיסים",1
"הקמת קרן לצמצום פערי הכנסות בין רשויות מקומיות באמצעות כספי רשות מקרקעי ישראל",1
"הקמת קרן ממשלתית לתמיכה בעיתונות מקומית",1
"הקמת קרן ממשלתית-פרטית לעידוד תעשייה נקייה",1
"הקמת קרן סיוע ממשלתית ממיסוי ייעודי",1
"הקמת קרן פיצויים לנזקי פשיעה חקלאית",1
"הקמת קרן פיצויים לנפגעי טרור מכספים שהוקפאו וחילטו",1
"הקמת קרן ציבורית לסיוע ביוקר המחיה ממיסוי ייעודי",1
"הקמת קרנות ממשלתיות לשיפוי מוסדות אקדמיים וסיוע לסטודנטים בשעת חירום",1
"הקמת קרנות נאמנות להשקעות אלטרנטיביות ופרטיות לציבור הרחב",1
"הקמת רגולטור ייעודי לפיקוח על הימורים חוקיים",1
"הקמת רשות אסדרה אחודה לשוק השידורים",1
"הקמת רשות אסדרה ומועצה לתחומי שידורי ותכני צפייה ושמע",1
"הקמת רשות ארצית לטיפול בפסולת והסדרת משק הפסולת",1
"הקמת רשות ארצית לתחבורה ציבורית ורשויות מטרופוליניות",1
"הקמת רשות הנצחה, זיכרון ומורשת לאירועי השבעה באוקטובר",1
"הקמת רשות הסברה לאומית סטטוטורית",1
"הקמת רשות זיכרון ממלכתית לנפגעי טבח 7 באוקטובר",1
"הקמת רשות ייעודית ומערך טיפול מרוכז לנפגעי פוסט-טראומה",1
"הקמת רשות לאומית לאיחוד העם",1
"הקמת רשות לאומית לחוסן נפשי ולטראומה",1
"הקמת רשות לאומית למאבק באלימות במשפחה",1
"הקמת רשות לאומית למניעת ירידה מהארץ",1
"הקמת רשות לאומית לפיתוח הפריפריה החברתית",1
"הקמת רשות לאומית לתרבות הארמית",1
"הקמת רשות לאומית לתרבות והשפה המרוקאית יהודית",1
"הקמת רשות לאומית לתרבות ולשפה",1
"הקמת רשות לאומית מאוחדת לבטיחות בתעסוקה",1
"הקמת רשות לאומית עצמאית למניעת התאבדויות",1
"הקמת רשות לטיפול בנפגעי הלם קרב",1
"הקמת רשות מטרופולין ירושלים",1
"הקמת רשות ממלכתית ייעודית לטיפול בנפגעי הלם קרב",1
"הקמת רשות ממלכתית לגיל הרך",1
"הקמת רשות ממלכתית לגיל הרך וריכוז סמכויות הטיפול והפיקוח",1
"הקמת רשות ממלכתית למקומות קדושים למוסלמים",1
"הקמת רשות ממשלתית להורות ומשפחה",1
"הקמת רשות ממשלתית להנגשה לשונית ות문화ית",1
"הקמת רשות ממשלתית להתיישבות הבדואים בנגב",1
"הקמת רשות עצמאית לוועדות רפואיות והוצאתן מהגופים המשלמים",1
"הקמת רשות עצמאית לחקירה בטיחותית בתעופה",1
"הקמת רשות עצמאית למאבק בסמים ואלכוהול",1
"הקמת רשות עצמאית למניעת התאבדויות",1
"הקמת רשות ציבורית ומאגר מידע לפרשת ילדי תימן, המזרח והבלקן",1
"הקמת רשם ההקדשות הרבניים ומנגנון פיקוח",1
"הקמת שוק חוקי ומפוקח למסחר, גידול וייבוא קנאביס",1
"הקמת שירותי רפואה דחופה בפריפריה",1
"הקמת תאגיד זק""א לאומי ומימונו הממשלתי",1
"הקמת תאגיד סטטוטורי להנצחת מורשת אישים",1
"הקניית מקרקעין למדינה לצורך פיתוח סביב תחנות מטרו",1
"הקפאה והפחתה של דמי הבראה במשק",1
"הקפאה והפחתה של דמי הבראה במשק לצורך מימון הטבות מילואים",1
"הקפאה והפחתה של דמי הבראה בשירות ובמשק למימון הטבות מילואים",1
"הקפאה והפחתה של דמי הבראה בששת העובדים במשק",1
"הקפאה והפחתה של דמי הבראה למימון הוצאות מלחמה",1
"הקפאה והפחתה של דמי הבראה למימון מענקי מילואים",1
"הקפאה וקיזוז כספים בגין תשלומים של הרשות הפלסטינית לחמאס וייעודם לפיצוי נפגעי טרור",1
"הקפאה מנהלית זמנית של רכוש טרם הליך פלילי",1
"הקפאת העברת כספים לרשות הפלסטינית במצבי חירום ומלחמה",1
"הקפאת השכר הממוצע והעלאת דמי ביטוח בריאות",1
"הקפאת השכר הממוצע לעניין דמי ביטוח לאומי ובריאות",1
"הקפאת השכר הממוצע לעניין דמי ביטוח לאומי ודמי בריאות",1
"הקפאת כספים לרשות הפלסטינית בגובה תגמולים לנפגעי איבה תושבי האזור",1
"הקפאת מועדים ודחיית אגרות בבתי הדין הרבניים בעת מצב חירום",1
"הקפאת מועדים למתן החלטות מינהליות ואכיפה",1
"הקפאת מניין תקופות ומועדים בתכנון ובנייה",1
"הקפאת נכסי עזבון והעברתם למנהל עזבון במקרה של כתב אישום ברצח מוריש",1
"הקפאת עדכון הסכום הבסיסי ודמי החיסכון הבסיסי בביטוח הלאומי",1
"הקפאת עדכוני מדד לסכומי מס וקצבאות",1
"הקפאת עסקאות מתמשכות בתקופת לידה והורות",1
"הקפאת קצבאות ממשלתיות למשפחות פעילי טרור המקבלים תשלומים מהרשות הפלסטינית",1
"הקפאת ריבית פיגורים בימי שביתה",1
"הקפאת שכר נושאי משרה בשלטון וברשויות המקומיות",1
"הקפאת תיאום מדרגות מס הכנסה",1
"הקפאת תקופת הזכאות להטבות מס לחיילים משוחררים",1
"הקפאת תקופת מילואים בחישוב זכאות לדמי אבטלה",1
"הקצאה שוויונית של מקרקעי ישראל לאוכלוסייה הערבית",1
"הקצאות מים מוגדלות ותעריפי מים מוזלים לחקלאות בחבל תקומה",1
"הקצאת דיור מוזל לחיילי מילואים",1
"הקצאת דירות בתוכניות ממשלתיות ללוחמים משוחררים ולמשרתי מילואים",1
"הקצאת דירות לדיור ציבורי בבנייה חדשה",1
"הקצאת דירות להשכרה ציבורית בפרויקטים בנייה פרטיים",1
"הקצאת דירות להשכרה ציבורית בפרויקטים של יזמים",1
"הקצאת חלק מתשלומי העסקה פרטית לרווחת העובדים",1
"הקצאת יתרת הכנסות המועצה להסדר הימורים בספורט",1
"הקצאת לחצנים ייעודיים בשלט רחוק לערוצי שידור",1
"הקצאת מבנים לתנועות נוער ברשויות המקומיות",1
"הקצאת מכסות דיור במעונות למשרתי מילואים",1
"הקצאת מכסות קבלה למועמדים מרשויות מקומיות מוחלשות",1
"הקצאת מלגות ייעודיות לסטודנטיות וללוחמות משוחררות",1
"הקצאת מלגות מחקר אקדמי למלחמת עוטף ישראל",1
"הקצאת מעונות סטודנטים למשרתי מילואים",1
"הקצאת מקום חניה לנכה עבור יותר מרכב אחד",1
"הקצאת מקומות והטבות למשרתי מילואים באירועי תתרבות וספורט",1
"הקצאת מקומות חניה ייעודיים לאזרחים ותיקים",1
"הקצאת מקומות חניה לאזרחים ותיקים",1
"הקצאת מקורות מימון לקרן הפיצויים בגין אסונות טבע",1
"הקצאת משרות ייעודיות בשירות המדינה לבני העדה הדרוזית והצ'רקסית",1
"הקצאת סעיפים תקציביים ייעודיים לחירום",1
"הקצאת קרקע בחינם באזורי עדיפות לאומית ללוחמים ולמשרתי מילואים",1
"הקצאת קרקע בלא תמורה למשרתי מילואים בנגב ובגליל",1
"הקצאת קרקע לרשויות באזורי עדיפות לאומית למתקני אנרגיה מתחדשת",1
"הקצאת קרקעות בחינם לחיילים משוחררים באזורי עדיפות לאומית",1
"הקצאת קרקעות בחינם לחיילים משוחררים בנגב ובגליל",1
"הקצאת קרקעות המדינה לאוכלוסייה הערבית",1
"הקצאת קרקעות להקמת חוות בודדים למשרתי מילואים",1
"הקצאת קרקעות ללא תמורה למשרתי כוחות הביטחון והשירות הלאומי",1
"הקצאת קרקעות מדינה לאוכלוסייה הערבית",1
"הקצאת רזרבה תקציבית מותנית לצרכים ביטחוניים",1
"הקצאת שטחים ומתקנים לרחצה נפרדת",1
"הקצאת תקציב מינימלי ומענקים מוגדלים להשקעות הון בחקלאות",1
"הקצאת תקציבי פרסום ממשלתיים לעיתונות מקומית",1
"הקצאת תקציבי תרבות לפי משקל דמוגרפי",1
"הרוב הנדרש להתקנת מעלית בבית משותף עבור קשישים ואנשים עם מוגבלות",1
"הרחבת איסור אפליה בעבודה מחמת שירות מילואים של בן זוג",1
"הרחבת איסור הגזענות וההגנה הפלילית לקבוצות דתיות",1
"הרחבת איסור הטעיה בכשרות למילים נרדפות ומצגים עוקפים",1
"הרחבת איסור הפליה לנטייה מינית וזהות מגדרית",1
"הרחבת איסור התעללות לפגיעה נפשית",1
"הרחבת איסור פגיעה בבעלי חיים לפגיעה נפשית",1
"הרחבת איסורי הזדהות עם טרור והסרת רף ההסתברות",1
"הרחבת איסורי הפליה מחמת נטייה מינית וזהות מגדרית בדברי חקיקה שונים",1
"הרחבת אכיפה עירונית במצלמות על עבירות תעבורה",1
"הרחבת אפשרויות הבחירה של מבוטחים בבתי חולים",1
"הרחבת בדיקת כשירות לרישיון קבלן כוח אדם לבעלי עניין ונושאי משרה",1
"הרחבת ביטוח זכויות עובדים בהליכי חדלות פירעון לעצמאים תלויי-מעסיק",1
"הרחבת ביטוח מתנדבים בצוותי חירום",1
"הרחבת ביטוח תאונות עבודה לעבודה מרחוק",1
"הרחבת ביטחון סוציאלי לעבודה מרחוק",1
"הרחבת ברית זוגיות למנועי חיתון",1
"הרחבת גיל ההכרה בילדי חללים",1
"הרחבת גיל הזכאות להטבות לילדי חללים",1
"הרחבת גיל הזכאות לקצבת ילדים",1
"הרחבת האיסור על גרימת סבל לבעל חיים",1
"הרחבת האיסור על גרימת סבל לבעלי חיים לסבל נפשי",1
"הרחבת הגדרת אזור עימות בחוק התכנון והבנייה",1
"הרחבת הגדרת בן משפחה לעניין עבירות מין",1
"הרחבת הגדרת גזענות בחוק הפלילי",1
"הרחבת הגדרת גזענות לעניין ביטויי הסתה",1
"הרחבת הגדרת גזענות לעניין הסתה",1
"הרחבת הגדרת הגופים המוכרים לפעילות בשירות אזרחי",1
"הרחבת הגדרת הגזענות לעניין האוכלוסייה החרדית",1
"הרחבת הגדרת התקהלות אסורה בגין הנפת דגלים",1
"הרחבת הגדרת מחלת הורה לצורך ימי מחלה",1
"הרחבת הגדרת מעשה טרור וחזקות ראייתיות",1
"הרחבת הגדרת מעשה טרור לעבירת הצתה",1
"הרחבת הגדרת סוכן חוץ בעבירות ביטחוניות",1
"הרחבת הגדרת סוכן חוץ לעבירות ביטחון",1
"הרחבת הגדרת עבירת האיום ונטילת דמי חסות",1
"הרחבת הגדרת פנסיה תקציבית והיוון קצבה",1
"הרחבת הגדרת פרסום והסתה ברשתות חברתיות",1
"הרחבת הגנה פלילית על נהגי תחבורה ציבורית",1
"הרחבת הגנות הטרדה מינית לעובדי קבלן שירות",1
"הרחבת הגנות פיטורים לקבלני שירות",1
"הרחבת הגנת בית מגורים והגנה עצמית",1
"הרחבת הגנת בית מגורים ונכס בסייג הגנה עצמית",1
"הרחבת הגנת החוק הפלילי על נהגי אוטובוס ציבורי",1
"הרחבת הגנת החוק למניעת הטרדה מינית על עובדים שאינם שכירים ישירים",1
"הרחבת הגנת העבירות על תקיפת שוטר לכוחות ביטחון והצלה נוספים",1
"הרחבת ההגדרה המשפטית של אלימות במשפחה",1
"הרחבת ההכרה בהורה שכול",1
"הרחבת ההכרה בהורה שכול להורים רשומים ומאמנים בפועל",1
"הרחבת הזכאות להליכי פונדקאות לבני זוג ולרבות יחידים",1
"הרחבת הזכאות לטיפולי פוריות ופונדקאות לאלמנות ויתומים בוגרים",1
"הרחבת הזכאות לסיוע משפטי לנפגעי עבירות מין",1
"הרחבת הזכאות לסיוע משפטי לנפגעי עבירות מין לשלב החקירה",1
"הרחבת הזכות לנשיאת נשק והפיכת הרישוי לחובה",1
"הרחבת היקף חילוט רכוש בעבירות של ארגוני פשיעה",1
"הרחבת הנחות בחשמל לאוכלוסיות זכאיות בחודשי קיצון",1
"הרחבת הנחות בחשמל לאוכלוסיות נזקקות",1
"הרחבת הנסיבה המחמירה לעבירות בזיקה לארגון פשיעה",1
"הרחבת הסיוע המשפטי לנפגעי עבירות מין",1
"הרחבת העילות להחמרת אכיפה בגין פגיעה בצרכנים פגיעים",1
"הרחבת העילות למתן צו האזנת סתר לשם הצלת חיים",1
"הרחבת הפטור מארנונה למעונות",1
"הרחבת והחמרת מס יסף",1
"הרחבת זכאויות ילד נכה לפגיעה בגפה אחת",1
"הרחבת זכאויות סוציאליות לנפגעות אלימות ללא חובת שהות במקלט",1
"הרחבת זכאות גמלאות לחולי סרטן",1
"הרחבת זכאות הכרה בחבלת שירות בדרך למחנה וממנו",1
"הרחבת זכאות ודירוג פטור ממס הכנסה לנכים",1
"הרחבת זכאות חולי סרטן לגמלאות בביטוח הלאומי",1
"הרחבת זכאות לארוחה יומית לכלל התלמידים",1
"הרחבת זכאות להטבות לאזרחים ותיקים מקבלי פנסיה נמוכה",1
"הרחבת זכאות להטבות נלוות להבטחת הכנסה לעובדים בעלי הכנסה נמוכה",1
"הרחבת זכאות להטבות נלוות למקבלי מענק עבודה",1
"הרחבת זכאות להנחה בארנונה לאזרחים ותיקים",1
"הרחבת זכאות לחולים במחלה ממארת",1
"הרחבת זכאות לחיילי מילואים בחבלה שלא בעת מילוי תפקיד",1
"הרחבת זכאות לחינוך מיוחד מגיל לידה",1
"הרחבת זכאות לימי מחלה בגין אשפוז ילד ועד גיל 18",1
"הרחבת זכאות לימי מחלה בשל אשפוז ילד",1
"הרחבת זכאות לימי מחלה בשל טיפול בהורה במוסד סיעודי",1
"הרחבת זכאות למענק לימודים",1
"הרחבת זכאות למענק לימודים בביטוח הלאומי",1
"הרחבת זכאות למענק לימודים למשפחות עם פחות מארבעה ילדים",1
"הרחבת זכאות למענק עבודה מועדפת ליישובי קו העימות",1
"הרחבת זכאות למענק פטירה לבני משפחה נוספים",1
"הרחבת זכאות לקצבת ילדים לילדי החינוך המיוחד מעל גיל 18",1
"הרחבת זכאות לרפואת שיניים בסל הבריאות לפי גיל",1
"הרחבת זכאות לשירותי סעד לתושבי חבל התקומה",1
"הרחבת זכאות לשירותי רווחה בחבל התקומה",1
"הרחבת זכאות משפחות שכולות לסיוע ברווחה רגשית",1
"הרחבת זכאות פטורה ממבחן הכנסה לסיוע משפטי לניצולי שואה ואוכלוסיות נספחות",1
"הרחבת זכאות רפואת שיניים בסל הבריאות לאזרחים ותיקים",1
"הרחבת זכויות דיגיטליות והעמדה לרשות הציבור",1
"הרחבת זכויות ותגמולים ליתומים בוגרים של חללי צהל",1
"הרחבת זכויות ותגמולים ליתומים בוגרים של חללי צה״ל",1
"הרחבת זכויות חינוך לילדים בהשמה חוץ-ביתית",1
"הרחבת זכויות ילדים נכים בעלי פגיעה בגפה אחת",1
"הרחבת זכויות יתומי חללי צהל בגירים",1
"הרחבת זכויות יתומי חללים בגירים",1
"הרחבת זכויות נושא המידע והטלת חובות על בעלי מאגרים",1
"הרחבת זכויות נפגעות אלימות מעבר לשהות במקלט",1
"הרחבת זכויות עובדות שבן זוגן במילואים למשרות חלקיות",1
"הרחבת זכויות שיקום וסיוע כלכלי לעסקים ולימודים לאחים שכולים",1
"הרחבת זכויות תגמול ושיקום ליתומים בגירים",1
"הרחבת זכות היידוע להליכי משפט חוזר ודיון נוסף",1
"הרחבת זכות היעדרות בשל אשפוז ילד",1
"הרחבת זכות העיון במסמכי תאגידים עירוניים",1
"הרחבת חובת דיווח על מבקשי רישיון נשק",1
"הרחבת חובת הדיווח על פגיעה בקטינים וחסרי ישע למטפלים ואנשי דת",1
"הרחבת חובת ההפרדה של חברות כרטיסי חיוב לבנקים בינוניים",1
"הרחבת חובת הנגשה לכלל מוסדות החינוך וגני הילדים",1
"הרחבת חובת הנפת דגל המדינה במוסדות להשכלה גבוהה",1
"הרחבת חובת הצבת מכשירי החייאה לפי מספר נוכחים ביום",1
"הרחבת חובת ייצוג הולם בתאגידים ממשלתיים וגופים סטטוטוריים",1
"הרחבת חובת ייצוג הולם לקבוצות נוספות במגזר הציבורי",1
"הרחבת חובת עריכת והגשת דוחות שכר שנתיים למעסיקים בינוניים וקטנים",1
"הרחבת חובת תשלום על שקיות חד-פעמיות לעסקים קטנים ומכר מרחוק",1
"הרחבת טווח הגילים לחובת גיוס לעולים חדשים",1
"הרחבת ייעוד וסמכויות מערך השיטור העירוני",1
"הרחבת ייעוד קרן פיצוי ושיקום לנפגעי עבירות זנות וסרסרות",1
"הרחבת כיסוי ביטוח דירה למצבי קריסת מבנה ומבנה מסוכן",1
"הרחבת כלים וענישה פלילית נגד גניבות רכב",1
"הרחבת לימודי היסטוריה ומורשת ישראל לכיתות הנמוכות ביסודי",1
"הרחבת מלגות ממדים ללימודים למקצועות ארבע-שנתיים",1
"הרחבת מנגנון החוק הנורבגי לסיעות גדולות",1
"הרחבת מנגנון העיצומים הכספיים ואכיפה מינהלית בתעופה האזרחית",1
"הרחבת מסלול רישוי מהיר לתוכניות בסמכות הוועדה המקומית",1
"הרחבת מסלול רישוי מהיר לתוכניות מקומיות",1
"הרחבת מעגל בני המשפחה המוגדרים כאחראים על קטינים וחסרי ישע",1
"הרחבת מעגל בעלי הרישיון המורשים לייצוג בפני רשויות המס",1
"הרחבת מעגל הגורמים המוסמכים לאכיפת חוק צער בעלי חיים",1
"הרחבת מעגל הזכאים להליכי פונדקאות",1
"הרחבת מעגל הזכאים להסדרת מיזמים חקלאיים-תיירותיים",1
"הרחבת מעגל הזכאים לימי מחלה לטיפול בהורה לבני משפחה מדרגה שנייה ולאחים במקביל",1
"הרחבת מעגל הזכאים לפיצוי עונשי בנזיקין",1
"הרחבת מעגל המוטבים בהסתלקות יורש מזכותו בעיזבון",1
"הרחבת מעגל המורשים לביצוע פעולות רפואיות בבית החולה",1
"הרחבת מעגל המטפלים המורשים בביצוע פעולות רפואיות בבית המטופל",1
"הרחבת מעגל המתלוננים נגד מייצגי המדינה",1
"הרחבת מעגל העבודות המועדפות לחיילים משוחררים",1
"הרחבת מעגל מורשי הנהיגה בגמלת ניידות לפי מרחק מגורים באותה עיר",1
"הרחבת מעגל עבירות המין המזכות בסיוע משפטי",1
"הרחבת מעמד מבקר רשמי בבתי סוהר לכלל חברי הכנסת",1
"הרחבת מענק עבודה מועדפת למוסדות לאנשים עם מוגבלויות",1
"הרחבת מרחב ההתרחקות של עברייני מין מנפגעי עבירה",1
"הרחבת נסיבה מחמירה בזיקה לארגון פשיעה",1
"הרחבת נסיבה מחמירה לעבירות הקשורות לארגוני פשיעה",1
"הרחבת נסיבות מחמירות בעבירות שנאה למין וזהות מגדרית",1
"הרחבת סוגי התעודות המזהות לצורך קיום חובת נשיאה",1
"הרחבת סיוע בביטוח ואגרת רישיון רכב להורים שכולים",1
"הרחבת סיוע בביטוח רכב ואגרת רישיון להורים שכולים",1
"הרחבת סיוע הניידות לרכישת רכב משומש",1
"הרחבת סיוע משפטי לנפגעי עבירות מין לשלב החקירה ולהליכים אזרחיים",1
"הרחבת סייג הגיל לאחריות פלילית בעבירות מין כלפי קטינים",1
"הרחבת סכום החוב במסלול המקוצר",1
"הרחבת סל המחלות הקשות המזכות בהיעדרות מורחבת בשל מחלת בן זוג",1
"הרחבת סל רפואת שיניים לכלל האוכלוסייה",1
"הרחבת סמכויות אימות זהות ממוכן לגופים ביטחוניים",1
"הרחבת סמכויות גביית אגרות וקנסות למרכז לגביית קנסות",1
"הרחבת סמכויות הותמ""ל לתכנון בשטחים נוספים",1
"הרחבת סמכויות המרכז לגביית קנסות לגביית חובות רשות המים הארצית",1
"הרחבת סמכויות הנקיטה בהליכים במסלול מקוצר",1
"הרחבת סמכויות הפיקוח והצפייה במצלמות במעונות יום",1
"הרחבת סמכויות ועדה לתכניות מסחר ומגורים",1
"הרחבת סמכויות ועדות מקומיות בתוכניות בנייה למגורים בהיקף מוגבל",1
"הרחבת סמכויות ותפקידי הרשות לקידום שוויון מגדרי",1
"הרחבת סמכויות ותפקידי פקחים עירוניים מסייעים",1
"הרחבת סמכויות חילוט וכלים כלכליים בעבירות הסעה והלנה",1
"הרחבת סמכויות להגבלת ערוצי שידור זרים",1
"הרחבת סמכויות מאבטחים במרחב הציבורי",1
"הרחבת סמכויות מעבדות מאושרות למתן אישורים ותעודות בדיקה לתקנים בינלאומיים ואירופיים",1
"הרחבת סמכויות נציבות קבילות הסטודנטים",1
"הרחבת סמכויות נציבות קבילות סטודנטים",1
"הרחבת סמכויות פינוי נפלים לשטחים שאינם סגורים בצו",1
"הרחבת סמכויות פקחים ומסייעים למניעת עבירות במרחב הציבורי",1
"הרחבת סמכויות פקחים עירוניים לשמירה על הסדר הציבורי",1
"הרחבת סמכויות שיטור עירוני למרחב החקלאי",1
"הרחבת סמכות בית המשפט לפתיחת קברים בנסיבות חריגות",1
"הרחבת סמכות חברות מנהלות של קופות גמל להנפקת פוליסות חיסכון",1
"הרחבת סמכות ייצוג נישומים במיסוי מקרקעין לרואי חשבון ויועצי מס",1
"הרחבת סמכות מינוי קציני מבחן",1
"הרחבת סמכות מרשם לאחים ואחיות מומחים",1
"הרחבת סמכות ניהולית וצמצום עילות סכסוך עבודה",1
"הרחבת סמכות ניתוק מתשתיות לרשות לאכיפה במקרקעין",1
"הרחבת סמכות פיצוי נפגעי עבירה בפלילים",1
"הרחבת סמכות שינוי ייעוד לתעסוקה ולמסחר",1
"הרחבת עבירת האינוס והכללת גברים במסגרתה",1
"הרחבת עבירת ההטרדה המינית לפגיעה בפרטיות בעלת אופי מיני",1
"הרחבת עבירת ההסתה לגזענות",1
"הרחבת עבירת ההסתה לגזענות כלפי קבוצות נוספות",1
"הרחבת עבירת ההסתה לגזענות לאוכלוסייה החרדית",1
"הרחבת עבירת ההסתה לטרור",1
"הרחבת עבירת ההסתה לטרור והסרת דרישת ההסתברות",1
"הרחבת עבירת ההסתה למעשה של מבצע עבירת טרור חמורה",1
"הרחבת עבירת הזדהות עם ארגון טרור",1
"הרחבת עבירת סחר בבני אדם למטרת נישואין",1
"הרחבת עבירת סחר בבני אדם למטרת נישואין בניגוד לרצון",1
"הרחבת עילות איסור הפליה למוצא עדתי",1
"הרחבת עילות איסור לשון הרע להשתייכות חברתית",1
"הרחבת עילות ועדה להפסקת היריון בשלב השני",1
"הרחבת עילות לשון הרע בגין השתייכות חברתית",1
"הרחבת עילת המסוכנות בבחינת מעצרים לפגיעה בבעלי חיים",1
"הרחבת פטור ממס הכנסה לנכים ושיעורו",1
"הרחבת פעילות המרכז למורשת הדרוזים",1
"הרחבת קדימות בתור לבני זוג של לוחמים במצב חירום",1
"הרחבת קריטריון אוכלוסייה ליישובים מוטבי מס",1
"הרחבת קריטריונים להגדרת לקוח כשיר",1
"הרחבת רשימת המיטלטלין המוגנים מעיקול (מחשבים וטלפונים ניידים)",1
"הרחבת רשימת העבודות המועדפות לחיילים משחררים",1
"הרחבת רשימת הפרות הבטיחות באחריות מזמין שירות",1
"הרחבת שעות חינוך גופני במוסדות חינוך",1
"הרחבת תגמול מיוחד למשרתי מילואים שאינם מפקדים",1
"הרחבת תגמולים והטבות ליתומים בוגרים של חללי צבא ההגנה לישראל",1
"הרחבת תחולת הגנת פיטורים לעובדות חדשות",1
"הרחבת תחולת הקלות תכנוניות על אגודות שיתופיות",1
"הרחבת תחולת הרגולציה על בנקים גדולים",1
"הרחבת תחולת ועדות קבלה ביישובים קהילתיים",1
"הרחבת תחולת ועדות קבלה ומכסת בתי אב ביישובים קהילתיים",1
"הרחבת תחולת צווי גירוש מברית משפחתית למעודדי טרור אינדיבידואלים",1
"הרחבת תחולת שחרור בערבות לחיילים בשירות סדיר ומילואים",1
"הרחבת תחום שיפוט מוניציפלי ויצירת עיריות בת",1
"הרחבת תנאי עדות מיוחדים לקטינים בני 14 עד 15",1
"הרחבת תפקידי וסמכויות הרשות לפיתוח הנגב",1
"הרחבת תקופת ההגנה מפני פיטורים למשרתי מילואים",1
"הרחבת תקצוב מוסדות הנצחה ממלכתיים",1
"הרחבת תקרת האוכלוסייה ליישוב מוטב",1
"הרכב בית הדין למשמעת לעובדי המדינה",1
"הרכב בתי המשפט לדון בהוצאת קטין ממשמורת",1
"הרכב האסיפה הבוחרת את הרבנים הראשיים",1
"הרכב האסיפה הבוחרת את הרבנים הראשיים וייצוג ציבורי",1
"הרכב האספה הבוחרת רבני ערים",1
"הרכב הדירקטוריון בחברות ללא בעל שליטה",1
"הרכב הוועדה המייעצת לנציבות שוויון ההזדמנויות בעבודה",1
"הרכב הוועדה לבחירת היועץ המשפטי לכנסת",1
"הרכב הוועדה לבחירת שופטים וייצוג גורמים בוועדה",1
"הרכב הוועדה לבחירת שופטים ונציגות עורכי הדין",1
"הרכב הוועדה למינוי דיינים ומעמד לשכת עורכי הדין",1
"הרכב הוועדה לפיקוח על מחירים",1
"הרכב הוועדות הפסיכיאטריות ותנאי כשירות חבריהן",1
"הרכב המועצה הארצית לתכנון ולבנייה",1
"הרכב המועצה להסדר הימורים בספורט ומינוי חבריה",1
"הרכב המועצה להשכלה גבוהה וזיקתה לממשלה ולכנסת",1
"הרכב המועצה לניסויים בבעלי חיים וזהות היושב ראש",1
"הרכב המנהלה להשקעות הון בחקלאות ומניעת ניגוד עניינים",1
"הרכב השופטים בביקורת שיפוטית על מעצר מנהלי של אזרחים",1
"הרכב השופטים בדיוני בג״ץ וערעורים מינהליים",1
"הרכב והליך מינוי שופטי בית המשפט לחוקה",1
"הרכב ומספר השופטים בבית המשפט העליון",1
"הרכב וסמכויות הוועדה המייעצת לנציבות שוויון ההזדמנויות בעבודה",1
"הרכב וסמכויות ועדות מכרזים ברשויות מקומיות",1
"הרכב ועדה לבדיקת מינויים בחברות ממשלתיות",1
"הרכב ועדה לבחירת שופטים ודיינים",1
"הרכב ועדה ציבורית לקביעת שכר",1
"הרכב ועדות משמעת ותלונות בענייני פסיכולוגים",1
"הרכב ועדת הבחירה לשופטים משפטאים-צבאיים",1
"הרכב ועדת משנה להתחדשות עירונית",1
"הרכב מגדרי של ועדות שיום עירוניות",1
"הרכב מועצות מרכזי הנצחה וסדרי עבודתן",1
"הרכב מועצת איגוד ערים כנרת",1
"הרכב מועצת הספריות הציבוריות וכללי מינוי",1
"הרכב מועצת הרשות המטרופולינית ושיטת המשקל וההצבעה בה",1
"הרכב נציגי השופטים בוועדה לבחירת שופטים",1
"הרכב ערכאות הערעור ובדיקת אחוזי נכות בבתי הדין לעבודה",1
"השבת זכויות במקרקעין ופיצוי ביהודה ושומרון",1
"השבת זכויות מקרקעין היסטוריות ביהודה והשומרון",1
"השבת נכסי נפקדים למי שקיבל אזרחות ישראלית",1
"השבת עודפי גביית ארנונה לתושבים",1
"השבת רווחים עודפים בביטוח רכב למבוטחים",1
"השבתת מעליות עקב ליקויי בטיחות",1
"השהיית הגבלת חשבון בנק במצב חירום בריאותי",1
"השהיית הליכי גבייה לפני חגים ומועדים",1
"השהיית הליכי הוצאה לפועל והקפאת ריבית פיגורים לשוהות במקלטים לנשים מוכות",1
"השהיית הליכי הוצאה לפועל לאסירים משוחררים",1
"השהיית רישיון נוטריון ופטור מאגרות",1
"השוואת הטבות המס בחקלאות להטבות בתעשייה",1
"השוואת הטבות המס והמענקים בחקלאות להטבות בתעשייה",1
"השוואת זכויות אחים שכולים נפגעי פעולות איבה לחללי מערכה",1
"השוואת זכויות אלמן ואלמנה לגמלת שאירים",1
"השוואת זכויות אלמנים ואלמנות בביטוח שאירים",1
"השוואת זכויות והטבות לסטודנטים ישראלים הלומדים בחוץ לארץ",1
"השוואת זכויות והפקדות סוציאליות של עצמאים לשכירים",1
"השוואת זכויות ותגמולים לשורדי שואה לפי מועד עלייה",1
"השוואת זכויות מלאה של ידועים בציבור לבני זוג נשואים",1
"השוואת זכויות משפחות לוחמי אש שנספו למשפחות חללים",1
"השוואת זכויות נכים ונספים לוחמי אש לחיילים ושוטרים",1
"השוואת זכויות נפגעי הפרעה חבלתית-בתר לנכים בעלי נכות מיוחדת",1
"השוואת זכויות סוציאליות ודמי אבטלה לעצמאים",1
"השוואת זכויות סוציאליות של עצמאים לשכירים",1
"השוואת מעמד וזכויות ידועים בציבור לבני זוג נשואים",1
"השוואת מעמד ידועים בציבור לבני זוג נשואים בדיני מס הכנסה",1
"השוואת מעמד עצמאים לשכירים בזכויות סוציאליות ובמס",1
"השוואת משך השירות ותנאי השירות של נשים וגברים בצהל",1
"השוואת סיוע ממשלתי לסטודנטים ולתלמידי ישיבות",1
"השוואת ססיוע ממשלתי לסטודנטים לסיוע לתלמידי ישיבות",1
"השוואת קצבת שאירים לאלמנים ולאלמנות בקרנות פנסיה ותיקות",1
"השוואת שיעורי מס הכנסה ומענקים בחקלאות לתעשייה",1
"השוואת שעות סיעוד למעסיקי עובדים זרים",1
"השוואת תגמולי כבאים ועובדי כיבוי לתגמולי שוטרים",1
"השוואת תנאי זכאות לגמלת שאירים לאלמנים ולרבות ביטול מבחני הכנסת ותלות בילדים",1
"השוואת תנאי זכאות לקצבת שאירים לאלמנים ולאלמנות",1
"השוואת תנאי חיסכון והפקדות סוציאליות לעצמאים לאלו של שכירים",1
"השוואת תנאי מענק עבודה להורים",1
"השוואת תנאי ניכוי מס בחיסכון ארוך טווח לעצמאים",1
"השוואת תנאי שכר לעובדי קבלן המועסקים דרך קבע",1
"השוואת תנאי שכר של עובדי קבלן המועסקים דרך קבע",1
"השוואת תנאי שכר של עובדי קבלן לעובדי המזמין",1
"השוואת תשלומים לחיילים בודדים",1
"השלמת קצבת אזרח ותיק לזכאי קצבת נכות לשכר המינימום",1
"השלמת קצבת אזרח ותיק לשכר המינימום לנכים",1
"השלמת תגמול מילואים עקב שינוי שכר",1
"השעיה ופיטורין של עובדי הוראה בהליך פלילי",1
"השעיה ופיטורין של שוטרים החשודים או מורשעים בעבירות אלימות",1
"השעיה זמנית של עורכי דין טרם הרשעה משמעתית",1
"השעיה מיידית של אנשי מקצוע בריאות שהורשעו בעבירות מין",1
"השעיה מיידית של פסיכולוג שהורשע בעבירת מין",1
"השעיית אכיפה מינהלית ביישובי מיעוטים חסרי תוכנית",1
"השעיית הסדרי שהייה ומעמד במצב לחימה",1
"השעיית חבר כנסת בשל הגשת כתב אישום",1
"השעיית עובדי מדינה ורשויות מקומיות בהליך פלילי",1
"השפעת אלימות במשפחה על הסדרי שהות ואפוטרופסות",1
"השפעת הבוחר על סדר רשימת המועמדים לכנסת",1
"השפעת שחרור מוקדם על שיקום נפגע עבירה",1
"השקעת הפיקדון הצבאי בחסכון ארוך טווח",1
"השקעת נכסי קרן העושר הריבונית בישראל",1
"השקעת נכסי קרן עושר ריבונית במשק המקומי",1
"השתחררות מעסקאות פינוי ובינוי כפולות",1
"השתלבות מקבלי קצבת נכות בתעסוקה ומבחני הכנסה",1
"השתלמויות מקצועיות לחברי מועצה",1
"השתלמויות נגישות לנהגי תחבורה ציבורית",1
"השתלמויות נהגי תחבורה ציבורית בנושאי נגישות ושירות",1
"השתלמות שנתית לנהגי תחבורה ציבורית בנושאי נגישות ושירות",1
"השתתפות בהוצאות תחזוקה בבית משותף מחודש",1
"השתתפות בעלות מעון יום בתקופת הלידה וההורות",1
"השתתפות בעלות מעון יום בתקופת לידה והורות",1
"השתתפות המדינה בהוצאות שכר לעובדים בתקופת חירום",1
"השתתפות המדינה בהסדרי ביטוח לנכים",1
"השתתפות המדינה בעלויות מעסיק לקופות וקרנות בזמן מילואים",1
"השתתפות המדינה בעלויות פנסיה וקופות למהסיקים של משרתי מילואים",1
"השתתפות חברות ביטוח בעלויות ניתוחים בשב""ן",1
"השתתפות חברות ביטוח פרטיות בעלויות ניתוחים המבוצעים במסגרת שב״ן",1
"השתתפות מוגדלת בשכר לימוד למשרתי מילואים בהתאם למשך השירות",1
"השתתפות ממשלתית מדורגת בעלות שכר מנהלי יחידות ספורט",1
"השתתפות עצמית בבתי מרקחת שאינם בהסדר",1
"השתתפות עצמית ברכישת תרופות בבתי מרקחת שאינם בהסדר",1
"התאמות אקדמיות לסטודנטיות לאחר לידה",1
"התאמות אקדמיות לסטודנטים משרתי מילואים",1
"התאמות אקלימיות בדיור ציבורי ובאוכלוסיות מוחלשות",1
"התאמות בחקيرة והעדה למתמודדי נפש",1
"התאמות והקלות בבחינות רישוי מקצועיות לחיילי מילואים",1
"התאמות ומימון שכר לימוד לסטודנטים משרתי מילואים",1
"התאמות לחקירת מתמודדי נפש",1
"התאמות נגישות במוסדות השכלה תורניים",1
"התאמות תנאי העסקה לעובדי מדינה תושבי פריפריה",1
"התאמת דלתות כניסה בבתים משותפים לשומרי שבת",1
"התאמת הודעות דיגיטליות ומתן חלופות טכנולוגיות",1
"התאמת היקף חופי רחצה נפרדים לדרישת הקהל",1
"התאמת היקף מתקני הרחצה הנפרדת לסקר מתרחצים",1
"התאמת הליכי הכרה ומיצוי זכויות לאסירי ציון יוצאי אתיופיה",1
"התאמת הליכי חקירה למתמודדי נפש",1
"התאמת המונחים בפקודת מס הכנסה למדד החברתי-כלכלי",1
"התאמת זכויות לידה והורות לזוגות בני אותו המין ולהורים מיועדים",1
"התאמת זכויות סוציאליות לעובדים זרים",1
"התאמת חובת ההסברה והשמיעה של חוסים",1
"התאמת ימי היעדרות בשל מחלת ילד למספר הילדים במשפחה",1
"התאמת לוח השנה האקדמי וחובת היערכות לחגים של כלל העדות",1
"התאמת לוח השנה האקדמי לחגים של סטודנטים בני המיעוט הערבי",1
"התאמת לוח השנה האקדמי לחגים של סטודנטים ערבים",1
"התאמת לוח השנים האקדמי לחגים של סטודנטים ערבים",1
"התאמת מאפייני דת ואורח חיים בהליכי הוצאת קטין ומינוי אפוטרופוס",1
"התאמת מבחן הכנסה למקבלי הבטחת תשלום מזונות",1
"התאמת משך ביקורי משפחה בכלא למספר הנפשות במשפחה",1
"התאמת סוגי המזון בטיסות לצורכי הנוסע",1
"התאמת קיזוז הכנסות שאינן מעבודה מקצבת נכות",1
"התאמת קצבת סיעוד לשכר המינימום",1
"התאמת שירותי שיקום לנכים מהציבור הדתי והחרדי",1
"התאמת שעות העבודה והמנוחה בשבוע עבודה בן חמישה ימים",1
"התאמת תנאי כשירות מקצועית ורישוי למצב בריאותי ונפשי",1
"התאמת תקצוב מוסדות חינוך לשיעור גיוס בוגריהם",1
"התחייבות עובדים זרים להימנע מבקשת אזרחות",1
"התחשבות במספר בני משפחה בקביעת משך ביקור אסיר",1
"התחשבות בעלויות פליטת פחמן במיסוי דלק",1
"התייחסות לדמי אבטלה כהכנסה לעניין קצבאות וגמלאות",1
"התיישנות בעבירות מין במסגרת יחסי תלות או מרות",1
"התיישנות בעבירות מין בקטינים ובנסיבות מחמירות",1
"התיישנות בעבירות מין כלפי קטינים ובנסיבות מחמירות",1
"התיישנות בעבירות מין נגד קטינים ובנסיבות מחמירות",1
"התיישנות בתביעות בגין תקיפה מינית או התעללות במשפחה",1
"התיישנות בתביעות פיצויים נגד מתגמלי טרור",1
"התיישנות דין משמעתי לעבירת הטרדה מינית",1
"התיישנות עבירות מין ביחסי תלות או מרות",1
"התיישנות עבירות מין בין בני זוג",1
"התיישנות עבירות משמעת בהטרדה מינית",1
"התיישנות עבירות פליליות לעובדי מערכת אכיפת החוק",1
"התיישנות עבירת הטרדה מינית בדין משמעתי לשוטרים",1
"התיישנות תביעות אזרחיות במצב חירום",1
"התיישנות תביעות אזרחיות בעקבות הליך פלילי",1
"התיישנות תביעות אזרחיות המבוססות על הליך פלילי",1
"התיישנות תביעות ליקויי שמיעה בעבודה",1
"התליית רישיונות והיתרי עיסוק למעסיקים ומסיעים של שוהים שלא כדין",1
"התמודדות עובדי משרות אמון במכרזים ברשויות מקומיות",1
"התמודדות עם הסתה נגד חיילים חרדים",1
"התמחות שיפוטית בעבירות אלימות בספורט",1
"התנאת הסיוע הכלכלי ללומדי תורה בשירות ביטחון",1
"התנאת העברת כספי מיסים לרשות הפלסטינית",1
"התנאת זיכויים והטבות במס הכנסה בשירות צבאי או אזרחי",1
"התנאת זכאות להטבות וסבסוד ברכישת דירה בשירות צבאי או אזרחי",1
"התנאת סבסוד ממשלתי למוסדות לימוד תיכוניים-על בשירות",1
"התנדבות חברי כנסת לשירות מילואים",1
"התנדבות לשירות מילואים במשמר הגבול",1
"התנהלות תיק הוצאה לפועל מקוצר בעת איחוד תיקים",1
"התניית אזרחות לצאצאי ישראלים בחוץ לארץ בהצהרת רצון",1
"התניית אישור עסקת מקרקעין במסירת אסמכתאות תשלום מראש",1
"התניית הטבות לנושאי משרה לשעבר בשהייה בישראל",1
"התניית הטבות מדינה בשירות צבאי או אזרחי",1
"התניית הטבות מדינה וסבסוד לימודים בשירות צבאי או לאומי",1
"התניית הטבות ממשלתיות לתעשייה בעמידה בתקנים סביבתיים",1
"התניית הטבות מס למוסד ציבורי בהיياب מוחלט מהפליה",1
"התניית הטבות סוציאליות במילוי חובת שירות ביטחון",1
"התניית היתרי בניה לחיזוק מבנים בדרישות חניה",1
"התניית היתרי בנייה לחיזוק מבנים בבניית מרחבים מוגנים",1
"התניית היתרי בנייה לחיזוק מבנים בהתקנת חניות",1
"התניית הכרה במוסד חינוך לא רשמי בלימוד מגילת העצמאות",1
"התניית העברת כספי מיסים לרשות הפלסטינית בעמידה בתנאי ביטחון ומאבק בטרור",1
"התניית העדפה מתקנת בשירות צבאי או לאומי",1
"התניית הפניות לעבודה בנגישות תחבורה ציבורית",1
"התניית זכאות להטבות בדיור בקיום שירות צבאי או ביטחוני",1
"התניית זכאות עולים חדשים לדרכון ישראלי בהשתקעות",1
"התניית זכות ההצבעה בשירות צבאי או לאומי",1
"התניית סבסוד והטבות בדיור בשירות צבאי או לאומי",1
"התניית סבסוד והנחות ברכישת דירה בשירות ומתן עדיפות ללוחמים",1
"התניית סבסוד לימודים בשירות צבאי",1
"התניית סבסוד לימודים ממשלתי בשירות",1
"התניית סבסוד לימודים על-תיכוניים בשירות",1
"התניית סבסוד מעונות יום בהיקף תעסוקה של ההורים",1
"התניית סיוע הומניטרי בשחרור חטופים",1
"התניית סיוע כלכלי בלומדי תורה במילוי חובת שירות ביטחון",1
"התניית קצבאות וגימלאות בהחזקת רכב פרטי",1
"התניית קצבת ילדים בשירות צבאי או אזרחי",1
"התניית קצבת ילדים בשירות צבאי או לאומי",1
"התניית רישיון עסק באיסור הפליה",1
"התניית שחרור ממאסר בטיפול תרופתי כפוי לעברייני מין",1
"התניית שכר יום שבתון בהצבעה בבחירות",1
"התניית שכר יום שבתון בהשתתפות בבחירות",1
"התניית תוספות שכר בהחזקת רכב במגזר הציבורי",1
"התניית תוספות שכר והחזרי הוצאות בהחזקת רכב פרטי במגזר הציבורי",1
"התניית תקנות העברת מידע מהמאגר הביומטרי לרשויות הביטחון בהתקנת תקנות ניהול",1
"התניית תקצוב מוסדות אקדמיים בשירות",1
"התניית תקצוב מוסדות אקדמיים בשירות סטודנטים",1
"התניית תקצוב מוסדות חינוך בשיעור גיוס הבוגרים",1
"התניית תקצוב מוסדות חינוך פטורים בלימודי ליבה",1
"התניית תקצוב מוסדות להשכלה גבוהה בהנפת דגל המדינה",1
"התעלמות מהכנסה מעבודה במבחן הכנסה לקצבת מזונות",1
"התעלמות מהכנסות שאינן מעבודה בחישוב קצבת נכות",1
"התעמרות עובדי ציבור בפונים",1
"התערבות הכנסת ונגנון בוררות בשביתות",1
"התערבות שיפוטית בהסכמי ממון בשל אי-הוגנות חריגה",1
"התפזרות הכנסת ועריכת בחירות מוקדמות",1
"התפזרות הכנסת וקיום בחירות מוקדמות",1
"התקן בטיחות לדלת מרחב מוגן דירתי",1
"התקנת לחצני מצוקה באוטובוסים",1
"התקנת מנגנון שבת ברכוש משותף ללא הסכמת השכנים",1
"התקנת מערכות סולאריות בבתים משותפים במסגרת פינוי ובינוי",1
"התקנת מצלמות במוסדות חינוך מיוחד",1
"התקנת מתקני חובב רדיו ברכוש משותף בבית משותף",1
"התקנת עמדות טעינה לרכב חשמלי בבית משותף",1
"התקנת עמדת טעינה לרכב חשמלי בחניה משותפת בבית משותף",1
"התקנת עמדת טעינה לרכב חשמלי בחניה צמודה בבית משותף",1
"התקשרות בפטור או במכרז סגור להפעלת מזנונים עם נכי צה״ל",1
"התראה על היעדר יתרה והגבלת עמלות בהרשאה לחיוב",1
"התראת שקיפות מחירים בשיחות לחוץ לארץ ללקוחות מזדמנים",1
"התרת הוצאות בגין מעונות יום לפעוטות",1
"התרת החזקה ושימוש עצמי בקנאביס",1
"התרת החזקת מקרקעין בהקמה לקרנות השקעה בנדל""ן מניב",1
"התרת היעדרות מחלה על בסיס הצהרה עצמית ללא אישור רפואי",1
"התרת הפעלת חופים נפרדים בכל ימות השבוע ברשויות זכאיות",1
"התרת הקמת בתים מאזנים בייעוד מגורים והגדלת מספר הדיירים",1
"התרת הרכב ועדת המכרזים המקומית וסמכויותיה",1
"התרת התאמות בעדות קטינים בני 14 עד 15",1
"התרת התאמות וזכויות היעדרות גם לבני משפחה מטפלים של חולי מחלה קשה",1
"התרת ועדת מכרזים עירונית",1
"התרת זכאות לארוחה יומית לכלל התלמידים",1
"התרת זכאות לגמלת ניידות לחולי מחלות כרוניות ללא פגיעה בגפיים",1
"התרת זכאות להטבות נלוות למקבלי מענק עבודה",1
"התרת זכאות לחינוך חינם לילדים בחלופות אשפוז",1
"התרת זכויות והטבות לסטודנטים ישראלים הלומדים בחוץ לארץ",1
"התרת זכויות פדויי שבי לחטופים ששוחררו טרם 7 באוקטובר",1
"התרת זכויות שיקום והטבות לאחים שכולים",1
"התרת מכירת אלכוהול בשעות הלילה בחנויות גדולות במסגרת קנייה רחבה",1
"התרת ניכוי או זיכוי ממס עבור הוצאות מעונות יום לאמהות עובדות",1
"התרת ניכוי הוצאות בגין טיפול בילדים לצורכי מס הכנסה",1
"התרת ניכוי הוצאות בית לעצמאים",1
"התרת ניכוי הוצאות הנפקה לכלל החברות והשותפויות",1
"התרת ניכוי הוצאות הנפקה לכלל החברות והשותפויות בבורסה",1
"התרת ניכוי הוצאות טיפול בילד לצרכי מס",1
"התרת ניכוי הוצאות טיפול בילדים לצורכי מס הכנסה",1
"התרת ניכוי הוצאות מעון יום לצרכי מס הכנסה",1
"התרת ניכוי מס עבור ביטוח בריאות לעצמאים",1
"התרת ניכויים בשל הפקדות סוציאליות לעצמאים",1
"התרת פיקוח ממשלתי על מסגרות לגיל הרך",1
"התרת רכישת מניות כהוצאה לצרכי מס לחברות טכנולוגיה",1
"התרת תיקון רכבים בשטחי הרשות הפלסטינית",1
"התרת תנאי סף לקבלת מענק לימודים",1
"ודאות משפטית לגבי מעורבות שותף מוגבל בניהול",1
"ודאות תקציבית למועצה הישראלית לצרכנות",1
"ויתור על אזרחות ישראלית לתושבי חוץ",1
"ועדת חריגים להכרה בחללי צבא ובמשפחותיהם",1
"ועדת חריגים לזכאות קבורה צבאית",1
"ועדת מינויים דירקטוריון",1
"זהות המעסיק של מנהלי בתי ספר",1
"זהות המקצוע של אפוטרופוס לדין לקטינים",1
"זהות וכפיפות חשב המשטרה",1
"זהות ושיטת מינוי יושב ראש ועדת הבחירות המרכזית",1
"זהות נשיא בית הדין הרבני הגדול",1
"זיכוי ממס בגין תרומות באזורי עדיפות לאומית",1
"זיכוי ממס בשל השקעה בחברות הזנק טכנולוגיות",1
"זיכוי ממס בשל השקעה במניות חברת מו""פ",1
"זיכוי ממס הכנסה למעסיקי אנשי מילואים",1
"זיכוי ממס ותמריץ למעסיקי אנשי מילואים",1
"זיכוי ממס ללוחמים והקלות מס למעסיקי מילואים",1
"זיכוי ממס על תרומת מזון עודף",1
"זיכוי מס מוגדל לתורמי מזון עודף",1
"זיכוי מס על תרומות לבתי חולים בפריפריה",1
"זכאויות ילד נכה בגין פגיעה בגפה אחת",1
"זכאויות כלכליות לסבים ולדודים המגדלים יתומים נפגעי איבה",1
"זכאות אב לתקופת לידה והורות במצב של הורה יחיד",1
"זכאות אב שהוא הורה יחיד לתקופת לידה והורות",1
"זכאות אבות שהם הורים יחידים לתקופת לידה והורות",1
"זכאות אומנים לגמלת ילד נכה והטבות נלוות",1
"זכאות אזרחים ותיקים לחניה חינם ברשות המקומית",1
"זכאות אזרחים ותיקים לסיוע משפטי בגין ניצול כלכלי",1
"זכאות אזרחים שאינם תושבים לתעודת זהות",1
"זכאות אחים וילדים בגירים למענק משפחות חטופים ונעדרים",1
"זכאות אלמנות אנשי קבע לגמלה לאחר נישואין מחדש",1
"זכאות אלמנים לקצבת שאירים מול הכנסה מפנסיה",1
"זכאות אנשי קבע לנפגעי חבלה שאינה חבלת שירות",1
"זכאות אסירים ביטחוניים לשחרור מינהלי, שיקום וחופשות",1
"זכאות ארוסים לתגמולים והטבות חללי מערכה ופעולות איבה",1
"זכאות בן זוג לדמי לידה בלידה שקטה",1
"זכאות בן זוג להיעדרות ודמי לידה במקרה של ולד מת",1
"זכאות בן זוג להיעדרות ותשלום דמי לידה במקרה של לידה שקטה",1
"זכאות בני זוג להיעדרות ודמי לידה במקרה של לידת ולד מת",1
"זכאות בני זוג לתקופת לידה והורות במקביל ליולדת",1
"זכאות בני משפחה של חטופים ונעדרים לאחר שחרורם",1
"זכאות בני משפחה של חטופים ונעדרים לשдזכויות לאחר חזרה",1
"זכאות בני משפחה של נפגע עבירה שנפטר שלא כתוצאה מהעבירה לקבלת מידע",1
"זכאות בני רשות ותיקים פיצוי בגין פינוי",1
"זכאות גמלת ילד נכה לילדים באומנה",1
"זכאות דייר ממשיך מיוחד בדיור הציבורי לנפגעי פעולות איבה ומלחמה",1
"זכאות דמי לידה לבן זוג בלידה שקטה",1
"זכאות הורה יחיד לתקופת לידה והורות",1
"זכאות הורים לשימוש בזרע נפטר בהוראת שעה",1
"זכאות הורים נפטרים לבקש שימוש בזרע חללים ונפטרים ללא בת זוג",1
"זכאות ותיקי מלחמת העולם השנייה למענק הטבות",1
"זכאות חברות ממשלתיות להטבות עידוד השקעות הון",1
"זכאות חולי סרטן לגמלאות בביטוח הלאומי",1
"זכאות חיילות קבע משוחררות לדמי לידה",1
"זכאות חיילים בשירות סדיר לגמול כספי לקראת שחרור",1
"זכאות חיילים בשירות סדיר להכרה כנכים ולסיוע במהלך השירות",1
"זכאות חיילים משוחררים למענק עבודה מועדפת בזמן שירות מילואים",1
"זכאות חקלאים לאמצעי ייצור",1
"זכאות יוצאים לשאלה לסל קליטה",1
"זכאות ילדים לקויי שמיעה לגמלאות והשתתפות בהוצאות",1
"זכאות ילדים לקצבה בשל ירידה בשמיעה",1
"זכאות ילדים לקצבת נכות וגמלאות בשל ירידה בשמיעה",1
"זכאות ימי מחלה בשל מחלת ילד לבני זוג של משרתי מילואים",1
"זכאות כבאים וסוהרים לקבורה צבאית",1
"זכאות כבאים לקבורה צבאית עקב פטירה בשירות",1
"זכאות לביטול טיסה עקב שינוי מועד הסמוך לשבת או לחג",1
"זכאות לגמול שעות נוספות בשל אי-מתן הפסקה בין משמרות",1
"זכאות לגמול שעות נוספות עקב אי-מתן הפסקה בין משמרות",1
"זכאות לגמלה לילדים לקויי שמיעה חד-צידי ודו-צידי",1
"זכאות לגמלה לשמירת היריון במקרה של לידת פג",1
"זכאות לגמלה לשמירת היריון ליולדות פג",1
"זכאות לגמלת אבל למבוטחים",1
"זכאות לגמלת אבל למבוטחים העוצרים עבודתם בשל מות קרוב",1
"זכאות לגמלת ניידות במגורים במרחק העולה על 1,500 מטר מבני משפחה נוהגים",1
"זכאות לגמלת סיעוד ללא מבחן תלות לקשישים עריריים בעלי הכנסה נמוכה",1
"זכאות לגמלת סיעוד למטופלים במוסדות סיעודיים",1
"זכאות לגמלת סיעוד למטופלים במוסדות סיעודיים במימון פרטי",1
"זכאות לגמלת סיעוד למעסיקי עובדים זרים",1
"זכאות לגמלת שאירים במקרה של ריבוי בני זוג (אלמנים)",1
"זכאות לדיור ציבור מקבלי מזונות",1
"זכאות לדיור ציבורי למקבילי מזונות",1
"זכאות לדיור ציבורי למקבלי מזונות",1
"זכאות לדיור ציבורי למקבלי מזונות מהביטוח הלאומי",1
"זכאות לדיור ציבורי למקבלי תשלומי מזונות מהביטוח הלאומי",1
"זכאות לדיור ציבורי לנשים יוצאות מקלטים לנשים מוכות",1
"זכאות לדמי אבטלה בחופשה ללא תשלום ביוזמת העובד",1
"זכאות לדמי אבטלה בחופשה ללא תשלום לאחר לידה בשל סיבות מיוחדות",1
"זכאות לדמי אבטלה בחופשה ללא תשלום לאחר לידה מסיבות מוצדקות",1
"זכאות לדמי אבטלה בחל""ת לאחר לידה מסיבות רפואיות או תנאי עבודה",1
"זכאות לדמי אבטלה בימים הראשונים",1
"זכאות לדמי אבטלה במקרה של התפטרות הורה לטיפול בילד",1
"זכאות לדמי אבטלה בתקופת הכנה לבחינות הסמכה",1
"זכאות לדמי אבטלה להורים צעירים מתחת לגיל 28",1
"זכאות לדמי אבטלה למשרתי מילואים בחירום",1
"זכאות לדמי אבטלה לצעירים הורים",1
"זכאות לדמי אבטלה עקב התפטרות לצורך טיפול בילד",1
"זכאות לדמי לידה לעצמאיות המועסקות בהיקף מצומצם בתקופת הלידה וההורות",1
"זכאות לדמי לידה לעצמאיות המועסקות בעבודה חלקית",1
"זכאות לדמי מחלה בגין מחלת ילד כאשר בן הזוג לומד",1
"זכאות לדמי מחלה בהיעדרות בשל צורך רפואי בהיריון",1
"זכאות לדמי מחלה בעצל ליווי בן משפחה לבדיקה רפואית",1
"זכאות לדמי מחלה מהיום הראשון לעובדים בסיכון מוגבר למחלה ממארת",1
"זכאות לדמי מחלה עקב מחלת ילד כאשר בן הזוג לומד",1
"זכאות להבטחת הכנסה בעת שהייה בחוץ לארץ עקב מצב מיוחד",1
"זכאות להבטחת הכנסה לבני זוג של משרתי מילואים בחירום",1
"זכאות להבטחת הכנסה להורים עצמאיים הלומדים",1
"זכאות להבטחת הכנסה ללומדים בהכשרה מקצועית",1
"זכאות להבטחת הכנסה ללומדים ותלמידים",1
"זכאות להבטחת הכנסה למשתקמות מזנות במסגרת ייעודית",1
"זכאות להבטחת הכנסה לנשים יוצאות מקלטים לנשים מוכות",1
"זכאות להבטחת הכנסה לסטודנטים ותלמידים",1
"זכאות להורות ואומנה",1
"זכאות להחזר אגרת פינוי באמבולנס בהיעדר אשפוז",1
"זכאות להטבות מקרקעין לחיילים שלא השלימו שירות ולאלמנות צהל",1
"זכאות להטבות ניידות לקטועי ידיים",1
"זכאות להטבות נלוות למקבלי מענק עבודה",1
"זכאות להיעדרות בשל אשפוז פג",1
"זכאות להסבה מקצועית לעובדי עבודת כפיים מבוגרים",1
"זכאות להעדרות לצורך טיפול בילד בגיר שנפצע בשירות או באיבה",1
"זכאות להשתתפות מרבית בשכר לימוד במעון יום למשרתי מילואים",1
"זכאות לחניה חינם למאושפזים ולמבקריהם במוסדות רפואיים",1
"זכאות לטיפול נפשי ופסיכולוגי לעובדי הרשות לכבאות והצלה",1
"זכאות לטיפול נפשי ופסיכולוגי לעובדי חירום",1
"זכאות לטיפול נפשי ופסיכולוגי לעובדי כבאות",1
"זכאות לטיפול פסיכולוגי ונפשי לעובדי כבאות",1
"זכאות לטיפול פסיכולוגי ונפשי לעובדי כבאות והצלה",1
"זכאות לטיפול פסיכולוגי ללוחמים משוחררים",1
"זכאות ליום אבל בתשלום בשל פטירת קרוב מדרגה שנייה",1
"זכאות לייצוג וליווי משפטי בהליך פלילי לנפגעי עבירות מין",1
"זכאות לייצוג משפטי בהליכי הוצאה מהבית או מינוי אפוטרופוס",1
"זכאות לייצוג משפטי לקטינים בהליך שימוע",1
"זכאות לייצוג סניגור ציבורי לקטינים בהליך שימוע",1
"זכאות לימי אבל ותשלום שכר בפטירת סבים",1
"זכאות לימי היעדרות בשל אשפוז פג",1
"זכאות לימי מחלת ילד להורים לתינוקות",1
"זכאות לכיסאות גלגלים ממונעים בשליטה מרחוק",1
"זכאות לליווי וייעוץ משפטי בהליך הפלילי לנפגעי עבירות מין",1
"זכאות למוסד חינוך מיוחד בשפת האם",1
"זכאות למסגרות טיפוליות וחלופה ביתית לפעוטות עם צרכים רפואיים מורכבים",1
"זכאות למענק התארגנות למשפחות חטופים שגופתם הושבה",1
"זכאות למענק לימודים להורים בהליכי פרידה",1
"זכאות למענק לימודים לפי חוק הביטוח הלאומי למשפחות מעוטי הכנסה",1
"זכאות למענק עבודה לרוכשי זכויות בקבוצת רכישה",1
"זכאות למענק עבודה מועדפת במשרה חלקית",1
"זכאות למענק פטירה לקרובי משפחה שאינם בן זוג או ילד קטין",1
"זכאות למענק שנתי لبני זוג של ניצולי שואה שפטרו",1
"זכאות למתורגמן בוועדות רפואיות",1
"זכאות למתורגמן רפואי במוסדות רפואיים",1
"זכאות לנשים ששהו במקלט לנשים מוכות לדיור ציבורי",1
"זכאות לסבסוד מעונות יום למורות",1
"זכאות לסיוע לבני משפחה של נפגעי פוסט-טראומה",1
"זכאות לסיוע משפטי חינם למטופלים סיעודיים",1
"זכאות לסיוע משפטי לנפגעי אלימות במשפחה",1
"זכאות לסיוע משפטי לנפגעי אלימות כלכלית",1
"זכאות לסיוע משפטי לנפגעי הטרדה מינית",1
"זכאות לסיוע משפטי לנפגעי עבירות זנות וסרסור",1
"זכאות לסיוע נפשי והטבות למשרתי מילואים במערך הטיפול בחללים",1
"זכאות לסיוע פסיכולוגי לתלמידים מוחרמים",1
"זכאות לסל שיקום לנפגעי עבירות מין",1
"זכאות לעובדים להיעדרות בתשלום עקב פטירת סב או סבתא",1
"זכאות לעובדים ליום בחירה בחג המימונה",1
"זכאות לפיצוי בגין ביטול טיסה או שינוי במחלקת תיירים פרימיום",1
"זכאות לפיצוי כספי מינהלי לנפגעי עבירות מין מהמדינה",1
"זכאות לפיצוי ממשלתית לנפגעי נטילת דמי חסות",1
"זכאות לפיצויי פיטורים עקב התפטרות בנסיבות מלחמה",1
"זכאות לפיצויים בגין נזקי דמי חסות במסגרת חוק מס רכוש",1
"זכאות לקבורה צבאית עקב התאבדות הנובעת מהלם קרב",1
"זכאות לקבורה צבאית עקב התאבדות על רקע הלם קרב",1
"זכאות לקבורה צבאית עקב התאבדות על רקע פוסט-טראומה מהשירות",1
"זכאות לקצבת לידה חודשית בלידת תאומים",1
"זכאות לקצבת נכות לעולים חדשים בגין פגיעה במהלך העלייה",1
"זכאות לקצבת שאירים בעקבות נישואים מחדש",1
"זכאות לקצבת שאירים לאלמנה שנישאה מחדש",1
"זכאות לקצבת שאירים ליתומים בגירים נפגעי טרור ומערכות ביטחון",1
"זכאות לקצבת שאירים לניהול משק בית משותף",1
"זכאות לקצבת שאירים לעגונות ומסורבות גט",1
"זכאות לרישיון נשק ליוצאי יחידות קרביות ושוטרים",1
"זכאות לרישיון נשק ליוצאי צבא קרביים ושוטרים",1
"זכאות לרישיון נשק ללוחמים ששחרורם הוקדם עקב פציעה מבצעית",1
"זכאות לשובר זיכוי עקב אזהרת מסע חמורה",1
"זכאות לשילוב ומענים ייחודיים לפעוטות עם מוגבלות במעונות יום",1
"זכאות לשירותי אשפוז למכורים בסל הבריאות",1
"זכאות לשירותי בריאות לתושבים חוזרים גלמודים",1
"זכאות לשירותי תמיכה בקהילה לילדים עם קשיים נפשיים",1
"זכאות לשכר בהיעדרות בשעת חירום",1
"זכאות לשכר לעובדים הנעדרים עקב מצב מיוחד בעורף",1
"זכאות לשעת הורות לאלמנים ולאלמנות של חללי צה״ל ונפגעי פעולות איבה",1
"זכאות לתגמולים ליתומים מאיבה וממערכה",1
"זכאות לתשלום כספי חלף שעות סיעוד",1
"זכאות מורות לסבסוד מעונות יום לפי היקף משרה מותאם",1
"זכאות מחבלים זרים לייצוג משפטי במימון המדינה",1
"זכאות מקבלי הבטחת הכנסה ללימודים",1
"זכאות משפחות שכולות לטיפול נפשי ופסיכולוגי",1
"זכאות משרתי מילואים צעירים למחיר למשתכן",1
"זכאות מתמודד נפש שזוכה מחמת אי שפיות לרשת את מורישו",1
"זכאות מתמחים במשפטים ובחשבונאות לדמי אבטלה",1
"זכאות מתמחים לדמי אבטלה בתקופת הבחינות",1
"זכאות מתמחים לדמי אבטלה סמוך לבחינות הסמכה",1
"זכאות מתנדבי שירות אזרחי להצבעה בקלפיות מיוחדות",1
"זכאות נכדי יהודים למעמד עולה",1
"זכאות נכדי יהודים לעלייה לפי חוק השבות",1
"זכאות נכדים של יהודים לעלייה",1
"זכאות נפגעי איבה לטיפול פסיכולוגי ללא קביעת נכות",1
"זכאות נפגעי איבה לתבוע פיצויים ממפגעים והשבת תגמולים למוסד לביטוח לאומי",1
"זכאות נפגעי אלימות במשפחה לסיוע משפטי",1
"זכאות נפגעי עבירות מין לסל שיקום ומימון שירותי בריאות ודיור",1
"זכאות נפגעי עבירות מין לתוכנית שיקום וסל שירותים",1
"זכאות נפגעי עבירות מין לתוכנית שיקום ממלכתית",1
"זכאות נפגעי עבירות מין לתכנית שיקום ממלכתית",1
"זכאות נפגעי פעולות איבה לסיוע משפטי במיצוי זכויות והליך פלילי",1
"זכאות נפגעים משניים לפיצוי עונשי בנזיקין",1
"זכאות סבים ודודים המטפלים ביתום משני הוריו לתגמולים",1
"זכאות סבים וסבתות לימי מחלה בשל טיפול בנכד",1
"זכאות סבסוד מעונות יום למורות",1
"זכאות סוהרים לקבורה צבאית ללא תנאי קשר סיבתי",1
"זכאות סטודנטים להנחה בתחבורה ציבורית",1
"זכאות עובדים בגיל פרישה לדמי אבטלה",1
"זכאות עובדים לגמלה בחדלות פירעון והליך שיקום כלכלי",1
"זכאות עובדים עצמאיים לגמלת אבל",1
"זכאות עובדים עצמאיים לדמי מחלה מטעם הביטוח הלאומי",1
"זכאות עובדים עצמאים לדמי אבטלה",1
"זכאות עובדים עצמאים לדמי מחלה",1
"זכאות עולים חדשים לגמלה להבטחת קיום במחצית הראשונה לעלייתם",1
"זכאות עצמאי המזוהה כתלוי-מעסיק יחיד לגמלה בחדלות פירעון",1
"זכאות עצמאי תלוי-מעסיק יחיד לגמלה בחדלות פירעון",1
"זכאות עצמאיות לדמי לידה בעבודה חלקית",1
"זכאות עצמאים לדמי אשפוז",1
"זכאות עצמאים לדמי לידה בעבודה חלקית",1
"זכאות עצמאים לדמי מחלה",1
"זכאות עצמאים לדמי פגיעה",1
"זכאות עצמאים לדמי פגיעה בימי הפגיעה הראשונים",1
"זכאות עצמאים לדמי פגיעה בעבודה עבור ימים ראשונים",1
"זכאות עצמאים לדמי פגיעה בעד תקופת הזכאות הראשונה",1
"זכאות עצמאים לדמי פגיעה מתחילת תקופת הזכאות",1
"זכאות עצמאים לדמי פגיעה מתקופת ההמתנה הראשונה",1
"זכאות עצמאים לדמי פגיעה עבור ימי ההמתנה הראשונים",1
"זכאות עצמאית לאבות לתקופת לידה והורות",1
"זכאות עקרות בית לקצבת אזרח ותיק וחיוב בדמי ביטוח",1
"זכאות פיצוי למפוני מתחם גבעת עמל היסטוריים",1
"זכאות צעירים בגיל 19 לדמי אבטלה",1
"זכאות צעירים וקטינים עובדים לדמי אבטלה",1
"זכאות קטינים לחשודים לייצוג משפטי בשפתם",1
"זכאות קטינים נפגעי אלימות במשפחה לטיפול נפשי במימון ציבורי",1
"זכאות קרובי משפחה ויורשים לפיצוי בגין פינוי מקרקעין",1
"זכאות קשישים סיעודיים להחזר מלא בגין פינוי באמבולנס",1
"זכאות תלמידים להסעות בחינוך הרגיל ומימונן",1
"זכויות אוטומטיות לפדויי שבי ממתקפת 7 באוקטובר",1
"זכויות אחים מטפלים בנכי צהל ונפגעי פעולות איבה",1
"זכויות בדירת מגורים לאחר הרשעה ברצח בן זוג",1
"זכויות דיירי דיור מוגן בעבודות בנייה",1
"זכויות דיירים קשישים בחיזוק בתים משותפים מפני רעידות אדמה",1
"זכויות הורה שאינו נשוי לנספה",1
"זכויות חיילי מילואים בודדים",1
"זכויות חינוך לילדים בהשמה חוץ-ביתית",1
"זכויות ילדי אומנה במשפחות שכולות",1
"זכויות ירושה לבני זוג חד-מיניים",1
"זכויות כלכליות למחזיקים ביתומים מפעולות איבה",1
"זכויות כלכליות למתנדבים בודדים וחסרי עורף משפחתי בשירות האזרחי",1
"זכויות כלכליות לנשים ששהו במקלט לנשים מוכות",1
"זכויות מוניציפליות במבני מגורים בשטחי מרעה",1
"זכויות משפחות כבאים שנספו",1
"זכויות נכים ונספים לכוחות ההצלה",1
"זכויות נפגעי מעשי טרור להשמעת עמדתם בהליך הפלילי והמינהלי",1
"זכויות נפגעי עבירה בהליכי גישור פלילי",1
"זכויות נפגעי עבירה בעבירות המתה כשבן משפחה חשוד בביצוע העבירה",1
"זכויות נפגעי עבירות מין ואלימות בהליך אזרחי",1
"זכויות סוציאליות במקרה של הפלה מאוחרת ודיכאון לאחר לידה",1
"זכויות סטודנטים ישראלים הלומדים בחוץ לארץ",1
"זכויות עובדים בתאגיד בהליכי שיקום כלכלי",1
"זכויות עובדים של תאגידים בהליכי שיקום כלכלי ופירעון",1
"זכויות פדויי שבי ונכים",1
"זכויות קבורה של חסרי דת שנפגעו בפעולות איבה",1
"זכויות ראשי ממשלה לשעבר",1
"זכויות שאירים במצב של ריבוי בני זוג לאלמן",1
"זכויות שבות לנכדי יהודים",1
"זכויות שיקום לחיילים בשירות סדיר שנפצעו",1
"זכויות תעסוקה ורווחה למשפחות עובדות מעוטי הכנסה",1
"זכויות תקופת לידה והורות לבנות זוג מאותו המין",1
"זכות בחירה לבעלי עסקים ברשות מקומית",1
"זכות בחירת מסגרת חינוכית לילדים עם צרכים מיוחדים",1
"זכות בחירת מקום אשפוז פסיכיאטרי והוראות מקדימות",1
"זכות ביטול עסקאות תיירות מרחוק לאוכלוסיות מוגנות",1
"זכות ביקור ופיקוח של חברי הכנסת במוסדות ומתקנים סגורים",1
"זכות ביקור ופיקוח של חברי הכנסת במוסדות ציבוריים ובבתי סוהר",1
"זכות בני משפחה לבקש ביטול אזרחות כבוד של חלל",1
"זכות גישה לערכאות ועתירות אסירים צבאיים",1
"זכות גישה לערכאות למי שאינו אזרח או תושב",1
"זכות הארכת הסכם חכירה לדורות וק้าבעת דמי חכירה",1
"זכות הארכת הסכמי חכירה לדורות למגורים",1
"זכות הארכת חכירה לדורות",1
"זכות הארכת חכירה לדורות וקביעת דמי חכירה",1
"זכות ההיוועצות ונוכחות עורך דין בחקירה",1
"זכות ההצבעה לאסירים",1
"זכות ההתארגנות ודרכי פעולה של ארגון עובדים בשירות חיוני",1
"זכות ההתארגנות של עובדי רשות הכבאות והצלה",1
"זכות הורים לצפות בצילומי אבטחה במעונות יום",1
"זכות הייצוג המשפטי לעצורים ואסירים ביטחוניים",1
"זכות היעדרות מהעבודה בשל שירות מילואים של בן הזוג",1
"זכות המפגש של אסירים ביטחוניים עם עורכי דין",1
"זכות הערעור של התביעה על זיכוי",1
"זכות הצבעה לאזרחים השוהים בחוץ לארץ",1
"זכות הצבעה לאסירים",1
"זכות הצבעה לשליחים ואזרחים בחוץ לארץ",1
"זכות השתיקה ומשמעותה הראייתית",1
"זכות התגוננות מוקדמת מפני הליכי פיטורים",1
"זכות וטו לנפגעי עבירות איבה על הסדרי טיעון וסגירת תיקים",1
"זכות חברי ועדה ממונה להיבחר בבחירות ברשות המקומית",1
"זכות טיעון בהליכי צווי מניעה ואכיפה בבחירות",1
"זכות טיעון והתגוננות מוקדמת טרם מתן היתר פיטורים",1
"זכות טיעון ושיתוף ציבור בהחלטות רגולטוריות במשק המים",1
"זכות טיעון לנפגעי עבירה בבקשות לאיסור פרסום שמו של חשוד",1
"זכות טיעון לפני שלילה או הפחתה של גמלאות ביטוח לאומי",1
"זכות טיעון לפני שלילת או הפחתת גמלה",1
"זכות טיעון של בעל חיסיון בבקשה להסרת חיסיון רפואי או נפשי",1
"זכות ייצוג משפטי והתנגדות לאשפוז פסיכיאטרי לקטינים",1
"זכות ייצוג משפטי לקטינים באשפוז פסיכיאטרי",1
"זכות לחינוך בלתי פורמאלי וחובת אספקתו",1
"זכות למחיקת מידע ממאגרי מידע",1
"זכות מימוש מקרקעין מיועדים למטרו בידי בעל הקרקע",1
"זכות מתורגמן ותרגום מסמכים בהליכים משפטיים",1
"זכות נפגע עבירת מין או אלימות חמורה להצהרה בעל פה בגזר הדין",1
"זכות נפגעי עבירות מין ואלימות חמורה למסור הצהרה בעל פה בגזר הדין",1
"זכות עובד לתבוע מעסיק בגי אי-העברת כספים לקופת גמל והלנת שכר",1
"זכות עובד לתבוע מעסיק בגין אי-העברת כספים לקופת גמל",1
"זכות עובדים לבקשת הסדר עבודה גמיש",1
"זכות עיון בחומרי חקירה לנפגעי עבירות מין ואלימות",1
"זכות עיון בחומרים הנוגעים לבקשת מעצר",1
"זכות עיון בחומרים לבקשת מעצר",1
"זכות עיון בסרטוני טסטים ונימוקי כישלון",1
"זכות עמידה בבגץ",1
"זכות עמידה בהליכים משפטיים מינהליים",1
"זכות עמידה לחברי הכנסת בבגץ",1
"זכות עמידה לחברי הכנסת בבג״צ",1
"זכות עמידה למתגמלי טרור בבג״ץ",1
"זכות עמידה לעותרים ציבוריים הממומנים בידי ישויות זרות",1
"זכות ערעור בעתירות אסירים",1
"זכות ערעור על החלטות בעתירות אסירים",1
"זכות קדימה לחוכר לדורות בעסקאות מקרקעין",1
"זכות קטינים למחיקת מידע אישי ברשת",1
"זכות קטינים למחיקת מידע אישי מהמרחב המקוון",1
"זמינות שירותי רפואה חוץ-קופתיים במקרה של היעדר מענה מקומי",1
"זמן המתנה מירבי לטיפול רפואי ואחריות נזיקית",1
"זמן מענה לפניות ציבור",1
"זמן סביר לקבלת טיפול רפואי ואחריות נזיקית",1
"זמני המתנה ומרחקי נסיעה מרביים לטיפול רפואי",1
"זמני המתנה לטיפול רפואי ואחריות נזיקית",1
"זמני המתנה לפריקת מטען בנמלים",1
"זמני המתנה מרביים לשירותי רפואה",1
"זמני טיפול וחובת הנמקה בבקשות לתג נכה",1
"זקיפת שווי שימוש ברכב חלקי",1
"חבות גורמים המשלמים תגמולים בזיקה לטרור בפיצוי עונשי",1
"חבות גורמים מממנים בפיצוי עונשי",1
"חבות מע""מ על שירותים דיגיטליים מיובאים מספקים זרים",1
"חבות מע״מ על שירותים דיגיטליים מחוץ לישראל",1
"חבות משפטית בפרויקטים של לכידה, עיקור והשבה של כלבים",1
"חובה במינוי חתם מלווה לתאגיד בבורסה ייעודית",1
"חובה לחינוך טכנולוגי בבתי הספר",1
"חובה ליישום המלצות הנציב",1
"חובה לשמור טביעות אצבע במאגר הביומטרי",1
"חובות אבטחה ודיווח בחדרי שיחה פומביים",1
"חובות איתור בעלי חשבונות ופיקדונות ללא תנועה",1
"חובות אמון ומניעת ניגוד עניינים לחברי מועצה",1
"חובות אמון ושקיפות של מארגן קבוצת רכישה",1
"חובות אתיים וקוד התנהגות לחברי מועצה",1
"חובות דיווח ובחינת השפעת חקיקה ופעילות רשויות על אלימות במשפחה",1
"חובות דיווח ושקיפות על גופים הממומנים בידי ישויות זרות",1
"חובות דיווח ושקיפות על גורמים הממומנים בידי ישויות זרות",1
"חובות דיווח של תאגידים קטנים בבורסה",1
"חובות דיווח שנתי וחובת בחינת השפעת חקיקה על קורבנות אלימות במשפחה",1
"חובות הודעה ושקיפות בביטול פוליסת ביטוח",1
"חובות השקעה בהפקות מקומיות וסוגה עילית",1
"חובות מניעה ואחריות מעסיקים להתנכלות תעסוקתית",1
"חובות מניעה וקביעת תקנון למעסיקים",1
"חובות מעסיק למניעת התנכלות תעסוקתית ואחריות מעסיק",1
"חובות מעסיק למניעת התעמרות בעבודה ופרסום תקנון",1
"חובות מעסיקים מניעת כפייה והטרדה מינית במסגרת העבודה",1
"חובות מעקב ותיעוד על שרשרת פינוי פסולת בניין",1
"חובות פינוי ואצירה של פסולת בניין ליצרנים ולמובילים",1
"חובות רשויות השלטון וחובת דיווח פרלמנטרי בנושא אלימות במשפחה",1
"חובות שקיפות ומתן מענה למשתמשים ברשתות חברתיות",1
"חובות שקיפות, ניהול חשבונות ודיווח של אגודות עותומניות",1
"חובת אבטחה במוסדות חינוכיים",1
"חובת אבטחה והארכת שעות הפעילות במוסדות חינוך",1
"חובת אומדן גיל וחסימת גישה לקטינים באתרים בעלי תוכן פוגעני",1
"חובת איכון ובקרה אלקטרונית על מובילי פסולת",1
"חובת איכון לווייני ואכיפת דיג בספינות דיג",1
"חובת אימות גיל ואיסור שימוש במידע",1
"חובת אימות גיל ומנגנוני אכיפה ועיצומים כספיים",1
"חובת איסוף ופרסום נתונים סטטיסטיים בחתך מגדרי",1
"חובת אישור הלוואות בערבות מדינה בשעת חירום",1
"חובת איתור בעלי חשבונות ופיקדונות ללא תנועה",1
"חובת איתור והודעה לחייבים",1
"חובת איתור חייבים ואמצעי יידוע מרובים",1
"חובת איתור חייבים ודרכי הודעה מוקדמות טרם נקיטת הליכי גבייה",1
"חובת איתור חייבים ודרכי מסירת דרישת תשלום",1
"חובת איתור חייבים והודעה מוקדמת טרם נקיטת הליכי גבייה",1
"חובת איתור חייבים והודעה מוקדמת לפני נקיטת הליכי גביה",1
"חובת אספקת משלוח ליעד חלופי במקרה של שיבוש",1
"חובת בדיקת כשירות גופנית לעובדים זרים",1
"חובת בדיקת רישיון עובד זר והטלת חזקת ידיעה למעסיקים",1
"חובת בדיקת תקינות כריות אוויר ברישיון רכב",1
"חובת בחינה מגדרית ותזכיר מגדרי בתקציבים ציבוריים",1
"חובת בחינה מגדרית ותזכיר מגדרי לתקציבים ציבוריים",1
"חובת ביטוח חיים למשכנתא למנטרלי אסון צ'רנוביל",1
"חובת ביטוח למתנדבים ולפועלים באיסוף וחלוקת עודפי מזון",1
"חובת ביטוח לפעילים בארגוני חלוקת מזון",1
"חובת ביטוח פנסיוני לעובדים זרים בסיעוד המועסקים בידי יחידים",1
"חובת ביקורי שופטים בבתי סוהר",1
"חובת בית המשפט לברר את עמדת נפגע העבירה בהסדר טיעון",1
"חובת גיבוש אסטרטגיית ביטחון לאומי ועדכונה",1
"חובת גיבוש אסטרטגיית ביטחון לאומי ממשלתית",1
"חובת גיבוש תוכניות היערכות והפחתת פליטות למשרדי ממשלה ורשויות",1
"חובת גיבוש תכנית לאומית רב-שנתית ודיווח ממשלתי לחקלאות",1
"חובת גיוס לשירות ביטחון לתושבים ארעיים שהם ניני יהודים",1
"חובת גילוי מימון זר בעתירות בג""ץ",1
"חובת גילוי מנגנון שבת במפרט דירות",1
"חובת גילוי נאות בפרסומים של גורמים הנתמכים בידי ישויות זרות",1
"חובת גילוי נאות לקראת סיום מנוי להגרלות והימורים",1
"חובת גילוי נאות פומבי על גופים הממומנים בידי ישויות זרות",1
"חובת גילוי על הוזלת מחירים בעסקאות מתמשכות",1
"חובת גילוי של מסחר בניירות ערך לחברי ועדות הכלכלה והכספים",1
"חובת דיווח ודיון שנתי בכנסת על פעילות שירות התעסוקה",1
"חובת דיווח והצהרה בהפקעת קרקעות",1
"חובת דיווח ופיקוח פרלמנטרי על תשתיות וכוח אדם במערכת המשפט",1
"חובת דיווח ופרסום על התקשרות נושאי משרה בכירה עם יועצים חיצוניים",1
"חובת דיווח ופרסום של אסטרטגיית הביטחון הלאומי",1
"חובת דיווח וקיום דיונים בוועדות הכנסת לגבי גוף סטטוטורי",1
"חובת דיווח ורישום הערת נזק על רכבים ניזוקים",1
"חובת דיווח ושקיפות במכירת רכב ניזוק",1
"חובת דיווח ותיעוד של שימוש משטרתי בכוח",1
"חובת דיווח ותכנון לאומי בנושא מצב הטבע והמגוון הביולוגי",1
"חובת דיווח ותשלום מע״מ בעסקאות בין עוסקים מורשים",1
"חובת דיווח חצי שנתית מצד גופים פיננסיים",1
"חובת דיווח ליבואני רכב לצורך העדפת מכס",1
"חובת דיווח מוסדות חינוך להורים על היעדרות תלמידים",1
"חובת דיווח מוסדי על היעדרות תלמידים",1
"חובת דיווח מידע סביבתי של גופים ציבוריים ומשרדי ממשלה",1
"חובת דיווח ממשלתי לכנסת על סיוע הומניטרי בינלאומי",1
"חובת דיווח ממשלתית על סוכרת והשמנת יתר",1
"חובת דיווח נתוני מכר לקמעונאים גדולים",1
"חובת דיווח על אלימות על רקע גזעני במוסדות חינוך",1
"חובת דיווח על בעלי שליטה סופיים בנאמנויות ובתאגידים",1
"חובת דיווח על הכנסות פטורות משכר דירה",1
"חובת דיווח על מבקשי רישיון כלי ירייה בסיכון",1
"חובת דיווח על מבקשי רישיון נשק",1
"חובת דיווח על מלאי חיטה ומזון לבעלי חיים",1
"חובת דיווח על פעילות מרכזים אקוטיים",1
"חובת דיווח על קשרים עסקיים עם מדינה זרה לספקי שירות ציבורי",1
"חובת דיווח על תמיכות סביבתיות",1
"חובת דיווח על תקיפות סייבר והקלה לספקים לפי דירקטיבת NIS2",1
"חובת דיווח פלילית לעובדי חינוך על חרם חברתי",1
"חובת דיווח פרלמנטרי על אי התקנת תקנות",1
"חובת דיווח פרלמנטרי על אי-התקנת תקנות במועד",1
"חובת דיווח פרלמנטרי על פגיעה באנשים עם מוגבלות שכלית-התפתחותית",1
"חובת דיווח פרלמנטרי על פגיעות באנשים עם מוגבלות שכלית-התפתחותית",1
"חובת דיווח קבועה על שימוש בנתוני תקשורת",1
"חובת דיווח שיפוטי לרשויות הרישצוע המקצועי על הרשעות",1
"חובת דיווח של בתי משפט על הרשעת פסיכולוג",1
"חובת דיווח של חלפני כספים",1
"חובת דיווח של נותני שירותי תשלום על חשד לניצול כלכלי של אוכלוסיות פגיעות",1
"חובת דיווח של ספקי שירותים למוסדות המדינה על קשרים עם מדינות זרות",1
"חובת דיווח שנתי וקיום דיון בוועדת הכנסת",1
"חובת דיווח שנתי לוועדת החוץ והביטחון על תחלואה ומחלות מקצוע",1
"חובת דיווח שנתי לכנסת על עבירות מין וטרור ממניע גזעני",1
"חובת דיווח שנתי לכנסת על עבירות פליליות ואירועי חדירה למתקנים צבאיים",1
"חובת דיווח שנתי על נפגעים בעבודה בגופים ביטחוניים",1
"חובת דיווח שנתי על תנאי אשפוז פסיכיאטרי",1
"חובת דיווח שנתית לכנסת על פעילות יד ושם ותקציבו",1
"חובת דיווח שנתית על החזקת מזומן",1
"חובת דיווח שנתית על יישום חוק פלילי",1
"חובת דיווח שנתית על שמות מקומות ציבוריים על שם אישיות",1
"חובת דיווח שנתית של הממונה על שוק ההון לוועדת הכלכלה",1
"חובת דיווח שנתית של המשטרה לכנסת על נתוני אכיפה ושימוש בכוח",1
"חובת דיווח שרים על אי-התקנת תקנות",1
"חובת דיווח שרים על אי-התקנת תקנות במועד",1
"חובת דיווח תקופתי ומענה לשאילתות של שרי הממשלה בוועדות הכנסת",1
"חובת דיווח תקופתי על מצב הטבע",1
"חובת דיון ודיווח של הרשות לפיתוח היישובים הדרוזיים",1
"חובת הגשת תביעות נזיקין בגין מעשי טרור",1
"חובת הגשת תסקיר תחבורה ציבורית בתוכניות בנייה",1
"חובת הדרכה על שימוש נכון במכשירים סלולריים חכמים",1
"חובת הדרכה פיננסית ללקוחות בנק חדשים",1
"חובת הדרכה פיננסית ללקוחות בנקים חדשים",1
"חובת הדרכה שנתית למניעת הטרדה מינית במקום העבודה",1
"חובת הודעה ואישור מסירה בביטול או שינוי טיסה",1
"חובת הודעה ואישור מסירת הודעות על ביטול או שינוי טיסה",1
"חובת הודעה והשהיית ביטול הרשאה לחיוב בשל היעדר יתרה",1
"חובת הודעה ומחיקת הערות על אתרי עתיקות בפנקסי המקרקעין",1
"חובת הודעה יזומה על זכאות לנקודות זיכוי במס הכנסה",1
"חובת הודעה יזומה על זכויות ביטוח לאומי",1
"חובת הודעה ללקוח על יתרת עובר ושב שאינה נושאת ריבית",1
"חובת הודעה מוקדמת ללקוח על עיקול חשבון בנק",1
"חובת הודעה מוקדמת על חובות ביטוח לאומי והתניית קנסות",1
"חובת הודעה מוקדמת על סיום הטבה בנקאית",1
"חובת הודעה מוקדמת על עיקול חשבון בנק",1
"חובת הודעה מוקדמת על שביתה בשירות ציבורי",1
"חובת הודעה על הוזלה משמעותית בעסקה מתמשכת",1
"חובת הודעה על העלאת מחיר בעסקה מתמשכת",1
"חובת הודעה על יתרות עובר ושב שאינן נושאות ריבית",1
"חובת הודעה על כבילה באולם בית המשפט",1
"חובת הוכחת מיצוי הליכי התראה והקלות לפני ביצוע משכנתה",1
"חובת הוספת הוראות שימוש בשפה הערבית למכשירי חשמל",1
"חובת החזקת אמצעים לגילוי סמים במשקים בבתי עסק",1
"חובת החזקת תכשיר אפינפרין בכלי תחבורה ציבורית",1
"חובת החזר תגמול מילואים לעצמאים עקב ירידה בהכנסות",1
"חובת היבחנות במבחני הערכה חיצוניים במוסדות שאינם ממלכתיים",1
"חובת היערכות עירונית למזג אוויר קיצוני",1
"חובת היתר לייצוא בעלי חיים",1
"חובת הכנת תוכניות מוכנות ותגובה לזיהום ים בשמן",1
"חובת הכשרה לאנשי מקצוע בזיהוי ודיווח על התעללות בילדים",1
"חובת המדינה לשימור הזיקה לעם היהודי בקרב אזרחי המדינה",1
"חובת הנגשה לשונית בשירותים ממשלתיים ובגופים מרכזיים",1
"חובת הנגשת שירותים ציבוריים באופן דיגיטלי",1
"חובת הנחה בארנונה לאנשים עם מוגבלות",1
"חובת הנחה ומכירה של מוצרי מזון סמוך למועד פוג תוקפם",1
"חובת הנחה ומכירת מוצרי מזון סמוך למועד פוגם בקמעונאים גדולים",1
"חובת הנמקה בכתב ומסירת מידע על סירוב קופת חולים לספק שירות",1
"חובת הנמקה בכתב ומתן מידע על פנייה לנציב במקרה של סירוב קופה למתן שירות",1
"חובת הנמקה בכתב לסירוב מתן שירות",1
"חובת הנמקה ומסירת מידע בסירוב קופת חולים לאשר שירות",1
"חובת הנמקה ומסירת מידע על ידי קופות חולים בסירוב לאישור שירות",1
"חובת הנמקה ומסירת מידע על ידי קופות חולים בסירוב לאישור שירות רפואי",1
"חובת הנמקה ומסירת נימוקים לסירוב רישיון נשק",1
"חובת הנמקת החלטות במוסדות תכנון",1
"חובת הנפקת חשבונית ושובר זיכוי דיגיטליים לקמעונאים גדולים",1
"חובת הסדרי מיחזור במוסדות חינוך",1
"חובת הסכם בכתב ופיצוי סטטוטורי על הפרת הסכם מכר בחקלאות",1
"חובת הסמכה ודרגות למאמנים ומדריכי ספורט",1
"חובת הסמכת פקחים ושוטרים לאכיפת חוק צער בעלי חיים",1
"חובת הסרת תוכן פוגעני וניהול מנגנוני דיווח ברשתות חברתיות",1
"חובת הסרת תכנים מיניים ללא הסכמה ברשתות חברתיות",1
"חובת הסרת תכנים מיניים ללא הסכמה מרשתות חברתיות",1
"חובת העברת עודפי מזון מבתי חולים לארגוני חלוקה",1
"חובת העדפת חברות תעופה ישראליות ברשויות ציבוריות",1
"חובת העדפת רכש תוצרת מקומית ועוסקים ישראליים בגופים ציבוריים בשעת חירום",1
"חובת העמדה לדין וסגירת תיקים בעבירות אלימות שוטרים",1
"חובת העמדה לדין משמעתי של שוטרים וביטול אישור מיוחד",1
"חובת העסקת מורשה בקר להגנת הסביבה במכוני בקרה",1
"חובת הערכת השפעות רגולציה",1
"חובת הפעלת מוקד שירות טלפוני דחוף לשעות הלילה והחירום",1
"חובת הפעלת קווי אוטובוס בלילה ברשויות מקומיות",1
"חובת הפקדת ערובה בהגשת ערר לבית הדין לעררים",1
"חובת הפקדת ערובה להגשת תלונה על יבוא בהיצף",1
"חובת הפקדת ערובה לתביעות של תושבי אזורי עימות",1
"חובת הפקדת פיקדון עבור עובדים זרים המועסקים ללא היתר",1
"חובת הפרשה לפנסיה לעובדים זרים בענף הסיעוד המועסקים בידי יחידים",1
"חובת הפרשה פנסיונית לעובדים זרים בחקלאות",1
"חובת הצבת דגל המדינה בכיתות לימוד",1
"חובת הצבת דגל המדינה במוסדות חינוך והשכלה גבוהה",1
"חובת הצבת מכשיר אוטומטי עקב סגירת סניף",1
"חובת הצבת מכשירי החייאה בבניינים רבי-קומות",1
"חובת הצבת מכשירי החייאה ברכבות",1
"חובת הצבת מכשירי החייאה בתחבורה ציבורית מסילתית",1
"חובת הצבת מכשירים אוטומטיים בבנקאות",1
"חובת הצבת מכשירים אוטומטיים ביישובים",1
"חובת הצבת מכשירים אוטומטיים בנקאיים",1
"חובת הצגת אישור משטרה כתנאי להעסקה במוסדות פגיעים",1
"חובת הצגת מחיר בקופה לצרכן",1
"חובת הצגת מחיר מומלץ או מקסימלי לירקות",1
"חובת הצגת מחיר מקסימלי לצרכן של ירקות",1
"חובת הצגת מספרי טלפון של מוקדי סיוע לצרכן בנקודות מכירה",1
"חובת הצגת נתוני צפייה בזמן אמת לציבור",1
"חובת הצגת עמדת היועץ המשפטי לממשלה בהליכי בדיקה גנטית בבתי משפט ובתי דין",1
"חובת הצגת תמונות אזהרה גרפיות על אריזות מוצרי טבק",1
"חובת הצהרה מוקדמת כתנאי לרישום נישואין",1
"חובת הצהרה תקופתיות של נותני שירותים פיננסיים",1
"חובת הצהרת נאמנות ציונית כתנאי למימוש זכות ההצבעה",1
"חובת הצללה בתוכניות בנייה",1
"חובת הצעה לחתימה על ייפוי כוח רפואי באשפוז",1
"חובת הקלטה ושמירה של שיחות עסקאות טלפוניות",1
"חובת הקלטת עסקאות טלפוניות",1
"חובת הקלטת עסקאות טלפוניות ומסירתן לצרכן",1
"חובת הקלטת שיחות ושמירתן בעסקאות צרכניות",1
"חובת הקלטת שיחות טלפון ושמירתן בעסקאות מכר מרחוק",1
"חובת הקמת בתי תפילה מוסלמיים בבתי חולים",1
"חובת הקמת ועדה לקידום מעמד האישה ברשות המקומית",1
"חובת הקמת ועדה לקליטת עלייה ברשויות מקומיות",1
"חובת הקמת ועדת חקירה ממלכתית באירועים חריגים",1
"חובת הקמת יחידות חוסן והעסקת אנשי מקצוע ברשויות המקומיות",1
"חובת הקמת יחידות לטיפול מקל (פליאטיבי) והרחבת הנגשתו",1
"חובת הקמת מערך רפואה מונעת בגופים ביטחוניים",1
"חובת הקמת מרכזי חירום ושליטה ברשויות סמוכות גבול",1
"חובת הקמת מתקני ואולמות ספורט במוסדות חינוך",1
"חובת הקצאת חדרי הנקה בבניינים ובמקומות ציבוריים",1
"חובת הקצאת חדרי הנקה במקומות ציבוריים",1
"חובת הקצאת חניה לאופניים במרכזי תחבורה",1
"חובת הקצאת מקום תפילה למוסלמים בבתי חולים",1
"חובת השבת ערבות בנקאית במכרז ציבורי ותשלום ריבית פיגורים",1
"חובת השכרת נכסי מדינה למתקני שידור סלולריים",1
"חובת השמעת המנון המדינה במוסדות להשכלה גבוהה",1
"חובת השעיית שוטר בגין חשד לאלימות",1
"חובת השקעה בהפקות מקומיות לספקי תוכן דיגיטליים",1
"חובת השתלבות בשיקום לעברייני אלימות",1
"חובת השתתפות בשיקום לאסירים בגין עבירות אלימות",1
"חובת השתתפות והצבעה של גופים מוסדיים בחברות דואליות",1
"חובת השתתפות מוסדות חינוך חדשים שאינם ממלכתיים בתכנית לימודי בסיס",1
"חובת התייעצות גופי חירום וביטחון עם רשות המטרו",1
"חובת התייעצות ואישור פרלמנטרי בהתקנת תקנות רישוי",1
"חובת התייעצות עם חוקר ילדים קטרם חקירת קטין נפגע או עד בעבירות טרור",1
"חובת התייצבות ומתן מענה של עובדי ציבור לוועדות הכנסת",1
"חובת התייצבות עובדי ציבור ומסירת מידע לוועדות הכנסת",1
"חובת התקנת אור ירוק מהבהב ברמזורים",1
"חובת התקנת גלאי עשן בבנייה למגורים",1
"חובת התקנת חיישן בטיחות בנסיעה לאחור",1
"חובת התקנת מזוזות במוסדות ציבור",1
"חובת התקנת מכשיר בדיקת אלכוהול בעסקים",1
"חובת התקנת מנגנון נעילה בטיחותי בממ""ד",1
"חובת התקנת מנגנון פיקוד שבת ברכוש מששותף",1
"חובת התקנת מנגנון שבת למשאבות מים בבניינים חדשים",1
"חובת התקנת מערכות סולאריות בבנייה חדשה",1
"חובת התקנת מצלמות במעונות יום הפועלים בבתי מגורים",1
"חובת התקנת מתקנים סולאריים ואגירת אנרגיה בבנייה חדשה במתחמי פינוי ובינוי",1
"חובת התקנת תקנות בטיחות אש",1
"חובת התקשרות חברות ביטוח עם סוכנים לשיווק ביטוח חובה",1
"חובת התקשרות מבטחים עם סוכני ביטוח",1
"חובת התקשרות קופות חולים עם כלל בתי המרקחת",1
"חובת התקשרות רציפה של בעלי מעליות עם בעלי רישיון הפעלה",1
"חובת התקשרות של מבטחים עם סוכני ביטוח",1
"חובת התראה דיגיטלית טרם עיקול",1
"חובת התראה מוקדמת טרם עיקול",1
"חובת זיהוי ורישום ברכישת כרטיס SIM אנונימי",1
"חובת חוות דעת פקיד היערות בהליכי תכנון",1
"חובת חקירת שוטרים במחשת",1
"חובת חתימה על הסכם קדם נישואין למניעת סרבנות גט",1
"חובת טיפול בדיווח משפחה על מצוקת חייל",1
"חובת יידוע הורים על היעדרות ילד ממוסד חינוך או מעון",1
"חובת יידוע והחתמת חיילים על הנחיות לשימוש בזרע",1
"חובת יידוע וקבלת אישור מחודש להחזקת מידע",1
"חובת יידוע זכויות טרם חקירה",1
"חובת יידוע חייבים בהליכי גבייה מנהליים",1
"חובת יידוע חיילי מילואים בלתי מועסקים על חיסכון פנסיוני",1
"חובת יידוע חשודים בזכויותיהם בכתב ובעל פה",1
"חובת יידוע לקוחות על חלופות השקעה בחשבון עובר ושב",1
"חובת יידוע מבוטחים על זכאות לגמלאות",1
"חובת יידוע משטרתי על זכויות סיוע משפטי",1
"חובת יידוע נסקרים על מועד פרסום צפוי של סקר בימי מנוחה",1
"חובת יידוע על הפרשות פנסיוניות בתקופת היעדרות",1
"חובת יידוע על יתרות עובר ושב וחלופות השקעה",1
"חובת יידעו צרכנים על כרטיסי חיוב לא פעילים ופקיעת פטור מדמי שימוש",1
"חובת יידעור צרכנים על זכויות פיננסיות",1
"חובת ייעוץ או שיווק פנסיוני טטרם משיכת כספים החייבים במס",1
"חובת ייצוג הולם בחברות ממשלתיות",1
"חובת ייצוג הולם והעדפה מתקנת לנשים בגופים ציבוריים",1
"חובת כינוס תקופתית של ועדת האתיקה",1
"חובת כללי אתיקה לחברי הממשלה",1
"חובת כתוביות במשדרים המצוידים בשפת סימנים",1
"חובת כתיבת חקיקה ופרסומים רשמיים בעברית תקנית",1
"חובת ליווי של מאגח ליזמים שאינם מפוקחים",1
"חובת לימוד השפה הערבית במערכת החינוך",1
"חובת לימוד והנצחה של אירועים היסטוריים במערכת החינוך",1
"חובת לימוד חינוך טכנולוגי ובינה מלאכותית בבתי הספר",1
"חובת לימוד ערבית בבתי ספר תיכוניים",1
"חובת לימוד ערבית בבתי ספר תיכוניים בשפה העברית",1
"חובת לימוד ערכי סובלנות ומיגור אלימות במערכת החינוך",1
"חובת לימוד שפה ערבית בבתי ספר תיכוניים דו-דוברי עברית",1
"חובת לימוד שפות רשמיות במוסדות חינוך",1
"חובת לימוד שפות רשמיות במערכת החינוך",1
"חובת לימוד תוכנית חינוכית לשוויון מגדרי",1
"חובת לימודי בטיחות בדרכים וניידות בת קיימא בבתי ספר",1
"חובת לימודי ליבה ופיקוח ממשלתי כתנאי לתקצוב מוסדות חינוך",1
"חובת מגורים כתנאי לקבלת סבסוד דיור בפריפריה",1
"חובת מגורים לתקופה מוגדרת כחלק מתנאי זכאות לדיור מוזל",1
"חובת מגורים של ראש הממשלה במעון הרשמי בירושלים",1
"חובת מחיקת חובות לעסקים קטנים ולחדלי פירעון כנגד מחיקת חובות לעסקים גדולים",1
"חובת מחיקת חובות מקבילה לעסקים קטנים וחדלי פירעון כנגד מחיקת חוב לעסקים גדולים",1
"חובת מיגון ממלכתית לאוכלוסיות פגיעות וליישובי קו העימות",1
"חובת מיגון ממשלתית לבתי מגורים לפי קו עימות ומאפייני אוכלוסייה",1
"חובת מיחזור ויעדים לפסולת רכב חשמלי והיברידי",1
"חובת מיחזור סוללות רכב חשמלי והיברידי",1
"חובת מיחזור רכב חשמלי והיברידי",1
"חובת מינוי והכשרה למנהלי תחום אבטחה והדרכה",1
"חובת מינוי ומעמד סטטוטורי למנהל יחידת ספורט ברשות מקומית",1
"חובת מינוי יועץ לקידום מעמד אנשים עם מוגבלות ברשויות מקומיות",1
"חובת מינוי ממונה סייבר במוסדות חינוך",1
"חובת מינוי ממונה על בטיחות ילדים ברשות המקומית",1
"חובת מינוי נציג חברת תעופה בשדות תעופה זרים",1
"חובת מיפוי והעברת מידע למאגר המיפוי הלאומי",1
"חובת מניעת הטרדה מינית במקומות בילוי",1
"חובת מניעת חרם חברתי במוסדות חינוך",1
"חובת מסירת אמצעים ביומטריים לזרים כתנאי לכניסה ושהייה",1
"חובת מסירת גיליון אלקטרוני ופנקס שכר",1
"חובת מסירת הזמנת תיווך מראש וזכות ביטול",1
"חובת מסירת מידע והודעות בשפה הערבית לנפגעי עבירה",1
"חובת מסירת מסמכי עסקה בשפה שבה נעשתה הפנייה השיווקית",1
"חובת מסירת תוכניות הדירה והבניין לקונה",1
"חובת מסירת תוכניות הדירה לקונה",1
"חובת מעבר יחידות ממשלתיות לירושלים וסנקציות על אי-מעבר",1
"חובת מעבר לאנרגיה מתחדשת ואגירה בבתי חולים",1
"חובת מענה אנושי חינם בחברות תעופה",1
"חובת מענה ולוחות זמנים לפניות חברה מבצעת לגורמים מוסמכים",1
"חובת מעסיקים ציבוריים למנוע התעמרות בפונים",1
"חובת מפגש עם צוות מייעץ טרם הפסקת היריון",1
"חובת מרחב מוגן במעונות יום לפעוטות",1
"חובת מרחב מוגן כתנאי לרישיון מעון יום",1
"חובת משלוח הודעות תשלום מקוונות לחייבים ברשויות המקומיות",1
"חובת משלוח התראה מוקדמת לפני פתיחת תיק",1
"חובת משלוח חשבוניות ושווברי זיכוי דיגיטליים בקמעונאות גדולה",1
"חובת משלוח סיכום פניית שירות לצרכן",1
"חובת מתן אמצעי תשלום שאינם כרטיס חיוב",1
"חובת מתן אפשרות תשלום במזומן לצד כרטיס חיוב",1
"חובת מתן הלוואה בריבית מופחתת לכיסוי חריגה מחשבון עובר ושב",1
"חובת מתן הנחה בארנונה לאנשים עם מוגבלות קשה",1
"חובת מתן זכות תגובה לנפגעי לשון הרע בתאגידים גדולים",1
"חובת מתן מסלול הלוואה לדיור ללא עמלת היוון בפירעון מוקדם",1
"חובת מתן מענה הולם בשירותים דיגיטליים ציבוריים",1
"חובת מתן מענה טלפוני אנושי וזמני המתנה בחברות אוטובוסים",1
"חובת מתן מענה טלפוני בשפה הערבית בגופים ציבוריים ומסחריים",1
"חובת מתן שירותים ופרסומים רשמיים בשפה הערבית",1
"חובת נוכחות מדריך במכוני כושר והחלפתה בהדרכה ראשונית",1
"חובת ניהול סיכונים תאגידי ברשויות מקומיות",1
"חובת ניטור ודיווח למניעת זרימה חוזרת במערכות מים",1
"חובת ניסוח חקיקה בעברית תקנית",1
"חובת ניתוח פערים מגדרי בתקציב המדינה ובתקציבי הרשויות המקומיות",1
"חובת סימון אופן גידול עופות על ביצים ומארזים",1
"חובת סימון אזהרה לנשים הרות על גבי משקאות אלכוהוליים",1
"חובת סימון ארץ הייצור ופרטי יצרן על צמחים המשווקים בקמעונאות",1
"חובת סימון ארץ מקור לתוצרת חקלאית בתפזורת",1
"חובת סימון מנות בריאות במסעדות",1
"חובת סימון פרטי התקשרות עם מרכז רעלים על גבי אריזות חומרים מסוכנים",1
"חובת סימון פרטי התקשרות של מרכז רעלים על גבי אריזות חומרים מסוכנים",1
"חובת סימון פרטי מרכז רעלים על גבי אריזות חומרים מסוכנים",1
"חובת סימון רכיבים על גבי תמרוקים ומוצרי ניקיון",1
"חובת סימון רכיבים על תמרוקים ומוצרי ניקיון",1
"חובת סימון תאריך עברי על גבי מוצרים",1
"חובת סימון תאריכים בלוח עברי על גבי מוצרים",1
"חובת סימון תאריכים עבריים על גבי מוצרים",1
"חובת עיקור או סירוס לכלבים",1
"חובת ענידת דגל המדינה על מדי נבחרות ישראל",1
"חובת עריכת הערכת מסוכנות בהליכי צו הגנה",1
"חובת פיטורין ושלילת פיצויים לעובדי מדינה תומכי טרור",1
"חובת פיצוי נפגעי עבירות מין ואלימות חמורה",1
"חובת פירוט פרטי ספק בדיווח חודשי של כרטיסי חיוב ושירותי תשלום",1
"חובת פיתוח יישובים ערבים והקצאת קרקעות ותקציבים שוויונית",1
"חובת פנייה מוקדמת בתובענות ייצוגיות",1
"חובת פנייה מוקדמת לנתבע בטרם הגשת תובענה ייצוגית",1
"חובת פנייה מוקדמת לרשות בהשבת סכומים",1
"חובת פסיקת פיצוי והנמקה בעבירות מין ואלימות חמורה",1
"חובת פרטיו המדויקים של מוצר בפרסומת מחיר",1
"חובת פריסת מכשירי בנק ממוכנים",1
"חובת פריסת מכשירי בנק ממוכנים והגבלת עמלות",1
"חובת פריסת קליטה סלולרית ארצית",1
"חובת פריסת קליטה סלולרית נאותה בכל הארץ",1
"חובת פרסום אקטיבי של מידע על נגישות",1
"חובת פרסום ביטול אצילת סמכות",1
"חובת פרסום דוח ביקורת פנימית",1
"חובת פרסום דוחות כספיים של חברות מונופוליסטיות שאינן מדווחות",1
"חובת פרסום הודעות ממשלתיות באינטרנט במקום בעיתונות",1
"חובת פרסום והסדרת הגשת בקשות לרוכש נכסי מקרקעין בניהול האפוטרופוס הכללי",1
"חובת פרסום ושילוט בשפה הערבית במוסדות אקדמיים",1
"חובת פרסום מחיר יצרן ומרווח שיווק לצרכן",1
"חובת פרסום מידע על תלונות הציבור",1
"חובת פרסום מידע על תלונות ציבור ודוחות ביקורת פנימית",1
"חובת פרסום מכרזים פומביים בשירות המדינה",1
"חובת פרסום ממשלתי של שביתות בשירות ציבורי",1
"חובת פרסום פקודות משטרת ישראל",1
"חובת פרסום פרטי יצרן ודגם בפרסומות מחיר",1
"חובת פרסום פרטי יצרן ודגם בפרסומת",1
"חובת פרסום תוכנית שנתית ומינוי ממונה לקידום ייצוג הולם",1
"חובת פתיח מוקלט בשיחות שיווק טלפוני",1
"חובת פתיח מוקלט וסינון בשיווק טלפוני",1
"חובת פתיחה בחקירה פלילית במחשת",1
"חובת פתיחה בחקירה פלילית במח״ש במקרי אלימות שוטרים",1
"חובת ציון רשמית של חג הסיגד במוסדות המדינה",1
"חובת ציון שירות צבאי, לאומי ומילואים בטפסים רשמיים",1
"חובת ציון תאריך עברי על גבי מוצרים",1
"חובת צירוף הוראות שימוש בעברית למוצרי חשמל",1
"חובת צירוף הוראות שימוש בערבית למוצרי חשמל",1
"חובת צירוף פירוט שעות חודשי לתלוש השכר",1
"חובת קבורה בבית עלמין לתושבים יהודים",1
"חובת קביעת אזורי חניה עירוניים",1
"חובת קביעת תור מקווננת לגופים ציבוריים",1
"חובת קביעת תורים מקוונת בגופים ציבוריים",1
"חובת קיום בחירות מקדימות במפלגות גדולות",1
"חובת קיום מסיבות עיתונאים עיתיות לראש הממשלה",1
"חובת קיום מסעי עדות ומורשת לאירועי 7 באוקטובר לתלמידי תיכון",1
"חובת קיום סדר פסח מסורתי בבסיסי צהל",1
"חובת קיום קורס דיאלוג רב-תרבותי במוסדות האקדמיים",1
"חובת קיומו של גוף פנימי בוחר במפלגות גדולות",1
"חובת קריאה להתייצבות לשירות ביטחון",1
"חובת רישוח ודיווח של בעלי שליטה סופיים בתאגידים",1
"חובת רישוי והשקעה בהפקות מקומיות לשחקני סטרימינג באינטרנט",1
"חובת רישוי ולוחית זיהוי לכלים ממונעים קלים",1
"חובת רישוי ולוחית זיהוי לכלים קלים ממונעים",1
"חובת רישוי ופיקוח על ספקי שירותי אבטחה",1
"חובת רישוי ורגולציה לעיסוק כסוכן אונייה",1
"חובת רישוי ותנאי סף לעיסוק כסוכן אונייה",1
"חובת רישוי לאירועים דתיים וטקסים מרובי משתתפים",1
"חובת רישוי ספקי שירותי אבטחה",1
"חובת רישום אגודות עותמאניות כעמותות",1
"חובת רישום אגודות עותמאניות כעמותות רשומות",1
"חובת רישום הערת נזק ברישיון רכב ניזוק",1
"חובת רישום סוג הדם ברישיון הנהיגה",1
"חובת רכש אמצעי לחימה ושירותים ביטחוניים תוצרת הארץ",1
"חובת רכש תוצרת הארץ בהתקשרויות משנה",1
"חובת רשויות המדינה לפעול לשחרור חטופים ואחריות פלילית",1
"חובת שילוב אסירי אלימות במשפחה בפעילות שיקום",1
"חובת שימוש בחומר מונע החלקה בסימוני כביש",1
"חובת שימוש בחומרים מונעי החלקה בסימוני כביש",1
"חובת שימוש במצלמות גוף בהפגנות",1
"חובת שיקום לאסירים בגין עבירות אלימות",1
"חובת שירות אזרחי או צבאי לכלל האוכלוסייה",1
"חובת שירות ממלכתי-לאומי לכלל האזרחים",1
"חובת שירות ממלכתי-לאומי למי שאינו משרת בצבא",1
"חובת שירות ממלכתי-לאומי למי שאינו משרת בשירות סדיר",1
"חובת שירות ממלכתית לכלל האוכלוסייה",1
"חובת שירות רפואי בפריפריה כתנאי ללימודי רפואה",1
"חובת שליחת התראת תשלום דיגיטלית טרם עיקול",1
"חובת שמירת כשירות בנשק",1
"חובת שקילת חיוניות המעצר בידי בית המשפט",1
"חובת שקילת מדד הקיום בחקיקה ובהחלטות כלכליות",1
"חובת שקיפות מחירים ופיצוי ללא הוכחת נזק בגין הפרת פיקוח רווחים",1
"חובת תדרוך תקשורתי של ראש הממשלה",1
"חובת תוכניות עבודה משרדיות ותוכנית לאומית רב-שנתית להפחתת פליטות",1
"חובת תוכנית שיקום בשחרור מנהלי",1
"חובת תיעוד במצלמות גוף והנגשתן בפיזור הפגנות",1
"חובת תיעוד ומסירת מידע על פעילות מכתזית",1
"חובת תיעוד ומסירת תיעוד של אמצעים לפיזור הפגנות",1
"חובת תיעוד חזותי ומסירתו לנפגעים בהפעלת מכתזית",1
"חובת תיעוד משטרתי של שימוש בנשק פרטי בידי אזרחים",1
"חובת תיעוד עיכוב משטרתי",1
"חובת תיעוד צילומי של הדבקת מסמכים משפטיים",1
"חובת תיקון טעויות בדיווח על הליכים פליליים",1
"חובת תכנון לאומי רב-שנתית ודיווח",1
"חובת תכנון רב-שנתי והערכת השפעות סביבתיות במשרדי הממשלה",1
"חובת תסקיר בטיחות תשתיות סביב בתי ספר",1
"חובת תעודת הסמכה לאימון ספורט",1
"חובת תעודת הסמכה למאמני ספורט",1
"חובת תעודת תקינות ודיווח לרשויות על רכב משופר",1
"חובת תקצוב מגדרי ושקיפות תקציבית",1
"חובת תרגום לשפת סימנים בשידורי טלוויזיה",1
"חובת תרומת מזון עודף לעסקים",1
"חובת תרומת עודפי מזון בגופים ציבוריים",1
"חובת תרומת עודפי מזון לעסקים",1
"חובת תשלום חובות לגוף ציבורי בשוברים וללא ריבית",1
"חובת תשלום ריבית על פיקדונות והגבלת פער הריביות בבנקים",1
"חובת תשלום ריבית על פיקדונות והגבלת פער ריביות בבנקים",1
"חומרת הענישה על אי-דיווח על התעללות בחסר ישע",1
"חומרת הענישה על עבירות הזדהות עם טרור והסתה",1
"חומרת הענישה על עבירות פגיעה ברגשי דת ומקומות קדושים",1
"חופש בחירת מוסך בביטוח רכב",1
"חופש בחירת מטפל נפשי למשפחות שכולות",1
"חופש בחירת מטפל נפשית לבני משפחה שכולה",1
"חופש בחירת נותן שירותים רפואיים למבוטח",1
"חופש דת ופולחן במוסדות חינוך",1
"חופש הפולחן במקומות הקדושים",1
"חופש מעבר של ספורטאים קטינים בין אגודות",1
"חופש פולחן והנחת תפילין במרחב הציבורי",1
"חופש פעילות ציבורית לסטודנטים במוסדות אקדמיים",1
"חופשה מיוחדת לאסירים לשם הקלת צפיפות בכלא בשעת חירום",1
"חזקה משפטית בעבירות סחיטת דמי חסות",1
"חזקה משפטית לגבי חפץ הנחזה כנשק",1
"חזקה משפטית להיעדר יחסי עבודה בהתקשרויות של עוסק זעיר",1
"חזקת אי-קיומם של יחסי עבודה בחוזה קבלנות",1
"חזקת בעלות על נשק בלתי חוקי",1
"חזקת הטעיה וקיפוח בחוזים עקב הפרת נגישות לשונית",1
"חזקת היעדר יחסי עבודה בהתקשרויות עוסק זעיר",1
"חזקת היעדר יחסי עבודה לעוסקים זעירים",1
"חזקת הסכמה לתרומת איברים",1
"חזקת העדר יחסי עבודה לעוסקים זעירים",1
"חזקת כוונה פלילית בחדירה למצבורי תחמושת",1
"חזקת מחיר מופרז ביבוא לבעלי מונופולים",1
"חזקת מסוכנות בעבירת סחיטה באיומים",1
"חזקת מסוכנות למעצר עד תום ההליכים בעבירת סחיטה באיומים",1
"חזקת מסירת דואר ומועדי תשלום חיובים",1
"חזקת סוחר בעבירות נשק",1
"חזקת סחר בלתי חוקי בכלי נשק",1
"חזקת קשר סיבתי בין השבי למחלות סומאטיות ופטירה",1
"חזקת שותפות למסתננים מרצועת עזה",1
"חזקת שותפות פלילית למסתננים מרצועת עזה",1
"חיבור יישובים בלתי מוסדרים לתשתיות חשמל",1
"חיבור מבנים חסרי היתר תכנוני לחשמל במצבי חירום",1
"חיבור מבנים חסרי היתר תכנוני לרשת החשמל",1
"חיבור מבנים ללא היתר לחשמל מטעמים הומניטריים",1
"חיבור מבנים ללא היתר לרשת החשמל",1
"חיבור מקלטים ציבוריים לאינטרנט בקו העימות",1
"חידוש אוטומטי של הסכמי שימוש לבתי תפילה ותיקים",1
"חידוש אוטומטי של חברות בקופת חולים לחייל משוחרר",1
"חידוש הוראת שעה למתן הקלות לפיצול והוספת יחידות דיור בצמוד קרקע",1
"חידוש הסכמה בעסקאות מתמשכות",1
"חיוב אגרות והוצאות בהוצאה לפועל לנפגעי פעולות איבה",1
"חיוב בדמי חניה לפי זמן שהייה בפועל",1
"חיוב לימודי אוריינות פיננסית במערכת החינוך",1
"חיוב לימודי חינוך פיננסי בבתי הספר",1
"חיוב מורשע בהוצאות משפט של נפגע עבירה",1
"חיוב מתן גט והטלת סנקציות למורשעים בניסיון רצח בן זוג",1
"חיוב רשויות מקומיות במתן שירותים והפעלת מתקנים בשבת",1
"חילוט אזרחי של רכוש בלתי מוסבר לפעילי ארגוני פשיעה",1
"חילוט וניהול כספי רשות פלסטינית שהוקפאו בזיקה לטרור",1
"חילוט כלי רכב בעבירות ציד",1
"חילוט כלי רכב ששימשו לביצוע עבירות ציד",1
"חילוט כספי הרשות הפלסטינית בגין עלויות טיפול רפואי לפעילי טרור",1
"חילוט כספי רשות פלסטינית בזיקה לטרור והרחבת עילות הקיזוז",1
"חילוט כספים המוקפאים לרשות הפלסטינית",1
"חילוט מורחב ונטל ההוכחה במצב של אורח חיים עברייני",1
"חילוט רווחים בעבירות סרסרות וזנות",1
"חילוט רכוש ארגונים בינלאומיים לטובת נפגעי טרור",1
"חילוט רכוש בגין עבירות כת פוגענית",1
"חילוט רכוש בלתי מוסבר של פעילים בארגוני פשיעה",1
"חילוט רכוש בעבירות נשק",1
"חילוט רכוש בעבירות סחר בנשק",1
"חילוט רכוש בשווי במסגרת עזרה משפטית בין-מדינית",1
"חילוט רכוש בשווי תקבולי עבירה בעבירות חקלאיות",1
"חילוט רכוש המקושר לכת פוגענית",1
"חילוט רכוש ודירות מגורים בשל עבירות הקשורות לשהייה שלא כדין",1
"חילוט רכוש ועיצומים כלכליים בארגוני פשיעה",1
"חילוט רכוש וענישת מינימום בעבירות נשק וירי מנשק חם",1
"חילוט רכוש ופיצוי נפגעי עבירה בפשיעה חקלאית",1
"חילוט רכוש של כתות פוגעניות",1
"חילוט רכוש של מורשעים בעבירות טרור ובני משפחותיהם",1
"חילוט רכוש של ראשי כתות פוגעניות",1
"חילוט שווי תקבולי עבירה בעבירות רכוש חקלאי",1
"חילוט שווי תקבולי עבירה בפשיעה חקלאית",1
"חילוט תקבולי עבירה והעברתם לנפגעי עבירה בפשיעה חקלאית",1
"חינוך והגברת מודעות למשבר האקלים בבתי חולים",1
"חינוך והנצחה של אירועים היסטוריים בבתי הספר",1
"חינוך חובה חינם לפעוטות מגיל שלושה חודשים",1
"חינוך חינם לגיל הרך",1
"חינוך חינם לפעוטות מגיל לידה",1
"חינוך חינם לפעוטות מגיל שנתיים",1
"חינוך למניעת הטרדה מינית במערכת החינוך",1
"חיסיון ואי קבילות דברים מהליך גישור",1
"חיסיון והגנות משפטיות על מידע ונתוני בטיחות בתעופה",1
"חיסיון מקצועי לקרימינולוג קליני",1
"חיסיון מקצועי לרואי חשבון",1
"חיסיון עדות קרימינולוג קליני",1
"חיסיון על תכתובות ומידע בין עובד במשרת אמון לראש ממשלה או שר",1
"חיסיון שמות ראשי מערכת הביטחון",1
"חיסכון פנסיוני מוקדם לילדים",1
"חיפוש בחומר מחשב בהסכמה ופסלות ראיות",1
"חישוב דמי מילואים לעובדים עצמאיים",1
"חישוב החזרי כספים וגביית יתר מלקוחות",1
"חישוב נפרד של גמלת הבטחת הכנסה לבני זוג בהליכי אלימות כלכלית",1
"חישוב עלויות ייצור חלב לפי גודל רפת",1
"חישוב עלויות ייצור חלב לפי היקף מכסה ברפת",1
"חישוב קצבת אזרח ותיק לנכים",1
"חישוב שווי שימוש ברכב צמוד לעובד",1
"חישוב שווי שימוש ברכב צמוד לפי פחת",1
"חישוב שעות עבודה של עובדות הוראה לסבסוד מעונות יום",1
"חישוב תגמול מילואים למשוחררי קבע בזמן חירום",1
"חישוב תגמול מילואים למשוחררי קבע בתקופת חירום",1
"חישוב תגמול מילואים למשוחררי שירות קבע במצב חירום",1
"חישוב תגמול מילואים לעצמאים",1
"חישוב תגמול מילואים לעצמאים בעת חירום",1
"חישוב תגמול מילואים לעצמאים בתקופת חירום",1
"חישוב תגמול משרתי מילואים",1
"חישוב תגמולי מילואים למשרתים שהפסיקו לעבוד בתקופת חירום",1
"חישוב תגמולי מילואים לשירותים רצופים בחירום",1
"חישוב תקופת היעדרות לאחר לידה",1
"חישוב תקופת היעדרות לאחר לידה לעובדות בחלקי חודש",1
"חיתוך חימוש אזרחים בנשק ארוך ביישובי קו הגבול בשעת חירום",1
"חלופות מעצר וערובה במשפט הצבאי",1
"חלופת תפיסה לרכוש בהליך פלילי",1
"חלוקת דמי תיווך בעסקאות שכירות למגורים",1
"חלוקת הכנסות ארנונה בין רשויות מקומיות מעבר לקו הירוק",1
"חלוקת הכנסות ארנונה ברשויות מקומיות המושפעות ממפגעים סביבתיים",1
"חלוקת הכנסות ארנונה עם רשויות באזור יהודה והשומרון",1
"חלוקת נטל המימון בתקציבי מועצות דתיות",1
"חלוקת נטל המימון בתקציבי מועצות דתיות בין המדינה לרשויות המקומיות",1
"חלוקת סיכונים וסמכויות גבייה במתקני טיפול בשפכים (מט""שים)",1
"חלוקת רווחים وديבידנדים לרשויות מקומיות מתאגידי מים",1
"חלוקת תקציבי רשויות מקומיות סמוכות לשדה תעופה",1
"חלוקת תקציבים לרשויות מקומיות הסמוכות לנמל תעופה",1
"חלוקת תקציבים לרשויות מקומיות סמוכות לנמל התעופה בן־גוריון",1
"חלת חוק חינוך מיוחד על מוסדות פטור",1
"חניה חינם למאושפזים ומבקריהם",1
"חנינה ומחיקת רישום פלילי למשתתפים במחאה ציבורית",1
"חסיון עדות יועץ תקשורת ודובר",1
"חסינויות וזכויות של סוכנות אונר״א בישראל",1
"חסינויות וזכויות-יתר של אונר״א בישראל",1
"חסינויות וזכויות-יתר של סוכנות אונר״א בישראל",1
"חסינויות ופטורים לבנק פיתוח בינלאומי",1
"חסינות אנשי כוחות הביטחון בפעילות מבצעית",1
"חסינות דיונית ואישור פרלמנטרי לחקירת נבחר ציבור",1
"חסינות המדינה בנזיקין מפני תביעות מבצעי עבירות טרור זרים השוהים כדין",1
"חסינות חברי הכנסת בפני דין פלילי",1
"חסינות חברי הכנסת מול סמכויות ניהול המשפט של בתי המשפט",1
"חסינות חברי הכנסת מפני העמדה לדין פלילי",1
"חסינות חברי הכנסת מפני חיפוש בחומרי מחשב",1
"חסינות חברי הכנסת מפני מעצר בע단 אי-התייצבות לחקירה",1
"חסינות חברי הכנסת מפני תביעות לשון הרע",1
"חסינות חיילי צה""ל מפני הליך פלילי באירועים מבצעיים",1
"חסינות חיילי צהל מפני אחריות פלילית באירועים מבצעיים",1
"חסינות חקיקה ראשית מפני ביקורת שיפוטית",1
"חסינות כוחות הביטחון בפעילות מבצעית",1
"חסינות ממעצר לראשי רשויות מקומיות וראשי מועצות אזוריות",1
"חסינות מפני העמדה לדין בגין שימוש בנשק להגנה עצמית",1
"חסינות משפטית לראשי רשויות מקומיות",1
"חסינות נושאי משרה שיפוטית מפני אחריות פלילית",1
"חסינות פלילית ואזרחית ללוחמים באירועי 7 באוקטובר",1
"חסינות פלילית ומשפטית לאנשי כוחות הביטחון בפעילות מבצעית",1
"חסינות פלילית ומשפטית לרבנים בגין הבעת דעה הלכתית",1
"חסינות פלילית לחיילים באירועים מבצעיים",1
"חסינות פלילית לחיילים בפעילות מבצעית",1
"חסינות פלילית לכוחות הביטחון בפעילות מבצעית",1
"חסינות ראש הממשלה מפני חקירה פלילית והעמדה לדין",1
"חסינות ראש ממשלה מפני חקירה פלילית בזמן כהונה",1
"חסינות שוטר מהגנה עצמית מול נשק גנוב או מוברח",1
"חקיקת פסקת התגברות",1
"חרגת עבירות ביטחון משחרור מינהלי",1
"חריגה מאיסור עיסוק ברפואה לפרמדיקים",1
"חריגה מהוראות הפרדה בין סוגי כלואים במצב חירום כליאתי",1
"חריגה מחובת סודיות לפי שיקולי עניין ציבורי",1
"חריגה ממגבלת שיעור מימון להלוואות דיור לזכאים",1
"חריגה מעונש פסילת רישיון מינימלי בהטלת שלצ",1
"חריגה מתקני שטח מחיה וזכאות למיטה בבתי סוהר במצב חירום כליאתי",1
"חריגים לאיסור עסקאות בירושה עתידית",1
"חריגים לעבירת ריבוי נישואין",1
"חריגת מכירת יין בשעות הלילה ברשתות שיווק גדולות",1
"חשיפת ארכיונים ומסמכים רשמיים סגורים",1
"חשיפת היסטוריית מחירי השכירות לשוכרים חדשים",1
"חשיפת זהות אלמוני המבצע הטרדה מינית ברשת",1
"חשיפת זהות אלמונים המבצעים הטרדה מינית ברשת",1
"חשיפת פרוטוקולים של הממשלה בניהול משבר הקורונה",1
"חשיפת פרטי מנוי אנונימי ברשת בחשד ללשון הרע",1
"חשיפת פרטי שולח פרסומת אסורה בידי ספקי תקשורת",1
"טיוב רגולציה בטיחות אש לעסקים קטנים",1
"טיפול ומניעה של חרם חברתי בבתי ספר",1
"טיפול כפוי בבגירים הסובלים מאנורקסיה נרבוזה",1
"טיפול משפטי ומשמעתי בחשדות נגד חיילים בפעילות מבצעית",1
"טיפול רפואי במערכת הציבורית לעצורים ואסירים ביטחוניים",1
"טיפול רפואי לעצורים ואסירים ביטחוניים במערכת הציבורית",1
"טיפול רפואי לקטין ללא נוכחות הורה",1
"טרמינולוגיה וייצוג משפטי של מתמודדי נפש",1
"יבוא מוצרים לפי אסדרה אירופית מאומצת",1
"יום מנוחה ביום הפועלים הבינלאומי",1
"יום מנוחה לנשים ביום האישה הבין-לאומי",1
"יום ציון ממלכתי לאישים ולדמויות מופת",1
"יום שבתון בבחירות נדחות ברשויות מקומיות",1
"יום שבתון בבחירות רשויות מקומיות נדחות",1
"יום שבתון ביום ירושלים",1
"יחידת המס לבני זוג בהפרדת רכוש",1
"יחידת מיקוח ויציגות ארגון עובדים בשירות המדינה",1
"יחסי עבודה בין סוכן לדוגמן",1
"ייבוא ביציות מופרות להליך פונדקאות",1
"יידוע הציבור ושקיפות בהחלטות כריתת עצים",1
"יידוע יזום של אזרחים על זכאות לנקודות זיכוי במס הכנסה",1
"יידוע מטופלים על זכותם לחוות דעת רפואית נוספת",1
"יידוע נפגעי עבירה על חזרה מכתב אישום והליכי טיעון",1
"יידוע נפגעי עבירה על שחרור מינהלי",1
"יידוע נפגעי עבירות מין על הליכי מעצר, שחרור ומגבלות על עבריינים",1
"יידוע נפגעי עבירות מין על צווים להגבלת חזרה וסיוע משפטי",1
"ייחוד הכהונה של יועצת מעמד האישה ברשות המקומית",1
"ייחוד משרת היועצת לקידום מעמד האשה",1
"ייחוד משרת נשיא המדינה ואיסור כהונה בתפקידים נוספים",1
"ייחודיות ומונוגמיות במעמד ידועים בציבור",1
"ייעוד חופי רחצה לפעילויות ספורט ולרחצה נפרדת",1
"ייעוד יתרת הכנסות המועצה להסדר ההימורים בספורט",1
"ייעוד כספי מס מסיוע הומניטרי לתושבי עוטף עזה",1
"ייעוד כספי פיקדון של עובדים זרים ומסתננים",1
"ייעוד כספי פיקדון של עובדים זרים ומסתננים שלא הוצאו",1
"ייעוד קנסות מעבירות סמלי המדינה לקרן חינוכית",1
"ייעול הליכי מסירת דרישות תשלום והחלת תחליף המצאה מנהלי",1
"ייעול וקיצוב מועד למינוי נציגי סביבה בוועדות תכנון",1
"ייעוץ ממשלתי לעידוד יצירה להנצחת השואה",1
"ייצוא קנאביס רפואי ותקני איכות לייצוא",1
"ייצוג אוהדים בהנהלות קבוצות כדורגל",1
"ייצוג ארגוני סביבה בגופים ומועצות ציבוריות",1
"ייצוג ארגונים סביבתיים במוסדות התכנון",1
"ייצוג ארגונים סביבתיים במועצות וגופים סטטוטוריים",1
"ייצוג בני מיעוטים ברשויות מקומיות מעורבות",1
"ייצוג האוכלוסייה החרדית בוותמ״ל",1
"ייצוג האופוזיציה בוועדה לבחירת שופטים",1
"ייצוג הדורות הבאים בהליכי קבלת החלטות וחקיקה",1
"ייצוג הוועדה המקומית בהליכי אכיפה",1
"ייצוג הולם באגודות סטודנטים",1
"ייצוג הולם בחברות ממשלתיות",1
"ייצוג הולם ברשויות מקומיות",1
"ייצוג הולם והעדפה בשירות המדינה ללוחמים משוחררים",1
"ייצוג הולם והעדפה מתקנת לאוכלוסייה הערבית במגזר הפרטי",1
"ייצוג הולם והעדפה מתקנת לאוכלוסייה הערבית בסקטור הפרטי",1
"ייצוג הולם לאוכלוסיות במוסדות תכנון",1
"ייצוג הולם לאוכלוסייה החרדית במוסדות תכנון",1
"ייצוג הולם לאוכלוסייה החרדית במועצה הארצית לתכנון ולבנייה",1
"ייצוג הולם לאוכלוסייה הערבית בחברות ממשלתיות",1
"ייצוג הולם לאוכלוסייה הערבית במוסדות השכלה גבוהה",1
"ייצוג הולם לאוכלוסייה הערבית במועצה הארצית לתכנון ולבנייה",1
"ייצוג הולם לאוכלוסייה הערבית ברשויות מקומיות",1
"ייצוג הולם לבני העדה הדרוזית בשירות הציבורי",1
"ייצוג הולם לבני שני המינים בדירקטוריונים של חברות ציבוריות",1
"ייצוג הולם לנשים בדירקטוריונים של חברות ציבוריות",1
"ייצוג הולם לנשים בוועדה לבחירת קאדים",1
"ייצוג הולם לנשים בוועדות ציבוריות ברשויות המקומיות",1
"ייצוג הולם לנשים בוועדות ציבוריות ועירוניות ברשויות המקומיות",1
"ייצוג הולם לנשים בכנסים ובאירועים במימון ציבורי",1
"ייצוג הולם לנשים במוסדות תכנון",1
"ייצוג הולם לנשים בשמות מקומות ציבוריים ברשויות המקומיות",1
"ייצוג הולם לנשים ומינוי נשות הלכה באסיפה הבוחרת",1
"ייצוג הולם לעובדים ערבים בעיריות",1
"ייצוג הולם לעולים חדשים בשירות המדינה",1
"ייצוג הולם לפריפריה ולדור ראשון להשכלה גבוהה",1
"ייצוג הולם לתושבי הפריפריה הגיאוגרפית בדירקטוריונים ממשלתיים",1
"ייצוג הולם של אוכלוסיות מגוונות בחברות ממשלתיות",1
"ייצוג חברי כנסת ערבים בוועדת האתיקה",1
"ייצוג יישובי יהודה ושומרון באסיפה הבוחרת של הרבנות הראשית",1
"ייצוג מגדרי באסיפה הבוחרת רבנים ראשיים",1
"ייצוג מגדרי באסיפה הבוחרת של הרבנות הראשית",1
"ייצוג מגדרי בוועדה לבחירת דיינים",1
"ייצוג מגדרי במועצות דתיות",1
"ייצוג מגדרי במועצות ציבוריות וגופים ממלכתיים",1
"ייצוג מגדרי ברשימות מועמדים לכנסת",1
"ייצוג מגדרי הולם בדירקטוריונים של חברות ציבוריות",1
"ייצוג מגדרי הולם במשרות מנכ״ל במשרדי הממשלה",1
"ייצוג מגדרי הולם במשרות מנכ״ל בשירות המדינה",1
"ייצוג מגדרי ויעדי קידום לקצינות בדרג הבכיר בצהל",1
"ייצוג מגדרי מובטח ברשימות מועמדים לכנסת",1
"ייצוג מקצועי במועצה הארצית לשיקום מתמודדי נפש וחובת דיווח לכנסת",1
"ייצוג משפטי באמצעות עורך דין מיוחד בהליכים המבוססים על חומר חסוי",1
"ייצוג משפטי ואכיפה נגד רשויות המדינה",1
"ייצוג משפטי נפרד בהסכמי ממון",1
"ייצוג משפטי נפרד לחברי אופוזיציה ברשות המקומית",1
"ייצוג משפטי נפרד לממשלה ולרים בערכאות",1
"ייצוג משפטי עצמאי לנציבות תלונות הציבור",1
"ייצוג משרד הבריאות בוועדה לפיקוח על מחירים",1
"ייצוג משרד הבריאות בוועדת המחירים",1
"ייצוג משרדי ממשלה חדשים במוסדות התכנון",1
"ייצוג נישומים במיסוי מקרקעין בידי רואי חשבון",1
"ייצוג נישומים לפני רשות המס בידי בעלי רישיון פנסיוני",1
"ייצוג נשי באסיפה הבוחרת את הרבנים הראשיים",1
"ייצוג נשים באסיפה הבוחרת את הרבנים הראשיים",1
"ייצוג נשים באסיפה הבוחרת של הרבנות הראשית",1
"ייצוג נשים בוועדה לבחירת קאדים",1
"ייצוג נשים בוועדות איתור למשרות בכירות",1
"ייצוג נשים ומינוי דיינות להליכים מוסכמים בבתי הדין הרבניים",1
"ייצוג סביבתי בוועדות מקומיות לתכנון ובנייה",1
"ייצוג סביבתי במועצת רשות המים",1
"ייצוג סיעות אופוזיציה בוועדות חובה וגופים עירוניים",1
"ייצוג עובדים במוסדות הניהול של קופות חולים",1
"ייצוג פרטי הורים בטפסים ציבוריים",1
"ייצוג קבלנים במועצה הארצית לתכנון ולבניה",1
"ייצוג תושבי הפריפריה ביחידות הטכנולוגיות בצהל",1
"ייצור ושיווק בינלאומי ומוקדם בתקופת הארכת פטנט על תרופות",1
"ימי אבל בתשלום בשל פטירת קרוב משפחה מדרגה שנייה",1
"ימי היעדרות בגין טיפול בילד שנפגע מעבירה",1
"ימי היעדרות בשל אשפוז פג",1
"ימי היעדרות בשל מחלת ילד להורים לילדים מרובים",1
"ימי היעדרות בשל מחלת ילד למשפחות עם מספר ילדים",1
"ימי היעדרות ותגמול לבני זוג של משרתי מילואים",1
"ימי חופשה ביום אזכרה של קרוב משפחה",1
"ימי חופשה להורים שכולים",1
"ימי חופשה להורים ששכולים",1
"ימי חופשה להורים ששכלו את ילדם",1
"ימי מחלת ילד נוספים לבני זוג של משרתים",1
"יעד הגירעון הממשלתי",1
"יעדי גיוס והשלכות תקציביות לתלמידי ישיבות",1
"יעדי גיוס והשלכות תקציביות על ישיבות",1
"יעדי הפחתת פליטות גזי חממה מחייבים",1
"יעדים לאומיים להפחתת פליטות גזי החממה",1
"יעדים מחייבים להפחתת פליטות גזי החממה ומעבר לכלכלה מאופסת פחמן",1
"יעדים מחייבים להפחתת פליטות גזי חממה",1
"יציאה לחוץ לארץ של תלמידי ישיבות בני דחיית שירות",1
"יצירת חזקה משפטית וכלים מנהליים לבעלי רכב ועסקים",1
"יצירת מסלול נישואים אזרחיים",1
"יצירת מעמד רגולטורי ופטורים לעוסק זעיר",1
"יצירת משרת יועץ משפטי אישי לראש הממשלה",1
"יצירת עילה אזרחית ותובענות ייצוגיות בגין גזענות",1
"יצירת תקן סגן נשיא בית הדין השרעי הגדול",1
"ישירות רכישת קנאביס למחקר",1
"ישירות תגמולים לבני משפחה של נכי צה""ל עם פגיעה נפשית או פגיעת ראש",1
"ישירות תגמולים ליתומי צהל בגירים",1
"יתרה שלילית של ימי מחלה",1
"יתרת חובה של ימי מחלה",1
"כהונת שרים וסגני שרים כחברי כנסת",1
"כוננות מסלול נישואין ופירוק נישואין אזרחי",1
"כינון בית משפט צבאי מיוחד והרחבת סמכויות שיפוט",1
"כינון ברית זוגיות אזרחית",1
"כינון חוקה באמצעות משאל עם",1
"כינון חוקה פורמלית ועליונותה המשפטית",1
"כינון מסלול נישואים אזרחיים",1
"כינון מסלול רישום אזרחי לברית זוגיות",1
"כינון נישואין וגירושין אזרחיים",1
"כינוס הכנסת בתקופת הפגרה",1
"כיתוב אישי ודתי על מצבות חללי צה״ל",1
"כלים כלכליים ומנהליים נגד נטילת דמי חסות",1
"כלל הפרשנות המקלה בדין הפלילי",1
"כללי אתיקה לסוכני ביטוח",1
"כללי פירוק וחלוקת נכסים באגודות עותומניות",1
"כללי פרשנות לחוזים עסקיים",1
"כניסה חופשית לגנים לאומיים למשרתים",1
"כפיית ציות ומשמר בתי הדין בבתי הדין הדרוזיים",1
"כפיפות גוף ציבורי-סטטוטורי לביקורת מבקר המדינה",1
"כפיפות הליכי גביית מס לחוק ההוצאה לפועל במקום גבייה מנהלית",1
"כפיפות הלכתית של רבנים מקומיים לרבנות הראשית",1
"כפיפות המשטרה לדרג המדיני והתוויית מדיניות",1
"כפיפות הפרקליט הצבאי הראשי",1
"כפיפות והגדרת סמכויות הרשות לקידום נשים מול השר הממונה",1
"כפיפות והעברת סמכויות של הרשות הלאומית לביטחון קהילתי",1
"כפיפות והרחבת סמכויות נציבות תלונות הציבור על מייצגי המדינה",1
"כפיפות ועצמאות היועצים המשפטיים במשרדי הממשלה",1
"כפיפות ועצמאות המחלקה לחקירת שוטרים",1
"כפיפות יד ושם לביקורת מבקר המדינה",1
"כפיפות מוצנית של מתחם מערת המכפלה לרשות מקומית",1
"כפיפות ממשלתית של הרשות למאבק בסמים ובאלכוהול",1
"כפיפות מנהלית של בתי הדין הרבניים",1
"כפיפות משטרת ישראל והמפכ""ל לשר ולממשלה",1
"כפיפות נציב תלונות הציבור על מייצגי המדינה ליועץ המשפטי לממשלה",1
"כפיפות סמכויות מנהל הרשות למועצת הרשות",1
"כפיפות פרמדיקים צבאיים לקצין רפואה ראשי",1
"כפיפות רשות החברות הממשלתיות למשרד הממונה",1
"כפיפת התביעה הצבאית לביקורת נציבות תלונות הציבור",1
"כפל גמלאות ותגמולים לשאירי חללי קבע ועובדי מדינה",1
"כפל הנחות בארנונה למשרתי מילואים שהם הורים לילדים עם מוגבלויות",1
"כפל זכויות בפיצוי נזיקי ותגמולים ממלכתיים לנפגעי טרור",1
"כפל זכויות לנפגעי פעולות איבה בפיצויים נזיקיים ותגמולים",1
"כפל זכויות לנפגעי פעולות איבה מול גורמים שלישיים",1
"כפל פיצוי ללא הוכחת נזק בגין הטרדה מינית ממניע גזענות",1
"כפל פיצוי לנפגעי פעולות איבה",1
"כפל קצבאות אזרח ותיק ותלויים",1
"כפל קצבאות דמי אבטלה וקצבאות קיום",1
"כפל קצבאות ודמי אבטלה למקבלי קצבאות קיום",1
"כפל קצבאות ותגמולים לשארים של אנשי קבע ועובדי מדינה",1
"כפל קצבאות ותגמולים لشαירים",1
"כפל קצבאות ותגמולים لشארי אנשי קבע ועובדי מדינה",1
"כפל קצבאות זקנה ותלויים",1
"כפל קצבאות לאזרחים ותיקים הזכאים לקצבת תלויים",1
"כפל קצבאות לנפגעי עבודה בגיל זקנה",1
"כפל קצבאות נכות ואזרח ותיק בגיל פרישה",1
"כפל קצבאות נכות וזקנה בגיל פרישה",1
"כפל קצבאות נכות ושאירים",1
"כפל קצבאות קצבת תלויים וקצבת אזרח ותיק",1
"כפל קצבאות תלויים ואזרח ותיק",1
"כפל תמיכות ממשלתיות במוסדות ציבור",1
"כפפות ומינוי מנהל המחלקה לחקירת שוטרים",1
"כפפת מערך השירות הלאומי למשרד הביטחון",1
"כשירות בני זוג שאינם נשואים לאימוץ ילדים",1
"כשירות והסמכה חוקית לרב״ש",1
"כשירות חברי ועדות קלפי צבאיות",1
"כשירות יחידים ובני זוג שאינם נשואים לאמץ",1
"כשירות יחידים וזוגות שאינם נשואים לאמץ ילדים",1
"כשירות כוח אדם וניהול המחלקה לחקירות שוטרים",1
"כשירות למינוי הפרקליט הצבאי הראשי וסגנו",1
"כשירות לתפקיד מנהל בתי הדין הרבניים",1
"כשירות מועמדים לכהונת נשיא המדינה בהיבט פלילי",1
"כשירות מורשעים לכהונה במוסדות דת מרכזיים",1
"כשירות מורשעים לכהן כשרים",1
"כשירות מיוחדת וזיקה פוליטית במינויים בחברות ממשלתיות",1
"כשירות נאשם בפלילים להרכיב ולכהן כראש ממשלה",1
"כשירות נאשם בפלילים להרכיב ממשלה",1
"כשירות נאשמים ומורשעים בפלילים לכהונת נשיא המדינה",1
"כשירות נשים לכהונת רב והגדרת המונח רב באסיפה הבוחרת",1
"כשירות ראשי מועצות דתיות וגורמים ממנים באסיפה הבוחרת",1
"כשרות ירושה של צאצאים באמצעות תאי רבייה לאחר פטירה",1
"לגליזציה והסדרה של צריכה עצמית והחזקת קנאביס",1
"לגליזציה והסדרה של צריכה עצמית של קנאביס",1
"לגליזציה והסדרה של צריכת קנאביס עצמית לבגירים",1
"לגליזציה והסדרה של צריכת קנאביס עצמית למבוגרים",1
"לוח חופשות הלימודים במערכת החינוך",1
"לוחות זמנים ואישור מרומז מול גורמים מוסמכים",1
"לוחות זמנים ואכיפה במסירת מידע למרכז המחקר והמידע של הכנסת",1
"לוחות זמנים להחלטת היועץ המשפטי לממשלה בתיקי הסתה לגזענות",1
"לוחות זמנים לחקירת שוטרים",1
"לוחות זמנים לטיפול בבקשות להטבות ניידות",1
"לוחות זמנים מחייבים ומתן מעמד אוטומטי בהיעדר החלטה בבקשת התאזרחות",1
"לוחות זמנים מחייבים ותוצאה משפטית לאי-מענה בעררים על רישיון נשק",1
"לוחות זמנים מחייבים למינוי נציגי ציבור בוועדות",1
"ליווי בני משפחה של משרת ביטחון לשעבר ששלח יד בנפשו",1
"ליווי וייעוץ משפטי לנפגעי עבירות מין",1
"ליווי וייעוץ משפטי ממלכתי לנפגעי עבירות מין בהליך הפלילי",1
"ליווי וסיוע במיצוי זכויות שיקום למתמודדי נפש",1
"ליווי וסיוע נפשי לבני משפחות משרתים בגופי ביטחון ששלחו יד בנפשם לאחר פרישתם",1
"ליווי וסיוע נפשי לבני משפחות משרתים בגופי ביטחון ששלחו יד בנפשם לאחר שירותם",1
"ליווי רפואי וייצוג משפטי בהליכי הכרה בנכות",1
"ליווי תעסוקתי לכלל החיילים המשוחררים",1
"לימוד הנכבה במוסדות חינוך וציבור",1
"מאגר מידע ומערך טיפול לנפגעי כתות",1
"מאגר מידע ומערך טיפולי לנפגעי כתות",1
"מאגר מידע מרכזי לדוחות חניה",1
"מאסר במשמורת בקהילה כחלופת מאסר",1
"מאסר קטינים מתחת לגיל 14",1
"מבחן הכנסה לדמי מזונות",1
"מבחן הכנסה לזכאות לגמלת סיעוד",1
"מבחן הכנסה לקצבת בן זוג של שכול שנפטר",1
"מבחן הכנסה לקצבת מזונות",1
"מבחן הכנסה לקצבת מזונות והמרצת תעסוקה",1
"מבחן סבירות ותום לב של מבטח בתשלום תגמולי ביטוח",1
"מבחני הכנסה וניכויים מקצבאות אזרח ותיק ונכות",1
"מבנה הבעלות והשליטה בתאגיד השידור הציבורי",1
"מבנה מנהלת ההשקעות בחקלאות וביטול מועצת המנהל",1
"מגבלות מרחק על פעילי טרור משוחררים מסביבת נפגעי עבירה",1
"מגבלת ההוצאה התקציבית",1
"מגורי עובדים זרים בשטחים חקלאיים",1
"מדדי יעילות אנרגטית בפרסום כלי רכב",1
"מדדים, יעדים ובקרה בתוכניות שיקום לנפש",1
"מדידה ופרסום של עמידה ביעד ייצוג הולם לאנשים עם מוגבלות אצל מעסיקים פרטיים גדולים",1
"מדידה ופרסום של עמידת מעסיקים פרטיים ביעד ייצוג הולם לאנשים עם מוגבלות",1
"מדיניות אכיפה שווה בחופש ההפגנה ופיקוח פרלמנטרי",1
"מדיניות החזקת גופות מחבלים",1
"מדיניות ענישה והקלה בעונש מוות בבתי משפט צבאיים",1
"מדיניות שחרור אסירים ביטחוניים תמורת חטופים",1
"מודל מיסוי ודמי ביטוח לעסקים זעירים",1
"מודל מיסוי ודמי ביטוח מופחת לעוסקים זעירים",1
"מודל מיסוי והפרשת ביטוח לאומי לעוסק זעיר",1
"מודל מיסוי נורמטיבי לעוסקים זעירים",1
"מונופול מתן תעודות הכשר",1
"מונחי פרטי הורים בטפסים ממשלתיים",1
"מוסד ממשלת החילופים",1
"מועד אחרון להגשת כתב אישום",1
"מועד אחרון לחתימת הסכם ממון לפני נישואין",1
"מועד אחרון לפרסום סקרי בחירות לקראת סוף השבוע",1
"מועד דיווח ותשלום מס על רווח הון ממכירת אמצעים אלקטרוניים מבוזרים",1
"מועד הבחירות לרשויות המקומיות במצב חירום",1
"מועד הגשת תביעה ותשלום גמלה למפרע בביטוח הלאומי",1
"מועד החלת תוספת הפיגורים על קנסות",1
"מועד היבחנות במבחני ההסמכה בעריכת דין",1
"מועד הנפקת תעודות בגרות",1
"מועד הסרת עיקול בחשבון בנק",1
"מועד הקניית קרקע לשר האוצר ופיצוי בעל הרשאה",1
"מועד התיישנות להגשת תביעות בגין ליקוי שמיעה בעבודה",1
"מועד התיישנות להגשת תביעות ליקוי שמיעה",1
"מועד התיישנות לתביעות ליקוי שמיעה בעבודה",1
"מועד יישום רפורמת הכשרות",1
"מועד להגשת חוות דעת פסיכיאטרית לנאשמים ועצורים",1
"מועד להסרת עיקולים והגבלות לאחר סילוק חוב ופיצוי בגין עיכוב",1
"מועד מינימום לתשלום חוב לפני נקיטת הליכים",1
"מועד מתן החלטה וחובת הנמקה בבקשות לתג נכה",1
"מועד קיום בחירות חוזרות לראשות רשות",1
"מועד קיום בחירות לרשויות המקומיות",1
"מועד קיום הבחירות לרשויות המקומיות",1
"מועד תחילת הביטוח הפנסיוני לעובדים",1
"מועד תחילת ההפרשות לביטוח פנסיוני",1
"מועד תחילת ההפרשות לביטוח פנסיוני לעובדים",1
"מועד תשלום ארנונה חודשי",1
"מועד תשלום החזרי מס",1
"מועד תשלום מענק הסתגלות לנשים היוצאות ממקלט לנשים מוכות",1
"מועד תשלום קנס לאחר דחיית בקשה לביטול",1
"מועדי דיווח ותשלום מקדמות מס על רווח הון ממכירת אמצעי אלקטרוני מבוזר",1
"מועדי הוצאת צווי כליאה וביקורת שיפוטית ללוחמים בלתי חוקיים",1
"מועדי מענה לתלונות סטודנטים",1
"מועדי תשלום לעבודות הנדסה בנאיות",1
"מועדי תשלום לקופות חולים לבתי חולים עצמאיים",1
"מועדי תשלום לקופות חולים לבתי חולים ציבוריים",1
"מועדי תשלום לקופות חולים לבתי חולים ציבוריים עצמאיים",1
"מועדים בנקיטת הליכי הוצאה לפועל",1
"מועדים והנמקה לבקשות תג נכה והקמת ועדת ערר",1
"מועדים להבאת עניין אשפוז קטין להכרעת בית המשפט",1
"מועדים להכרעה בבקשות הכרה וקביעת דרגת נכות לנכים",1
"מועדים להקמת תאגידי מים אזוריים",1
"מועדים למענה על תלונות סטודנטים",1
"מועדים למתן החלטה וחובת הנמקה בבקשות לתג נכה",1
"מועדים לקבלת החלטות על ארנונה בשנים של בחירות מקומיות",1
"מוקד דיווח טלפוני על עבירות נהגי אוטובוס",1
"מחויבות המדינה לפיתוח והתיישבות ברמת הגולן",1
"מחיקת הערות אזהרה בגין עסקאות פינוי ובינוי שפקעו",1
"מחיקת הערות אזהרה במיזמי התחדשות עירונית שפקעו",1
"מחיקת חובות תגמולי מילואים",1
"מחיקת רישומים בגין עבירת התקהלות אסורה",1
"מחיקת רישומים פליליים ומשטרתיים בגין התקהלות אסורה",1
"מחיר אחיד למזון במשלוח ובישיבה במסעדה",1
"מחיר מזון ומשקאות במכונות אוטומטיות בבתי חולים",1
"מידע והנחיות לשימוש בזרע עבור חיילים",1
"מידע ומדידה של ייצוג הולם לאנשים עם מוגבלות אצל מעסיקים פרטיים",1
"מידתיות עיקול נכסים אצל צד שלישי",1
"מידתיות עיקול נכסים בידי צד שלישי",1
"מימון אבחוני לקויות למידה לתלמידים ממשפחות מעוטות יכולת",1
"מימון בחירות לרשויות מקומיות",1
"מימון ביניים של ייצוג משפטי בבתי המשפט לענייני משפחה ובבתי הדין הדתיים",1
"מימון גמול חברי מועצה בידי המדינה",1
"מימון דמי ביטוח בגין פגיעה בעבודה",1
"מימון דמי קבורה בבחירת מקום קבורה שאינו לפי מקום המגורים",1
"מימון הוצאות בחירות ברשויות שבהן נדחו הבחירות",1
"מימון הוצאות הפעלת משפחתונים",1
"מימון הוצאות מומחים ועלויות חריגות על ידי לשכת הסיוע המשפטי",1
"מימון הסעות חירום לבית חולים",1
"מימון הסעות חירום לבית חולים ללא אשפוז",1
"מימון הסעות יולדות באמבולנסים שאינם של מדא",1
"מימון הסעות לבית חולים ללא אשפוז",1
"מימון הסעות לבית חולים ללא תנאי אשפוז",1
"מימון הסעת יולדות באמבולנס פרטי או ציבורי שאינו מדא",1
"מימון הפצת שידורים בערוצים הדיגיטליים",1
"מימון הקפאת ביציות לתורמות ביציות",1
"מימון השלמת לימודי בסיס באמצעות שוברים בחינוך הבלתי פורמלי",1
"מימון ואחריות להקמת מצבה לאדם ערירי",1
"מימון וגביית אגרות עבור שירותי רפואה מרחוק של מד״א",1
"מימון ויוזמה פרטית של פינוי מוקשים ונפלים בידי יזמים",1
"מימון ומתן שירותי רפואה מרחוק באמבולנס",1
"מימון וניהול התאגיד לפיקוח וטרינרי",1
"מימון ועדכון סל שירותי הסיעוד",1
"מימון ופריסה של ניידות טיפול נמרץ",1
"מימון ופריסת ניידות טיפול נמרץ",1
"מימון חיצוני להשלמת לימודי בסיס בחינוך שאינו רשמי",1
"מימון חיצוני להשלמת לימודי בסיס במוסדות חינוך שאינם רשמיים",1
"מימון טיפול במחלות נדירות במסגרת סל הבריאות",1
"מימון טיפול במחלות נדירות בקופות החולים",1
"מימון טיפול במחלות נדירות והגדרתן",1
"מימון טיפול ותרופות למחלות יתומות",1
"מימון טיפול נפשי לקטינים נפגעי אלימות במשפחה",1
"מימון טיפול רפואי כללי לחטופים ששוחררו",1
"מימון טיפול רפואי כללי לפדויי שבי",1
"מימון טיפולי שיניים לנפגעי שיתוק מוחין",1
"מימון טיפולים ומחלות נדירות",1
"מימון טיפולים למחלות נדירות בסל הבריאות",1
"מימון טיפולים רפואיים משפרי איכות חיים לאסירים ביטחוניים",1
"מימון טיפולים רפואיים שאינם חיוניים לאסירים ביטחוניים",1
"מימון ייעודי למלחמה בעישון ולצמצום נזקי טבק",1
"מימון ימי היעדרות עובד עקב לידת בת זוג",1
"מימון לחצני מצוקה לאזרחים ותיקים",1
"מימון לימודי נהיגה לצעירים והתנייתו בהיעדר עבירות תנועה",1
"מימון לימודי רפואה לחיילים משוחררים",1
"מימון לימודים אקדמיים לתושבי יישובים מועדפים",1
"מימון לימודים מורחב לחיילים משוחררים ששירתו כלוחמים",1
"מימון מלא של עלות רכב והתאמות במסגרת גמלת ניידות",1
"מימון מלא של רכב ואבזרים זכאי גמלת ניידות",1
"מימון ממלכתי של לימודי הכנה לבחינה הפסיכומטרית לתלמידי תיכון",1
"מימון ממשלתי והסדרת פעילות שנת שירות",1
"מימון ממשלתי ותקצוב שוטף של תחנות טיפת חלב",1
"מימון ממשלתי ותקציב למרכזי הנצחה",1
"מימון ממשלתי לארגוני נכי צהל ונפגעי פעולות איבה",1
"מימון ממשלתי לארגונים יציגים של נפגעי פעולות איבה ונכי צהל",1
"מימון ממשלתי לארגונים יציגים של נפגעי צהל ופעולות איבה",1
"מימון ממשלתי לביטוח תאונות אישיות לתלמידים",1
"מימון ממשלתי להגנה משפטית מפני בית הדין בהאג",1
"מימון ממשלתי מלא לרכב וציוד מיוחד לזכאי גמלת ניידות",1
"מימון ממשלתי קבוע לארגונים יציגים של נפגעי פעולות איבה ונכי צה״ל",1
"מימון ממשלתי של קייטנות בפריפריה",1
"מימון מרכזי גמילה מהימורים מתוך הכנסות מהימורים",1
"מימון משפטי וקרן עתירות לחברי מועצה",1
"מימון נסיעות לטיפולים רפואיים מצילי חיים",1
"מימון סיוע משפטי בינלאומי לאזרחים ואנשי ביטחון",1
"מימון סייעת לפעוטות הסובלים ממחלה כרונית קשה ונמנע מהם לשהות במסגרת",1
"מימון עתירות משפטיות של חברי מועצה נגד הרשות",1
"מימון פינוי חירום במסגרת חוק ביטוח בריאות ממלכתי",1
"מימון פינויי חירום מתוך דמי ביטוח בריאות",1
"מימון פעילויות תרבות ופנאי מכספי דמי חבר",1
"מימון ציבורי והחזר הוצאות עבור אשפוז וטיפול במכורים",1
"מימון ציבורי לשכר והוצאות אפוטרופוס לחסרי אמצעים",1
"מימון קנאביס רפואי בסל הבריאות לילדים חולי אפילפסיה",1
"מימון קרן פיצויים לאסונות טבע והגבלת פיצוי לנכסים בני-ביטוח",1
"מימון רזרבה למועצות דתיות",1
"מימון שימור פוריות לאלמנות חללים",1
"מימון שימור פריון לאלמנות חללי צהל",1
"מימון שירותי רפואה מרחוק של מד״א",1
"מימון שירותים רפואיים למחלות יתומות",1
"מימון שכר לימוד לסטודנטים באזורי עימות",1
"מימון שכר לימוד לסטודנטים משרתי מילואים",1
"מימון שכר לימוד מלא ללוחמים משוחררים",1
"מימון תחזוקת כבישים ראשיים ברשויות מקומיות",1
"מימון תרופות לאזרחים ותיקים מעוטי יכולת",1
"מימון תרופות שאינן בסל לילדים של מקבלי הבטחת הכנסה",1
"מימוש אוטומטי של הטבות לצרכן",1
"מימוש זכויות בנייה סחירות במקרקעין המיועדים למתחמי דפו ותחנות מטרו",1
"מימוש זכויות נפגעי עבירה על ידי בני משפחה במצבי נבצרות",1
"מימוש פיצויים לדוגמה מנכסים מוקפאים",1
"מינוח משפטי לעצורים ביטחוניים",1
"מינוח משפטי של ילדי חללים",1
"מינוי אפוטרופוס לאדם הנמצא תחת השפעה של כת פוגענית",1
"מינוי אפוטרופוס לאדם השרוי תחת השפעת כת",1
"מינוי אפוטרופוס למצויים תחת השפעת כת",1
"מינוי אפוטרופוס עקב השפעת כת",1
"מינוי דיינים עמיתים בבתי הדין הרבניים",1
"מינוי דיינים עמיתים המבוטחים בפנסיה צוברת",1
"מינוי היועץ המשפטי לממשלה ופרקליט המדינה",1
"מינוי המשנה לנשיא בית המשפט העליון",1
"מינוי הרב הצבאי הראשי ומעמדו המוסדי",1
"מינוי ומעמד התובע הכללי",1
"מינוי ועדת מומחים רב-תחומית לעניין משבר האקלים",1
"מינוי ופיטורי בעלי תפקידים בכירים במועצה להשכלה גבוהה",1
"מינוי כונסי נכסים מתוך רשימה סגורה",1
"מינוי מבקרים רשמיים למתקני כליאה של לוחמים בלתי חוקיים",1
"מינוי ממונה בית ספרי והקמת מוקד ארצי למניעת חרם חברתי",1
"מינוי ממונה בית ספרי ומנגנוני טיפול בחרם חברתי",1
"מינוי ממונה בית ספרי ושעות לימוד למניעת חרם חברתי",1
"מינוי ממונה והכשרה להתמודדות עם חרם חברתי בבתי ספר",1
"מינוי ממונה ומתן סיוע פסיכולוגי לנפגעי חרם חברתי",1
"מינוי ממונה עירוני על שירותי תחבורה ציבורית",1
"מינוי ממונה על אלימות במשפחה במקום העבודה",1
"מינוי ממונה על אלימות במשפחה במקומות עבודה גדולים",1
"מינוי ממונים ומפקחים בית ספריים למניעת חרם חברתי",1
"מינוי ממלא מקום זמני לנציב שירות המדינה",1
"מינוי ממלא מקום לרב עיר",1
"מינוי מקבל החלטות זמני לעניינים רפואיים",1
"מינוי מתאם ממשלתי לזכויות ילדים ונוער",1
"מינוי נאמני הנצחת השואה במשרדי הממשלה",1
"מינוי נציגי גופי הנצחה למוסדות מורשת",1
"מינוי נשיא בית המשפט העליון",1
"מינוי סגן נשיא בית משפט לנוער",1
"מינוי סגן נשיא לבית משפט לנוער",1
"מינוי סגן ראש רשות נוסף ברשויות מעורבות",1
"מינוי סגנים נוספים ותנאי השכרתם ברשויות המקומיות",1
"מינוי רכזי בריאות והטמעת אורח חיים בריא במקומות עבודה ובמוסדות חינוך",1
"מינוי שופט חוקר במקרים של חשד לעבירה פלילית מצד בכירים",1
"מינוי שופט חוקר לחקירת עבירות פליליות של גורמי אכיפה",1
"מינוי שופטים עמיתים המבוטחים בפנסיה צוברת",1
"מינוי שר נוסף במשרד ממשלתי",1
"מינוי תובע וחוקרים בבית הדין למשמעת",1
"מינוי תובע חיצוני בחקירת היועץ המשפטי לממשלה ופרקליט המדינה",1
"מינוי תובע מיוחד חיצוני",1
"מינוי תובע מיוחד לחקירת בכירים",1
"מינוי תובע מיוחד לחקירת עבירות בשלטון",1
"מיסוי הכנסות מקרנות השקעה",1
"מיסוי הכנסות של גורמים ישראליים מישויות מדיניות זרות",1
"מיסוי זכיות במשחקי פוקר",1
"מיסוי טובין שאינם מוצרים בסיסיים בסיוע הומניטרי לעזה",1
"מיסוי טובין שאינם סיוע הומניטרי בסיסי המוכנסים לעזה",1
"מיסוי משקאות ממותקים והקמת קרן לביטחון תזונתי",1
"מיסוי נורמטיבי של רווחים לא מחולקים",1
"מיסוי פנסיה תקציבית",1
"מיסוי קצבה פנסיונית",1
"מיסוי קרן הון סיכון נסחרת",1
"מיסוי רווחים לא מחולקים בחברות ארנק",1
"מיסוי רווחים מטורנירי פוקר",1
"מיסוי רכישת דירה לילד יתום מאחד מהוריו",1
"מיסוי רכישת דירת מעטפת",1
"מיסוי שיוך זכויות בקיבוץ לנפגעי אירועי טרור",1
"מיסוי תרומות מישויות מדיניות זרות למוסדות ציבוריים",1
"מיסוי תשלומים בתקופת בחירות",1
"מיסוי תשר במסעדות",1
"מיפוי, פיקוח פרלמנטרי ופקיעת אסדרה קיימת",1
"מיקום המטה של חברות ממשלתיות",1
"מיקום הצבעת בוחרים בקלפי",1
"מיקום מתן טיפול רפואי למעורבים במעשה טרור",1
"מיקום קבורה של חללי צהל זכאי חוק השבות בבית קברות צבאי",1
"מיקום קבורת חיילים זכאי חוק השבות בבתי קברות צבאיים",1
"מיקום שדה תעופה משלים בינלאומי",1
"מיקום שדה תעופה משלים לישראל",1
"מכירת יין בחנויות גדולות בשעות הלילה",1
"מכירת יין בשעות הלילה ברשתות שיווק גדולות",1
"מכסה שנתית למקבלי מעמד והגבלת שהייה למי ששהה שלא כדין",1
"מכסות ייצוג הולם לבני מיעוטים בשירות המדינה",1
"מכסות ייצוג מגדרי בדירקטוריונים",1
"מכסות שנתיות למקבלי מעמד ומניעת מעמד לשוהים שלא כדין",1
"מכסת חברי הכנסת ביישום החוק הנורבגי לסיעות גדולות",1
"מכסת פטורים ודחיות שירות לתלמידי דת",1
"מכסת רישיונות ואגרות למוניות חשמליות",1
"מלגות לסטודנטים משרתי מילואים",1
"מלגות מחקר אקדמי על מלחמת עוטף ישראל",1
"מלגות מחקר ותכנים חינוכיים למורשת רבנית",1
"מלגות סיוע לסטודנטים משרתי מילואים",1
"מנגנון איחוד וחלוקה בהסכמה בסמכות רשות הרישוי",1
"מנגנון אישור בקשות לדיון נוסף בבית המשפט העליון",1
"מנגנון אישור ופיקוח ממשלתי על תקציב תאגיד השידור",1
"מנגנון אישור מינויים בכירים בשירות המדינה",1
"מנגנון אישור תקציב המדינה",1
"מנגנון איתור מוקדם והערכת זכאות לפעוטות עם צורך במענים ייחודיים",1
"מנגנון ביקורת שיפוטית על החלטות שר התקשורת",1
"מנגנון בירור תלונות על חברי ועדות פסיכיאטריות",1
"מנגנון דמי תשתית ותעריפים במשק הדלק",1
"מנגנון הדחת חברי כנסת",1
"מנגנון ההכרזה על בתי עלמין סגורים",1
"מנגנון הכרה ויציגות של ארגון עובדים",1
"מנגנון הכרזת ממשלה על הקמת יישוב חדש",1
"מנגנון הערכת יכולת תעסוקה ובחינה חוזרת",1
"מנגנון השגה חיצוני על שומות רשות מקרקעי ישראל",1
"מנגנון השגה מקוצר על היטל השבחה בסכומים נמוכים",1
"מנגנון התאמות תקציביות בהנחת תקציב מאוחרת",1
"מנגנון התגברות בחוקי יסוד",1
"מנגנון התחשבנות באגרות פינוי חירום בין קופות חולים למד״א",1
"מנגנון התחשבנות בשירותי בריאות הנפש",1
"מנגנון חיסוי מידע וביטחון המדינה בוועדות חקירה פרלמנטריות",1
"מנגנון חישוב עדכון תעריפי הארנונה",1
"מנגנון חקירה ותביעה בעבירות של ראשי מערכת האכיפה",1
"מנגנון חריגים מהנגשה דיגיטלית",1
"מנגנון לביטול נישואין במצבי עיגון",1
"מנגנון מינוי בכירים בשירות המדינה",1
"מנגנון מינוי והקמה של ועדת חקירה ממלכתית",1
"מנגנון מינוי ורציפות תפקיד יושב ראש ועדה קבועה בכנסת",1
"מנגנון מינוי מנכ״ל הרבנות הראשית לישראל",1
"מנגנון מינוי נשיא בית המשפט העליון בהיעדר הסכמה",1
"מנגנון ממשלת חילופים",1
"מנגנון עדכון אוטומטי לתגמולי ניצולי שואה",1
"מנגנון עדכון אוטומטי לתגמולי נכים בהצמדה למדד השכר בשירותים הציבוריים",1
"מנגנון עדכון שכר המינימום לפי פריון העבודה",1
"מנגנון עדכון תעריפי הארנונה",1
"מנגנון עיצומים כספיים ואכיפה בתחום התעופה",1
"מנגנון עיצומים כספיים וסנקציות פליליות בדיני פסולת",1
"מנגנון ערר על החלטות תמיכה במוסדות ציבור",1
"מנגנון פיצוי ממשלתי לנפגעי שריפות",1
"מנגנון פקיעת צווי סגירה לאחר פינוי שדות מוקשים ונפלים",1
"מנגנון קביעת מחיר המטרה לחלב והארכת הוראת שעה",1
"מנגנון קביעת שכר חברי הכנסת",1
"מנגנון קביעת שכר נושאי משרה ברשויות השלטון",1
"מנגנון קבלת החלטות לשינוי תשלומי ועד בית",1
"מנגנון קיזוז ועדכון גמלאות למשרתי קבע בדירוג המחקר",1
"מנגנון ריבית שקלית ודמי פיגורים בהוצאה לפועל",1
"מנגנון שחרור בעלי דירות מעסקאות פינוי ובינוי מתחרות",1
"מנגנון תעריפים ועדכון תקציבי לבתים מאזנים",1
"מנגנון תקצוב ייעודי לשירותי בריאות חדשים",1
"מנגנון תשלום ישיר לגוף המסיע עבור הסעות רפואיות",1
"מנגנוני אכיפה תקציביים והחזר עודפים במפעל ההזנה",1
"מניין חוקי בועדת ערר לפיצויים ולהיטל השבחה",1
"מניין חוקי במליאת הכנסת",1
"מניין חוקי לפתיחת וקיום ישיבות מליאת הכנסת",1
"מניעת אזרחות ורישיונות ישיבה לנתיני אויב",1
"מניעת אשרות כניסה וישיבה בגין פעילות עוינת נגד המדינה",1
"מניעת בחירת מורשעים בעבירות טרור חמורות לכנסת",1
"מניעת היתרי שהייה בישראל לעברייני בנייה בשטחי C",1
"מניעת היתרי שהייה בישראל מעברייני בנייה בשטחי C",1
"מניעת הסגרה ומניעת כניסת גורמים המעורבים בהליכים נגד ישראלים",1
"מניעת העברת סיוע וידע ביטחוני צד ג' למדינות המטילות אמברגו",1
"מניעת העסקה והפסקת עבודה של עובדי הוראה המעורבים בטרור",1
"מניעת העסקה והשעיה של עובדי הוראה המעורבים בעבירות טרור",1
"מניעת העסקת אנשי צוות המעורבים בטרור",1
"מניעת העסקת חשודים והורשעים בעבירות נגד חסרי ישע במסגרות חינוך וטיפול",1
"מניעת העסקת חשודים והורשעים בעבירות פגיעה בחסרי ישע בתחומי החינוך והטיפול",1
"מניעת העסקת חשודים והורשעים בפגיעה בחסרי ישע במוסדות חינוך וטיפול",1
"מניעת העסקת מורשעי ותומכי טרור במערכת החינוך",1
"מניעת העסקת עברייני אלימות במוסדות לילדים וחסרי ישע",1
"מניעת העסקת עברייני הטרדה מינית במוסדות לאוכלוסיות פגיעות",1
"מניעת העסקת עובדי הוראה שהוכשרו במוסדות הנתמכים בישות תומכת טרור",1
"מניעת העסקת קרובי משפחה בשירות הציבורי",1
"מניעת העסקת תומכי טרור בשירות המדינה",1
"מניעת הפליה וקריטריונים לקבלה למעונות סטודנטים",1
"מניעת הפקעת מחירים במצב חירום",1
"מניעת הרכבת ממשלה מחבר כנסת הנאשם בפלילים",1
"מניעת השבתות פוליטיות במוסדות אקדמיים מתוקצבים",1
"מניעת השמדת תוצרת חקלאית והעברתה לרווחה",1
"מניעת השמדת תוצרת חקלאית חבת מכס והעברתה לנזקקים",1
"מניעת התמודדות בבחירות לרשויות המקומיות בשל פעילות נגד המדינה",1
"מניעת התמודדות והדחה של נבחרי רשויות מקומיות בשל פעילות נגד מדינת ישראל",1
"מניעת התמודדות מועמדים בשל תמיכה בטרור",1
"מניעת ועדות קבלה ביישוב חדש",1
"מניעת חקירות היצף בשווקים מונופוליסטיים או ריכוזיים",1
"מניעת כניסת גורמים המעורבים בהליכים משפטיים בינלאומיים נגד ישראל",1
"מניעת כניסת הקוראים להשמדת המדינה",1
"מניעת כניסת מורשעי טרור זרים לישראל",1
"מניעת כניסת פעילי טרור זרים לישראל",1
"מניעת כניסת פעילי מוסדות בינלאומיים וגורמים המסייעים להם",1
"מניעת כפל הפחתות משכורת בשירות הציבורי",1
"מניעת כפל זכויות לצעירים המקבלים סיוע לפי חוקי שיקום ספציפיים",1
"מניעת מגע ושיתופי פעולה בין רשויות המדינה לעמותות חוץ",1
"מניעת מפגש עצורים עם עורך דין",1
"מניעת מתן מעמדות והיתרי שהייה לקרובי משפחה של פעילי טרור ופעילי טרור",1
"מניעת ניגוד עניינים והשפעת מבטחים על שמאים",1
"מניעת ניגוד עניינים ויחסי תלות במערך הכשרות",1
"מניעת ניגוד עניינים ותשלום צד ג ליועצי משכנתאות",1
"מניעת פעילות המסיתה לשנאה ולהפליה במוסדות חינוך",1
"מניעת קשרים ושיתופי פעולה בין ממשלת ישראל לעמותות חוץ",1
"מניעת ריבוי נישואין בהליכי איחוד משפחות",1
"מניעת שהייה וישיבה לבני משפחה של פעילי טרור",1
"מניעת שהיית פעילי טרור ובני משפחותיהם בישראל",1
"מס בגין זקיפת שווי שימוש בטלפון סלולרי",1
"מס בשיעור אפס לעסקים באזורי עימות",1
"מס בשיעור אפס על בניית מרחבים מוגנים ביישובים סמוכי גבול",1
"מס בשיעור אפס על מוצרי מזון בריאים",1
"מס בשיעור אפס על מרחבים מוגנים ומיגוניות",1
"מס בשיעור אפס על רכישת מרחבים מוגנים ומיגוניות",1
"מס בשיעור אפס על תרכובת מזון לתינוקות",1
"מס הכנסה מיוחד על הכנסות מישויות מדיניות זרות",1
"מס חברות מזערי לקבוצות רב-לאומיות",1
"מס נוסף על הכנסות הוניות גבוהות",1
"מס רכישה על בניין להשכרה ולשכירות מוסדית",1
"מס רכישה על דירות נוספות",1
"מס רכישה על עסקאות המשלבות רכישת קרקע והסכם שירותי בנייה נפרד",1
"מס רכישה על רכישת קרקע עם חובה להזמנת שירותי בנייה",1
"מס שווי שימוש בטלפון נייד",1
"מס תפוסה לחברות ספנות",1
"מסגרת זמנים לוועדת מינויים והארכת כהונת נציג עובדים",1
"מסגרת זמנים למתן פסק דין בתביעת גט במקרי אלימות קשים",1
"מסירת מידע והודעות לנפגעי עבירה בשפה הערבית",1
"מסירת מידע לנפגעי עבירה על הסדרי טיעון וסגירת תיקים",1
"מסירת מידע סודי לדרג המדיני בידי אנשי ביטחון",1
"מסירת מידע על מסוכנות נהגים מקצועיים למעסיקים",1
"מסירת מידע על שכר לארגונים",1
"מסירת מידע פלילי לצורך התקשרויות בחוזים שאינם מכרז",1
"מסירת מידע רפואי לבני משפחה של מכורים",1
"מסירת מידע רפואי למניעת פגיעה",1
"מסירת מידע רפואי למניעת פגיעה באדם",1
"מסירת מידע רפואי למניעת פגיעה ואלימות",1
"מסירת מידע רפואי לשם מניעת פגיעה ואלימות",1
"מסירת מספר טלפון חסוי למוקדי חירום במצבי חיים",1
"מסירת נתוני נוסעים מוקדמים (API) לחברות תחבורה",1
"מסירת רשומות רפואיות למטופל משתחרר",1
"מסירת תיעוד שיחות שירות לצרכן",1
"מסלול אישור מהיר לתשתיות חלוקת גז",1
"מסלול דיווח ורישום מופחת לעסקים קטנים",1
"מסלול דיווח ותשלום מופחת לעוסקים זעירים",1
"מסלול העסקה אישי לעובדי הוראה",1
"מסלול העסקה ללא קצבת גישור בשירותי הביטחון",1
"מסלול השכרה ארוכת טווח עם זכאות לרכישה",1
"מסלול חירום ואכיפה להבטחת קשר בין ילדים להורים",1
"מסלול חקיקה לענייני מיסוי בהייטק",1
"מסלול לקביעת נכות נפגעי איבה בידי רופא מוסמך",1
"מסלול מקוצר חובה לסכסוכי תאגידים",1
"מסלול מקוצר לשומה מוסכמת בהיטל השבחה בסכומים קטנים",1
"מסלול פטור מתשלום דמי אבטלה לעצמאים",1
"מסלול פיצוי לעסקים בגין נזקים עקיפים במצב פגיעה",1
"מסלול פיצויים עקיפים לעסקים במלחמת איראן/מבצע עם כלביא",1
"מסלול תכנון ורישוי מהיר למבנים שנהרסו במלחמה",1
"מסלול תכנון מואץ להקמת יישובים חדשים",1
"מסלולי פיצוי לעסקים בגין נזק עקיף בעת חירום",1
"מספר המועמדים בהמלצות ועדת איתור",1
"מספר סגני השרים במשרד ראש הממשלה",1
"מספר סגני ראשי רשויות מקומיות",1
"מספר סגני שרים במשרד ראש הממשלה",1
"מספר סגנים לראש רשות מקומית לפי גודל האוכלוסייה",1
"מספר סייעות מינימלי בגני ילדים",1
"מע""מ אפס על רכישות מלכ""רים לתרומה לכוחות הביטחון",1
"מעבר אוטומטי מביטוח ניתוחים שקל ראשון למשלים שב""ן",1
"מעבר חובה של עובדים שעתיים למתכונת עבודה חודשית",1
"מעבר להיתר פליטה סביבתי אחוד",1
"מעבר ליום ראשון כיום מנוחה שבועי",1
"מעבר ליום ראשון כיום מנוחה שבועי במקום יום שישי",1
"מעבר למנגנון בחינת פטנט לפי דרישה",1
"מעבר לשיטת בחירות אזורית-ארצית מעורבת",1
"מעבר לשעון קיץ אחיד וביטול שעון חורף",1
"מעבר מגיוס חובה לצבא מקצועי בהתנדבות",1
"מעבר מחובת פרסום הודעות בעיתונות לחובת פרסום באינטרנט",1
"מעבר ממשטר אישור מקדים להצהרה רגולטורית בייבוא טובין",1
"מעבר מפרסום ברשומות לפרסום מקוון",1
"מעבר מרישיון תמרוקים למרשם עוסקים ויבואנים נאותים",1
"מעבר משירות ביטחון חובה לשירות בהתנדבות",1
"מעבר מתג נכה הצמוד לרכב לתג נכה אישי",1
"מעבר מתג נכה רכבי לתג נכה אישי",1
"מעגן תקציבי סטטוטורי לרשות חדשה",1
"מעורבות בני משפחה וגישה למידע רפואי של מכורים בגירים",1
"מעורבות גורמים מדיניים בהחלטות תביעה והעמדה לדין",1
"מעורבות דרג מדיני בהחלטות תביעה",1
"מעורבות דרגים מדיניים בהחלטות העמדה לדין פלילי",1
"מעורבות הדרג הפוליטי וצמצום הפיקוח הפרלמנטרי על פריסת השיטור העירוני",1
"מעורבות הורים וזכויות טיעון בהליכי הוצאת קטין ממשמורת",1
"מעורבות הכנסת במינוי שופטי בית המשפט העליון",1
"מעורבות הכנסת במינוי שופטי עליון",1
"מעורבות הכנסת בקביעת אגרות כניסה לשמורות טבע וגנים לאומיים",1
"מעורבות יושב ראש הכנסת באישור צווים והאזנות סתר לחברי כנסת",1
"מעורבות לשכת עורכי הדין בבחינות ההסמכה ובמינוי הבוחנים",1
"מעורבות משרד הרווחה בהליך רישוי כלי ירייה",1
"מעורבות נפגעי טרור בהליכים משפטיים ומינהליים נגד מבצעי עבירה",1
"מעורבות נפגעי טרור ובני משפחותיהם בהליכים מנהליים ומשפטיים נגד מבצעי עבירה",1
"מעורבות נפגעי טרור ובני משפחותיהם בהליכים משפטיים ומנהליים נגד פוגעים",1
"מעורבות נפגעי פעולות טרור בהליכים נגד פוגעיהם",1
"מעורבות נציבות שוויון זכויות לאנשים עם מוגבלות והפיקוח הפרלמנטרי בהתקנת תקנות רישוי ואומנה",1
"מעורבות עובדי מדינה במשא ומתן פוליטי תקציבי",1
"מעורבות רשות החברות הממשלתיות במינוי דירקטורים",1
"מעורבות שב״כ במאבק בפשיעה פלילית חמורה",1
"מעורבות שירות ביטחון כללי במלחמה בפשיעה פלילית",1
"מעטפת שיקומית ותגמולים לאחים שכולים",1
"מעמד איסור צריכת זנות כהוראת קבע",1
"מעמד ביניים לתושבים ואזרחים שמעמדם נשלל בשל טרור",1
"מעמד החלטות האקדמיה ללשון העברית וועדת השמות",1
"מעמד היילוד והורות משפטית מתרומת זרע",1
"מעמד השפה הערבית",1
"מעמד השפה הערבית בחקיקת היסוד",1
"מעמד השפה הערבית וההתיישבות בחוק הלאום",1
"מעמד השפה הערבית והנגשת שירותים ומרחב ציבורي",1
"מעמד השפות הרשמיות וחובת השימוש בהן ברשויות השלטון",1
"מעמד וארגון של הרשות למאבק בסמים ובאלכוהול",1
"מעמד ודפוס פעולה של הרשות הלאומית למאבק בסמים ואלכוהול",1
"מעמד וזכויות חוקתיות של המיעוט הערבי",1
"מעמד וזכויות ראש האופוזיציה ברשות המקומית",1
"מעמד וסמכות הייעוץ המשפטי בצה״ל",1
"מעמד ועדה ציבורית בחקיקת שכר צוות פרלמנטרי",1
"מעמד ועצמאות הרשות למאבק בסמים ובאלכוהול",1
"מעמד ורגולציה של עוסקים זעירים",1
"מעמד ושיטת מינוי היועצים המשפטיים במשרדי הממשלה",1
"מעמד ושיטת מינוי של יועצים משפטיים במשרדי ממשלה",1
"מעמד ותוקף חוות דעת של היועץ המשפטי לממשלה",1
"מעמד ותנאי כליאה של אסירים ביטחוניים",1
"מעמד חברי הכנסת בבקשות לפי חוק חופש המידע",1
"מעמד חוות דעת משפטית משרדית וייצוג המדינה בערכאות",1
"מעמד חוק האזרחות והכניסה לישראל כהוראת קבע",1
"מעמד חוק-יסוד הלאום",1
"מעמד חוקתי וזכויות קולקטיביות של העדה הדרוזית",1
"מעמד חוקתי לזכות המדינה להגבלת הגירה",1
"מעמד חוקתי לזכות המדינה למנוע הגירה בלתי חוקית",1
"מעמד חוקתי למגילת העצמאות",1
"מעמד חוקתי לסמלי המדינה",1
"מעמד חוקתי מפורש לזכות לשוויון",1
"מעמד יום הבחירות לעניין מניין תקופות קצובות",1
"מעמד ירושלים בחקיקת היסוד",1
"מעמד לימוד תורה כשירות משמעותי",1
"מעמד מגילת העצמאות בחוקי היסוד",1
"מעמד מוניציפלי של מבני מגורים בשטחי מרעה",1
"מעמד מידע אנונימי כבסיס לעילות חיפוש",1
"מעמד מנהל מוסד חינוך ותפקידיו",1
"מעמד מענק הבירה לעניין הכרזת רשות איתנה",1
"מעמד משפטי ואשרות לתושבי האזור שאינם אזרחים",1
"מעמד משפטי ויחסי עבודה בכלכלת הפלטפורמה",1
"מעמד משפטי ופיקוח ממשלתי על קק״ל",1
"מעמד משפטי לחוק-יסוד מגילת העצמאות",1
"מעמד משפטי של היילוד מתרומת זרע",1
"מעמד משפטי של היילוד מתרומת זרע והורות משותפת",1
"מעמד משפטי של עובדי פלטפורמה דיגיטלית",1
"מעמד משרד החוץ כגוף מרכזי במדיניות החוץ וההסברה",1
"מעמד עמדת המשטרה ברישוי כלי ירייה",1
"מעמד עקר בית בחוק הביטוח הלאומי",1
"מעמד קטינים החשופים לאלימות במשפחה כקורבנות",1
"מעמד רמת הגולן בחוק יסוד",1
"מעמד רמת הגולן והחלת הריבונות הישראלית",1
"מעמד שכר ותנאי העסקה של מנהלי בתי ספר",1
"מעמד תעסוקתי וזכויות של עובדים משתקמים",1
"מעמד תעסוקתי של סייעות במוסדות חינוך",1
"מעמדה החוקתי של הכרזת העצמאות והנחיית פרשנות",1
"מעמדה החוקתי של השפה הערבית",1
"מעמדה החוקתי של מגילת העצמאות",1
"מעמדה המשפטי וקיומה של הקרן הקיימת לישראל",1
"מעמדו החוקתי של חוק-יסוד: ישראל - מדינת הלאום של העם היהודי",1
"מעמדו המחייב של הייעוץ המשפטי לממשלה",1
"מעמדו הקבוע של איסור צריכת זנות",1
"מעמדם החוקתי של מניעת הגירה בלתי חוקית והרחקה",1
"מעמדם והעסקתם של רכזי ביטחון שוטף צבאיים",1
"מעמדם של ארגוני סביבה בהגשת תובענות ייצוגיות",1
"מענה אנושי לאזרחים ותיקים בשירות טלפוני",1
"מענה רגשי ופסיכולוגי במוסדות חינוך ביישובי קו העימות",1
"מענק דמי מחייה ללוחמות משוחררות",1
"מענק הסתגלות לנשים היוצאות ממקלט לנשים מוכות",1
"מענק הסתגלות ראשוני לאלמנות",1
"מענק חד-פעמי לנפגעי פעולות איבה ללא הוכחת נכות",1
"מענק חיסכון ארוך טווח לילדי אנשי מילואים",1
"מענק חלף דמי חנייה לשימוש בתחבורה ציבורית",1
"מענק כספי חד-פעמי לחטופים ולבני משפחותיהם",1
"מענק כספי חד-פעמי לחטופים ולמשפחותיהם",1
"מענק כספי חד-פעמי לקרובי משפחה של נפגעים",1
"מענק כספי חד-פעמי לקרובי משפחת נספים",1
"מענק כספי למשפחות שילדיהן שרתו בשירות חובה",1
"מענק כספי לתושבי הצפון שלא פונו",1
"מענק כספי מיוחד לנפגעי 7 באוקטובר",1
"מענק כספי ממלכתי לחטופים ובני משפחותיהם",1
"מענק לידה לאמהות למספר ילדים רב",1
"מענק לעצמאים בגין ירידה בהכנסות עקב שירות מילואים ממושך",1
"מענק לעצמאים משרתי מילואים בשל ירידה בהכנסות",1
"מענק לרוכשי דירות שאינם חייבים במס הכנסה",1
"מענק מדינה לבניית מרחבים מוגנים ביישובים סמוכים לגבול",1
"מענק מיוחד לבני 67 ומעלה שפוטרו או הוצאו לחל״ת",1
"מענק ממשלתי לרוכשי דירה שאינם מגיעים לסף מס הכנסה",1
"מענק עבודה מוגדל להורים לפעוטות (מענק פעוטות)",1
"מענק עבודה מועדפת ביישובי עוטף הגבול הדרומי והצפוני",1
"מענק עבודה מועדפת בקו העימות",1
"מענק קיום לעצמאים במילואים",1
"מענק רכישת דירה בירושלים לזכאים",1
"מענק רכישת דירת יד שנייה בפריפריה",1
"מענקי הסתגלות והתארגנות לבני זוג והורים של חטופים שגופותיהם הושבו",1
"מענקי הסתגלות והתארגנות לבני זוג והורים של חטופים שגופתם הושבה",1
"מענקי הסתגלות והתארגנות לבני משפחה של חטופים שגופתם הושבה",1
"מענקי השקעה להקמת מפעלים בחבל התקומה",1
"מענקי התארגנות ותמיכה כלכלית למשפחות חטופים ששבו",1
"מענקי סיוע במס שאינו חייב במס הכנסה עבור רוכשי דירות",1
"מענקי עבודה מועדפת למשרתי מילואים בחקלאות",1
"מענקי עידוד הגירה והתחייבות לאי-חזרה לתושבי חבל עזה",1
"מענקי עידוד חזרה לעבודה וללימודים לקרובי משפחה",1
"מענקי רכישת ציוד חקלאי למשרתי מילואים",1
"מענקים והלוואות למיגון דירות ישנות",1
"מענקים כלכליים לתושבי קו העימות שלא פונו",1
"מענקים למימון הוצאות טיפול בפעוטות ליתומים",1
"מענקים למעסיקים המעסיקים חיילים ששירתו כלוחמים",1
"מענקים ממשלתיים לבניית מיגון ביישובים מאוימים",1
"מענקים רבעוניים לקידום מאמצי שחרור ואיתור של נעדרים וחטופים",1
"מעצר קטינים החשודים בעבירות ביטחון",1
"מעצרים מינהליים והגבלות לאזרחי ישראל החברים בארגוני טרור",1
"מערך סיוע ותמיכה לבני משפחות נעדרים אזרחיים",1
"מקומות חניה ייעודיים לעגלות ילדים",1
"מקור חירום לאספקת חשמל בבניינים רבי קומות",1
"מקורות מימון לקרן הפיצויים עבור אסונות טבע",1
"מקורות מימון לקרן פיצויים בגין אסון טבע",1
"מקורות מימוש פיצויים לקורבנות טרור מנכסים שנתפסו",1
"מרכז רישום מאוחד למוסדות להשכלה גבוהה",1
"מרכיב ההעמסה בביטוח חובה לדו-גלגלי",1
"מרשם כוננים ממלכתי והזנקה חוצת-ארגונים",1
"משאבים ואמצעים ליושב ראש האופוזיציה ברשות המקומית",1
"משאל עם על העברת סמכויות באזור יהודה והשומרון",1
"משטר רישוי לכריתת אילנות והטלת היטלים",1
"משטר רישוי לפעולות ושירותים הקשורים בקרינה מייננת",1
"משיכה מוקדמת מקרן השתלמות בהטבת מס בשעת חירום",1
"משיכה מוקדמת מקרן השתלמות לרכישת דירה ראשונה",1
"משיכה מוקדמת פטורה ממס מקרן השתלמות בעת הגבלות עסקיות",1
"משיכה מוקדמת פטורה ממס של קרן השתלמות לרכישת דירה ראשונה",1
"משיכת קרן השתלמות בפטור ממס למפונים",1
"משיכת קרן השתלמות לפני המועד לתושבים מפונים",1
"משיכת קרן השתלמות פטורה ממס לאחר לידה או אימוץ",1
"משך המנוחה השבועית",1
"משך הפטור מארנונה לבניינים הנהרסים או ניזוקים",1
"משך זמן ביטול שעבודים ומשכנתאות בבנקים",1
"משך זמן לביטול שעבוד בנקאי",1
"משך זמן לביטול שעבוד ומשכנתה בבנקים",1
"משך זמן מענה לפניות ציבור",1
"משך כהונת המפכ״ל",1
"משך כהונת הרמטכ״ל",1
"משך כהונת רבנים וגיל פרישה",1
"משך מניעת מפגש בין עצור לבין עורך דין",1
"משך מעצר מינהלי ראשוני של חיילים",1
"משך מעצר עד תום ההליכים והתנייתו בחיוניות",1
"משך מעצר של חשוד בעבירת ביטחון לפני הגשת כתב אישום",1
"משך שירות החובה לגברים בצה""ל",1
"משך שמירת חומר ארכיוני בידי עורכי דין",1
"משך שמירת נתוני אשראי שליליים במאגר",1
"משך שמירת צילומי האבטחה",1
"משך תנאי שחרור בערובה בידי קצין משטרה ממונה",1
"משך תנאי שחרור בערובה לחשודים",1
"משך תקופת אי-העסקה המותרת לעובד זר טרם ביטול אשרה",1
"משך תקופת אי-העסקה המותרת לעובד זר לפני ביטול אשרה",1
"משך תקופת הארכת כהונה של חברי מועצה בהיעדר בחירות במועד",1
"משך תקופת הבחירות לעניין מיסוי תשלומים ברשויות המקומיות",1
"משך תקופת ההתמחות לעריכת דין",1
"משך תקופת הזכאות לדמי לידה",1
"משך תקופת הזכאות לסיוע לבני משפחה של נפגעי תאונות דרכים",1
"משך תקופת הזכאות לסיוע לבני משפחת נפגעי תאונות דרכים",1
"משך תקופת החזקת דירות במקביל לצורך זכאות להטבות מס רכישה ושבח",1
"משך תקופת הכהונה של נשיא בית הדין השרעי הגדול",1
"משך תקופת הלידה וההורות בתשלום",1
"משך תקופת הסיוע לבני משפחת נפגעי תאונות דרכים",1
"משך תקופת לידה והורות לעובדות בעבודה פיזית קשה",1
"משלוח טובין ליעד חלופי עקב שיבוש",1
"משמורת קטינים וביטול חזקת הגיל הרך",1
"מתודולוגיה לקביעת שאריות חומרי הדברה במזון",1
"מתווה גיוס ודחיית שירות לתלמידי ישיבות",1
"מתווה חישוב חלף היטל השבחה לרשויות מקומיות",1
"מתכונת אחידה לתלוש שכר ופנקס שכר",1
"מתכונת מינוי ותנאי כשירות של ראש התביעה הכללית",1
"מתן אזרחות לילדי מהגרים בלתי חוקיים",1
"מתן אזרחות לילדי נכנסים לא חוקיים",1
"מתן גמול כספי לחיילים בשירות סדיר לקראת שחרורם",1
"מתן הטבות בקופות חולים בבתי מרקחת שאינם בהסדר",1
"מתן הטבות והקלות מס לעובדים בפריפריה",1
"מתן היתר להעסקת עובד זר בסיעוד לבעלי נכות",1
"מתן הסכמה לטיפול רפואי על ידי בני משפחה בהיעדר כשירות",1
"מתן הפטר לאלתר לחייבים מעבר לגיל פרישה",1
"מתן הקלות לבניינים קיימים",1
"מתן חשבון חלופי בבנק ישראל ללקוחות שחשבונותיהם הוגבלו עקב סנקציות זרות",1
"מתן חשבון חלופי בבנק ישראל ללקוחות שחשבונותיהם נחסמו עקב סנקציות זרות",1
"מתן טיפול רפואי שגרתי לקטינים ללא נוכחות הורה",1
"מתן טיפול שיקום מונע לעבירות מין ללא הרשעה פלילית",1
"מתן ייעוץ פנסיוני דיגיטלי בידי בנקים ללא סניפים",1
"מתן ייעוץ פנסיוני דיגיטלי ומרחוק בידי בנקים",1
"מתן כשרות בידי רב מקומי מחוץ לתחומו",1
"מתן מידע והפעלת תוכניות שיקום בשפה הערבית לאסירים",1
"מתן מעמד אזור עדיפות לאומית והקמת מינהלת שיקום לדרום תל אביב",1
"מתן מעמד רישיון ביקור והתרת עבודה למסתננים שאינם ניתנים להרחקה",1
"מתן מעמד תושבות לדרוזים מסוריה הדרומית",1
"מתן מענקי השקעה מוגדלים למפעלים בחבל התקומה",1
"מתן מענקים כלכליים לעזיבת תושבי יהודה והשומרון",1
"מתן מענקים מוניציפליים מבוססי היתרי בנייה למגורים",1
"מתן מרשמים לקנאביס רפואי והמשך טיפול",1
"מתן סיוע וליווי משפטי ממלכתי לנפגעי עבירות מין בהליך הפלילי",1
"מתן סיוע טיפולי חיצוני לתלמידים נפגעי חרם חברתי",1
"מתן סיוע ממשלתי ייעודי לנפגעי אסון לאומי חריג",1
"מתן סיוע נוסף לנפגעי איאסון לאומי מעבר לדין הקיים",1
"מתן סיוע נוסף לנפגעי מאורעות 7 באוקטובר",1
"מתן עדות של נפגעי עבירת דמי חסות שלא בנוכחות הנאשם",1
"מתן עדות שלא בפני הנאשם בעבירות סחיטה ודמי חסות",1
"מתן עדות שלא בפני הנאשם בעבירת פרוטקשן",1
"מתן עדיפות במכרזים לתורמי מזון עודף",1
"מתן עדיפות לגופים ציבוריים בהגשת תוכניות שיקום",1
"מתן עדיפות למשרתים בשירות סדיר או לאומי בקבלה לשירות המדינה",1
"מתן ערבויות מדינה לאשראי של קרנות להשקעות במקרקעין",1
"מתן פטור ממסים ואגרות לתאגיד לאומי",1
"מתן פטור ממסים ותשלומי חובה לארגוני נכים ונפגעי איבה",1
"מתן פיצוי כספי מינהתי מאוצר המדינה לנפגעי עבירות מין",1
"מתן פרס כספי ופרסום פרטים לאיתור מחבלים נמלטים",1
"מתן צו הגנה בהליך פלילי",1
"מתן צו הגנה במעמד צד אחד בעילה של אלימות נפשית",1
"מתן צו לשיקום כלכלי על יסוד הכתב",1
"מתן קביעות להטבת מס להשקעות בחברות הזנק",1
"מתן קצבאות וסיוע כלכלי ייעודי לנפגעי הלם קרב בהתאם לדרגות פגיעה ומבחני הכנסה",1
"מתן קצבאות וסיוע כלכלי לנפגעי הלם קרב לפי דרגות פגיעה",1
"מתן קצבאות וסיוע כלכלי לנפגעי הלם קרב לפי דרגות פגיעה ומבחני הכנסה",1
"מתן קצבאות וסיוע כלכלי לנפגעי פוסט-טראומה לפי דרגות פגיעה ומבחני הכנסה",1
"מתן קצבאות וסיוע סוציאלי לנפגעי הלם קרב לפי דרגת פגיעה ומבחני הכנסה",1
"מתן רישוי מקצועי על בסיס הכשרה מקצועית שאינה תואר אקדמי",1
"מתן רישיון רואה חשבון לעורכי דין שהם יועצי מס",1
"מתן רישיונות ורגולציה לנותני שירותים פיננסיים זרים",1
"מתן רישיונות ישיבת ביקור ותעסוקה למסתננים שאינם בני הרחקה ותמריצים לפיזורם הגיאוגרפי",1
"מתן רישיונות נהיגה לשוהים בלתי חוקיים ומסתננים",1
"מתן שירותי בריאות במרפאות ביישובים קטנים לחברי קופות חולים אחרות",1
"מתן שירותי בריאות למבוטחי קופות אחרות ביישובים קטנים וסמוכים",1
"מתן שירותי הפקדה הדדיים בכספומטים בין בנקים",1
"מתן שירותי מידע פיננסי וייעוץ על ידי עמותות",1
"מתן שירותי רפואה במרפאות ביישובים קטנים למבוטחי קופות חולים אחרות",1
"מתן תעודות הכשר בידי רב מקומי מחוץ לגבולות הרשות המקומית",1
"מתקנים ושירותים נלווים במרחב מוגן דירתי ביישובים סמוכי גבול",1
"נבצרות רפואית של חבר פרלמנט והחלפתו הזמנית",1
"נגישות הציבור לרישומי מקרקעין ביהודה והשומרון",1
"נגישות לחומרי ארכיון של תאגיד השידור הישראלי ותמחורם",1
"נגישות למידע על היסטוריית רכב משומש לפני רכישה",1
"נגישות לרשומות רפואיות ומסירתן",1
"נגישות לשכות שירות התעסוקה בפריפריה וביישובים",1
"נגישות לשכות תעסוקה בפריסה ארצית",1
"נגישות לשכות תעסוקה בפריפריה וביישובים",1
"נגישות מוסכים עצמאיים למידע וציוד טכני של יצרני רכב",1
"נגישות מוקד טלפוני לביטול עסקה",1
"נגישות מוקדים טלפוניים ומענה אנושי לרכישות באינטרנט",1
"נגישות מידע רפואי לעיוורים ולקויי ראייה",1
"נגישות מסמכי מכרז עירוניים לציבור",1
"נגישות מענה אנושי לאזרחים ותיקים ללא תשלום",1
"נגישות פיזית בתחבורה ציבורית בין-עירונית",1
"נגישות שירות טלפוני לאזרחים ותיקים",1
"נגישות שירות טלפוני לביטול עסקה",1
"נגישות שירותי הפקדה בכספומטים חוץ-בנקאיים",1
"נוכחות וחופש תנועה של ישראלים בחבל עזה",1
"נוכחות עורך דין בחקירת חשוד בעבירות פשע",1
"נוכחות עורך דין בחקירת קטין",1
"נוכחות עורך דין בחקירת קטינים ואנשים עם מוגבלות",1
"נוסח הצהרת האמונים של חברי הכנסת",1
"נוסחה אחידה לחלוקת תמיכה כלכלית בילדים",1
"נוסחת חישוב מזונות ילדים",1
"נוקשות חוק-יסוד: ברית החיים",1
"נוקשות חוקתית ואיסור פגיעה בתקנות חירום",1
"נוקשות חוקתית לחוקי יסוד",1
"נטילת אמצעי זיהוי וביצוע חיפושים במפוקחים",1
"נטילת זרע מנפטר ושימוש בו בידי בת הזוג או הורים",1
"נטל ההוכחה בתביעות חושפי שחיתות",1
"נטל ההוכחה בתביעות להחזר ניכויים משכר",1
"נטל ההוכחה בתביעות נגד מבטחים בגין אי-תשלום תגמולי ביטוח",1
"נטל ההוכחה בתביעות נזיקין בגין התמשכות הליכים פליליים",1
"נטל ההוכחה בתביעות שכר שווה",1
"נטל ההוכחה והתנאים להסרת סייג האחריות הנזיקית לפעילי טרור לשעבר",1
"נטל הוכחה וחזקות משפטיות במחלוקת על תוכן שיחה שלא נמסרה",1
"נטל הראיה בתביעות נזיקין בגין עיכוב שווא",1
"נטל הראיה והסנקציות המשפטיות עקב אי מסירת הקלטת שיחה לצרכן",1
"נטרול השפעת תגמולי מילואים וירידת הכנסה או שעות עבודה על זכאות לסבסוד",1
"ניגוד עניינים של דירקטורים מקרב עובדי החברה",1
"ניהול אזרחי ביהודה והשומרון",1
"ניהול אחוד בפרויקטים להשכרה ארוכת טווח",1
"ניהול אחוד וריכוז סמכויות בארגון הילולת מירון",1
"ניהול והקצאת קרקעות בהתיישבות הכפרית ביהודה והשומרון",1
"ניהול ושחרור נכסי מקרקעין עזובים בידי האפוטרופוס הכללי",1
"ניהול מרשם ציבורי של מסיימי הכשרת עוזרי בטיחות",1
"ניהול נכסים עזובים ללא צו שיפוטי",1
"ניהול עירוני של מיפוי והצללת המרחב הציבורי",1
"ניוד הלוואות לדיור בין בנקים",1
"ניוד זכויות בנייה ופטור ממכרז כפיצוי על צמצום זכויות",1
"ניוד זכויות ופטור ממכרז כפיצוי על צמצום זכויות בנייה",1
"ניוד מידע רפואי בין נותני שירותי בריאות",1
"ניוד מידע רפואי במעבר בין קופות חולים",1
"ניוד פיקדונות בנקאיים ללא העברת חשבון",1
"ניוד פיקדונות ותוכניות חיסכון ללא העברת חשבון בנק",1
"ניכוי דמי שכירות מהכנסה חייבת במס בהשכרת דירה",1
"ניכוי הוצאות טיפול בילדים במס הכנסה",1
"ניכוי הוצאות טיפול בילדים ממס הכנסה",1
"ניכוי הוצאות כיבוד מחוץ למקום העסק",1
"ניכוי הוצאות סוציאליות והפקדות פנסיוניות לעצמאים",1
"ניכוי מס בגין ביטוח בריאות לעצמאים",1
"ניכוי משכר העובד בגין נזק או הפרה",1
"ניכוי קצבת פרישה משירות קבע בעבודה כאזרח עובד צה״ל",1
"ניכוי ריבית משכנתה ממס הכנסה לרוכשי דירת מגורים יחידה",1
"ניכוי תקופת מעצר בית ומעצר אלקטרוני מעונש מאסר",1
"ניכוי תקופת מעצר בפיקוח אלקטרוני מעונש מאסר",1
"ניכויים לתשלומים וארגונים מתגמולי נכים ונפגעי איבה",1
"ניכויים מכספי פיקדון עובדים זרים עקב שהייה שלא כדין",1
"ניכויים משכר עובדים בגין נזקים",1
"נישואין אזרחיים בשטח שגרירות זרה",1
"נישואין אזרחיים בשטחי שגרירויות זרות",1
"ניתוק הסדרים משפטיים מהכרזה על מצב חירום",1
"ניתוק הפיקוח על צעצועים מסוכנים ממצב חירום ומעגנו בחקיקה ראשית",1
"ניתוק חשמל לצרכנים ביתיים בשל חוב",1
"ניתוק שירותי חשמל ומים לנכסים בשימוש אונר""א",1
"ניתוק שירותי חשמל ומים לנכסים של אונר״א",1
"ניתוק תחולת חקיקת חירום ממצב חירום פורמלי",1
"ניתוק תשתיות מים וחשמל לגופים אסורים",1
"נסיבה מחמירה בהיזק בזדון לקברים ולמצבות זיכרון",1
"נסיעת אופנועים בנתיבי תחבורה ציבורית",1
"נסיעת אמבולנסים בנתיבי תחבורה ציבורית",1
"נציג פיקוח מטעם המועצה בוועדות הפנימיות במוסדות",1
"נציגי ממשלה בוועדות המחוזיות לתכנון ולבנייה",1
"נקודות זיכוי במס הכנסה לאפוטרופוס",1
"נקודות זיכוי במס הכנסה לבני זוג של משרתי מילואים",1
"נקודות זיכוי במס הכנסה להורים לילדים עד גיל שלוש",1
"נקודות זיכוי במס הכנסה לשירות מילואים פעיל כמשרת לוחם",1
"נקודות זיכוי במס למשרתי מילואים",1
"נקודות זיכוי ממס הכנסה להורים",1
"נקודות זיכוי ממס הכנסה לחיילים משוחררים ששירותו כלוחמים",1
"נקודות זיכוי ממס הכנסה למשרתי מילואים פעילים",1
"נקודות זיכוי ממס לאפוטרופוס",1
"נקודות זיכוי ממס לבני זוג של משרתי מילואים",1
"נקודות זיכוי ממס להורים לילדים שבן זוגם שרת במילואים",1
"נקודות זיכוי ממס לחיילי מילואים",1
"נקודות זיכוי ממס למשפחות אומנה",1
"נקודות זכות וזיכוי בשכר לימוד למשרתי מילואים בחירום",1
"נקודת זיכוי במס למשרתים ולמילואים",1
"נקודת זיכוי ממס הכנסה בגין לימודי תואר ראשון",1
"נקודת זיכוי ממס הכנסה לחיילים ששירתו כלוחמים",1
"נקודת זיכוי ממס הכנסה לסטודנטים לתואר ראשון",1
"נקודת זיכוי ממס להורים ותומכים בסטודנטים",1
"נקודת זיכוי ממס למשרתי מילואים פעילים",1
"נקודת זיכוי ממס למשרתי מילואים פעילים ממושכים",1
"נקודת זיכוי ממס לסטודנטים",1
"נקודת זיכוי ממס לסטודנטים לתואר ראשון",1
"נשיאת והפקדת נשק ברישיון במקומות ציבוריים",1
"נשיאת מאסר במשמורת בקהילה כחלופה למאסר מאחורי סורג ובריח",1
"נשיאת נשק ארגוני בידי מאבטחים מחוץ לשעות העבודה",1
"סבסוד בניית ממד למבנים ישנים",1
"סבסוד והתקנת לחצני מצוקה לאזרחים ותיקים",1
"סבסוד לחצני מצוקה לאזרחים ותיקים",1
"סבסוד לימודי נהיגה לצעירים והתנייתו בהימנעות מעבירות תנועה",1
"סבסוד לימודים ומענק הבראה לאחים שכולים",1
"סבסוד מוצרי מזון בריא",1
"סבסוד מזון לתינוקות",1
"סבסוד מחוללי חמצן ניידים",1
"סבסוד ממשלתי והנגשת מוצרי מזון בריא",1
"סבסוד ממשלתי להגדלת היצע מזון בריא",1
"סבסוד ממשלתי למזון ללא גלוטן",1
"סבסוד ממשלתי לרכישת מזון בריא לאוכלוסיות במצב של אי-ביטחון תזונתי",1
"סבסוד ממשלתי לרכישת מזון רפואי",1
"סבסוד מעונות יום למשפחות משרתי מילואים",1
"סבסוד שכר לימוד וקדימות במעונות יום למשרתי מילואים",1
"סבסוד תחבורה ציבורית לניצולי שואה ואסירי ציון",1
"סבסוד תרופות לוותיקי מלחמת העולם השנייה",1
"סגירה מינהלית של עסק פועל ללא רישיון",1
"סגירת גופי שידור זרים",1
"סגירת מעברי גבול וניתוק קשרים עם רצועת עזה",1
"סדר זקיפת תשלומים בתיק ההוצאה לפועל",1
"סדרי תפילה והתנהגות בכותל המערבי",1
"סובסידיה לרכישת אמצעי חירום טכנולוגיים לאזרחים ותיקים",1
"סודיות רפואית ואיסור פרסום לגבי טיפול פסיכיאטרי בקטינים",1
"סחר משני בתדרי רדיו",1
"סטייה מדיני הראיות בהליך פלילי",1
"סטייה מדיני הראיות במשפטי טרור חמורים",1
"סטייה מדיני הראיות וסדרי הדין בהליך פלילי",1
"סטייה מדיני ראיות במשפטים פליליים",1
"סטייה מדיני ראיות במשפטים פליליים חמורים",1
"סטנדרטים להנגשת הודעות חירום בשידורי טלוויזיה",1
"סיווג יישובים דרוזיים וצ'רקסיים כאזורי פיתוח א'",1
"סיווג מאמני ספורט כמבוטחים שכירים בביטוח הלאומי",1
"סיווג פעילויות וחומרים מסוכנים לצורך היתרי רעלים",1
"סיום כהונת מועצת תאגיד השידור הקימת",1
"סיוע במיגון דירות באזורי קו עימות",1
"סיוע במימון טיפול נפשי לבני משפחות משרתי מילואים",1
"סיוע במימון טיפול נפשי להורה שאינו אלמן",1
"סיוע בשכר דירה לאוכלוסיות זכאיות",1
"סיוע בשכר דירה לחיילים משוחררים בודדים",1
"סיוע בשכר דירה לממתינים לדיור ציבורי",1
"סיוע בשכר דירה ממתינים לדיור ציבורי",1
"סיוע ותמיכה לבני משפחות נעדרים אזרחיים",1
"סיוע ותמיכה משפחתית לנעדרים אזרחיים",1
"סיוע כלכלי ומענקים לאלמנות ולהורים שכולים",1
"סיוע כלכלי להקמת ממ""ד",1
"סיוע כלכלי ראשוני למשפחות שכולות ואלמנות",1
"סיוע כספי לטיפול נפשי וזוגי לחיילי מילואים לוחמים",1
"סיוע לרשויות מקומיות חלשות בטיפול בפصולת מקרן ההטמנה",1
"סיוע ממשלתי לנוטלי משכנתאות עקב עליית ריבית",1
"סיוע משפטי בהליכים אזרחיים לנפגעי עבירות",1
"סיוע משפטי בתביעות בגין הפליה ללא מבחן כלכלי",1
"סיוע משפטי בתביעות הפליה",1
"סיוע משפטי ללא מבחן הכנסה למטופלים סיעודיים מול עובדים זרים",1
"סיוע משפטי ללא מבחן כלכלי למטופלים סיעודיים",1
"סיוע משפטי למטופלים סיעודיים",1
"סיוע משפטי לנפגעי הונאה ועושק",1
"סיוע משפטי לנפגעי עבירה סיעודיים",1
"סיוע משפטי לנפגעי עבירות בשלב החקירה",1
"סיוע משפטי לנפגעי עבירות מין בשלב החקירה ובהליכים אזרחיים",1
"סיוע משפטי לנפגעי עבירות מין והמתה",1
"סיוע משפטי לנפגעי פעולות איבה",1
"סיוע משפטי לקורבנות סחר בבני אדם ועבדות בשלב החקירה",1
"סיוע משפטי לקורבנות סחר בבני אדם ועבירות נלוות",1
"סיוע נפשי להורה שאינו אלמן",1
"סייגים והליך אישור למסמכי ארגון הבריאות העולמי",1
"סימון אופן גידול עופות מטילים על גבי ביצים ומארזים",1
"סימון אזהרה על שמני שיזוף",1
"סימון אזהרה על תרופות ממכרות",1
"סימון אלרגנים בתפריטים במסעדות",1
"סימון ארץ מקור בתוצרת חקלאית בתפזורת",1
"סימון הסדרי חניה עירוניים",1
"סימון ואכיפת חניה לרכב חשמלי בעמדות טעינה",1
"סימון מקומות חניה המושפעים משעות",1
"סימון פרטי מרכז רעלים על גבי אריזות חומרים מסוכנים",1
"סימון שפת מדרכה במקומות חניה המוגבלים בשעות",1
"סימון תזונתי במסעדות ובבתי אוכל",1
"סימון תכני בינה מלאכותית בפרסומות שידור",1
"סינון אתרי תוכן פדופילי בידי ספקי אינטרנט",1
"סינון אתרים פוגעניים במקומות ציבוריים",1
"סינון תכנים פוגעניים באינטרנט במקומות ציבוריים",1
"סירוב מתן שירות בנקאי בשל עיצומים זרים",1
"סירוב מתן שירות מטעמי אמונה דתית",1
"סכום מינימום להגבלת חשבון בשל שיקים ללא כיסוי",1
"סכום מענק חימום למקבלי הבטחת הכנסה בגיל פרישה",1
"סכומי מינימום ומקסימום להלוואות לדיור",1
"סל שירותי ספריות בחינם לתושבים",1
"סל תרבות לאזרחים ותיקים במסגרות דיור",1
"סמכויות אכיפה בתחום התכנון והבנייה",1
"סמכויות אכיפה והרחקה לפקחי רשות האוכלוסין",1
"סמכויות אכיפה וזימון של ועדות חקירה פרלמנטריות",1
"סמכויות אכיפה ומתן צווי מניעה בידי יו""ר ועדת הבחירות",1
"סמכויות אכיפה וענישה נגד גופי שידור זרים הפוגעים בביטחון המדינה",1
"סמכויות אכיפה מינהליות ואחריות בעלי רכב בעבירות הסעה",1
"סמכויות אכיפה של סיירות ביטחון עירוניות",1
"סמכויות אכיפה של קציני פיקוח על עברייני מין",1
"סמכויות בית המשפט ואחריות אתית של חברי הכנסת בגין הפרות סדר באולם",1
"סמכויות גבייה מינהליות של רשויות מקומיות",1
"סמכויות גבייה של תאגידי מים",1
"סמכויות הנגיד והרגולטור באסדרת נתוני אשראי לתאגידים",1
"סמכויות התמודדות עם כלי טיס בלתי מאוישים",1
"סמכויות התערבות ממשלתיות בספקי שירותי סייבר ואחסון בשעת חירום",1
"סמכויות וסדרי עבודה של ועדת שרים לענייני ביטחון לאומי",1
"סמכויות ועדה מקומית לאישור הקלות וסטייה מתוכנית",1
"סמכויות ועדה מקומית להגדלת שטחי בנייה",1
"סמכויות ועדת המשנה של המועצה הארצית לשינוי ייעוד קרקע למגורים",1
"סמכויות זימון ומסירת מידע לוועדות חקירה פרלמנטריות",1
"סמכויות חיפוש מורחבות באזורים מועדים לפשיעה אלימה",1
"סמכויות חיפוש משטרתיות באזורים מועדים לפשיעה",1
"סמכויות חיפוש משטרתיות בלא צו לאיתור נשק ותיעוד",1
"סמכויות חיפוש של פקחי הגירה",1
"סמכויות חיפוש של פקחים ללא צו שופט",1
"סמכויות חירום ומתן צווי הפסקה מינהליים לחברות אבטחה",1
"סמכויות חירום ומתן צווים לטיפול בזיהום ים",1
"סמכויות חסימה ומניעה של שידורי ערוצים זרים הפוגעים בביטחון המדינה",1
"סמכויות כליאה מנהלית ומעצר ללוחמים בלתי חוקיים באירועי 7 באוקטובר",1
"סמכויות מאבטחים במרחב הציבורי",1
"סמכויות מינוי דירקטורים ללא הליך תחרותי",1
"סמכויות ענישה משמעתית בשירות המדינה",1
"סמכויות פיצוי ואכיפה בגין אי-העסקה במתכונת חודשית",1
"סמכויות פיקוח ואכיפה של חטיבת חלופות הכליאה",1
"סמכויות פיקוח והוראות הפסקת שיווק ואיסוף (Recall) בהתאם לאסדרה האירופית",1
"סמכויות פיקוח, זימון עדים ומסירת מידע לוועדת החוץ והביטחון",1
"סמכויות רגולטוריות במצבי חירום לעניין פיקוח על מחירי מוצרים ושירותים",1
"סמכויות רכזי ביטחון שוטף לאומי והפעלת כוח",1
"סמכויות רשם לענייני ירושה",1
"סמכויות שוטר לעיכוב והפקקת מידע מטכוגרף דיגיטלי",1
"סמכויות תיאום מחירים וכמויות במועצת הצמחים",1
"סמכויות תפיסה וחילוט מזומן של שוהים בלתי חוקיים",1
"סמכות אומני חירום לאשר טיפול רפואי",1
"סמכות אומני חירום למתן הסכמה לטיפול רפואי",1
"סמכות איסור שימוש ברכב או בציוד מכני הנדסי בעבירות בנייה",1
"סמכות אישור מסירת מידע ביטחוני או מדיני בידי עובד ציבור לשעבר",1
"סמכות אישור שר הפנים על חוקי עזר לעניין עסקים בימי מנוחה",1
"סמכות אישור שר הפנים על חוקי עזר לעניין פתיחת עסקים בשבת",1
"סמכות אישור תוספות שכר בגופים ביטחוניים",1
"סמכות ביצוע חיפוש בעירום מלא",1
"סמכות ביקורת שיפוטית ופסילת חקיקה",1
"סמכות ביקורת שיפוטית על חוקים והיקף הרוב הנדרש לפסילתם",1
"סמכות בירור יזום והגשת תלונות על ידי צד שלישי לנציבות",1
"סמכות בית המשפט המחוזי לשחרור מעגינות",1
"סמכות בית משפט השלום למתן צווי עשה ומניעה בתביעות הפליה",1
"סמכות בתי דין דתיים בעניינים אזרחיים בהסכמה",1
"סמכות בתי דין רבניים בביטול גיור",1
"סמכות בתי דין רבניים בעניינים אזרחיים בהסכמה",1
"סמכות בתי דין רבניים בעניינים הנלווים לגירושין",1
"סמכות בתי דין רבניים לדון במזונות ילדים כעניין כרוך",1
"סמכות בתי הדין הדתיים בדיני מזונות",1
"סמכות בתי הדין הרבניים בהקדשות שנוסדו בפני בתי דין שרעיים",1
"סמכות בתי הדין הרבניים בחלוקת רכוש",1
"סמכות בתי הדין הרבניים בעניינים הנלווים לגירושין",1
"סמכות בתי משפט צבאיים לגזור עונש מוות",1
"סמכות גורם חיצוני לצמצום דיונים פליליים מטעמי ביטחון המדינה",1
"סמכות דייר לדרוש הפעלת מנגנון פיקוד שבת ברכוש המשותף",1
"סמכות דרישת מידע וביומטרי בשעת חירום ואירוע רב-נפגעים",1
"סמכות דרישת מידע רפואי, גנטי וביולוגי באירוע רב-נפגעים",1
"סמכות האכיפה הפלילית כלפי חברי הממשלה",1
"סמכות האכיפה הפלילית נגד נבחרי ציבור ופיצול תפקיד היועץ המשפטי לממשלה",1
"סמכות הגשת כתבי אישום בעבירות דמי חסות",1
"סמכות הדיון בשחרור על-תנאי בעבירות מין במאסרים קצרים",1
"סמכות ההחלטה על קיום דיון נוסף",1
"סמכות ההכרזה על אירוע חירום כלכלי",1
"סמכות הוצאת חברי כנסת מהדיונים במליאה ובוועדות",1
"סמכות הוצאת צווים מינהליים להפסקת שירותי אבטחה",1
"סמכות הורי אומנה למתן הסכמה לטיפול פסיכיאטרי ותרופתי",1
"סמכות הורים אומנים למתן הסכמה לטיפול פסיכיאטרי",1
"סמכות החלטה על חקירה והעמדה לדין של נבחרי ציבור",1
"סמכות הכנסת להשהות שביתות ולחייב בבוררות בשירותים חיוניים",1
"סמכות הכרזה על אי-התאמה בין חוק לחוק-יסוד",1
"סמכות הכרזה על אירוע חירום בידי ועדת הכספים של הכנסת",1
"סמכות הממשלה במינוי ובפיטורי בכירים בשירות המדינה",1
"סמכות הממשלה לקבוע עמדות משפטיות וייצוג משפטי",1
"סמכות הממשלה לשינוי או ביטול החלטות מוסדיות של נושאי משרה שפוטרו",1
"סמכות המשטרה לדרוש נתוני תקשורת ממקורות שאינם ספקים מורשים",1
"סמכות המשטרה להחרמת רכב בשל חסימת כבישים",1
"סמכות המשטרה להחרמת רכב בשל חסימת תנועה",1
"סמכות הנגיד לקביעת כללים בריביות פיקדונות ועובר ושב",1
"סמכות הסרת תכנים פוגעניים מן האינטרנט",1
"סמכות הענקת פרס ישראל וניהולו",1
"סמכות הקמת ועדת בדיקה לאירועים חריגים בבריאות הנפש",1
"סמכות הקמת ועדת בדיקה לעניין מטופלים פסיכיאטריים",1
"סמכות הרבנות הראשית בהגדרת חילול מקומות קדושים",1
"סמכות הרבנות הראשית במקומות הקדושים",1
"סמכות הרחבת זכויות נכי צהל בתקנות",1
"סמכות הרחקה של מבקשי מקלט ופליטים עם סיום מצב לחימה במדינת מוצאם",1
"סמכות הריסת בתי מחבלים וסדרי דין מנהליים",1
"סמכות הרשויות המקומיות על פתיחת עסקים בימי מנוחה",1
"סמכות הרשם לסרב רישום קבלן או לנקוט אמצעי משמעת בהenססת המלצת משטרה",1
"סמכות השעיית הנהלה ומינוי מנהל מיוחד בשעת חירום",1
"סמכות השר למינוי קצינים בכירים במשטרה",1
"סמכות התערבות הממשלה בנושאים בעלי חשיבות לאומית",1
"סמכות התקנת תקנות ואישור פרלמנטרי לסל קליטה",1
"סמכות ועדות מקומיות לאישור יחידות דיור בגליל ובנגב",1
"סמכות ועדות מקומיות לאישור יחידות דיור בנגב ובגליל",1
"סמכות ועדת האתיקה להטיל סנקציות על שרים בשל אי-מסירת מידע ומענה לשאילתות",1
"סמכות חדירה למחשב וצווי חיפוש באכיפה מנהלית ופלילית",1
"סמכות חיפוש מנהלית בסביבת בתי סוהר",1
"סמכות חיפוש סמוי בחומר מחשב",1
"סמכות חנינה לאסירי עולם ביטחוניים",1
"סמכות חסימת אתרים בגין הונאות אמצעי תשלום",1
"סמכות חקירת תובעים בידי מח""ש",1
"סמכות יוזמת איחוד תיקים וצו תשלומים על ידי רשם",1
"סמכות ייעוץ לוועדת חריגים על דרישות ייבוא מחמירות בתחום התמרוקים",1
"סמכות ירי לנטרול איום בקו עימות",1
"סמכות כניסה לחצרים ושימוש בכוח כלפי מפרי תנאי עבודות שירות",1
"סמכות להוצאת צווי מעצר והגבלה מנהליים בידי השר לביטחון לאומי ומשטרת ישראל",1
"סמכות להטלת צווי הגבלה מינהליים",1
"סמכות להטלת צווי הגבלה על סרבני גט",1
"סמכות להקמת ועדות בדיקה לאירועים חריגים בבריאות הנפש",1
"סמכות להקמת ועדות בדיקה לאירועים חריגים בפסיכיאטריה",1
"סמכות לסטייה מהתאמת דת באימוץ ילדים",1
"סמכות לקביעת רשימת מוצרים ושירותים חיוניים בחירום",1
"סמכות לקביעת שכר מינימום ענפי לנהגי תחבורה ציבורית",1
"סמכות מוסד רפואי להגבלת הכנסת מזון וחמץ בפסח",1
"סמכות מורשה להיתר בבקשות הכוללות סטייה מתוכנית",1
"סמכות ממשלה חדשה להפסקת כהונת נושאי משרה בכירים",1
"סמכות מעצרים וצווי הגבלה מינהליים לשר לביטחון לאומי",1
"סמכות מרשם קנאביס רפואי והמשך טיפול",1
"סמכות משטרה וצהל לדרוש מסמכים, מידע רפואי ודגימות לצורך זיהוי",1
"סמכות משטרת ישראל לפתוח בחקירת הסתה לטרור ללא אישור",1
"סמכות מתן היתרים לעבודה בשבת",1
"סמכות מתן פטור ממכרז לשירותי חינוך ייחודיים",1
"סמכות מתן צו הפסקה מנהלי לחברות אבטחה",1
"סמכות נלווית של בתי דין רבניים באכיפה ופרשנות של הסכמים ופסקי דין",1
"סמכות נציב קבילות הציבור מול הליכי בוררות פנימיים בקופות חולים",1
"סמכות נציב קבילות הציבור מול הליכי בוררות פנימיים בקופת חולים",1
"סמכות נציבות שוויון ההזדמנויות בעבודה לתת חוות דעת בתיקי הטרדה מינית",1
"סמכות סירוב לאישור העסקה ורישיון הוראה לבעלי תואר אקדמי מהרשות הפלסטינית",1
"סמכות עדכון רשימת התעודות המחויבות בתרגום",1
"סמכות עיכוב אזרחית, שימוש בכוח וחסינות פלילית בלכידת מחבל",1
"סמכות עיכוב ביצוע צווי הריסה למבנים בהליכי תכנון",1
"סמכות עיכוב הליכי גבייה עם הגשת בקשה לצו לפתיחת הליכים",1
"סמכות עצירת יבוא בשל הפרת אמון",1
"סמכות עצירת שידור חי בדיונים רגישים",1
"סמכות עצירת שידורים לגוף שידורים זר",1
"סמכות עצירת שידורים לגופי ממשלה",1
"סמכות פיטורי עובדי הוראה בידי מנכ""ל משרד החינוך",1
"סמכות פיטורים מנהלית של עובדי הוראה בשל פגיעה בקטינים",1
"סמכות פיקוח מקבילה לרשות לאיסור הלבנת הון על נותני שירותים פיננסיים",1
"סמכות פיקוח מקבילה על נותני שירותים פיננסיים",1
"סמכות פיקוח עירוני על מקלטים משותפים",1
"סמכות קביעת אורח חיים בחינוך ממלכתי-דתי",1
"סמכות קביעת איות שמות מקומות ציבוריים בערבית",1
"סמכות קביעת דמי חבר בלשכת עורכי הדין",1
"סמכות רבני עיר לבצע גיור ולהנפיק אישורי המרת דת",1
"סמכות רבני עיר לבצע הליכי גיור",1
"סמכות רבני עיר לעסוק בגיור קטינים",1
"סמכות רבנים מקומיים וראשי ישיבות לערוך גיורים",1
"סמכות רשויות מקומיות בהעסקת עובדים משטחי הרשות הפלסטינית",1
"סמכות רשויות מקומיות בקביעת שפות תמרורים",1
"סמכות רשות העתיקות ביהודה והשומרון",1
"סמכות רת״א לאשר כשירות אווירית לכלי טיס של צבא זר",1
"סמכות שוטר לדרוש בדיקת אלכוהול וסמים ללא חשד מוקדם",1
"סמכות שוטר לדרוש בדיקת שכרות וסמים ללא חשד מוקדם",1
"סמכות שימוש במערכות צילום ביומטריות במרחב הציבורי",1
"סמכות שיפוט בגירושין אזרחיים",1
"סמכות שיפוט בסכסוכי עוסק זעיר",1
"סמכות שיפוט בתי דין רבניים בעניינים אזרחיים בהסכמה",1
"סמכות שיפוט מקומית על חברות זרות",1
"סמכות שיפוט צבאי בעבירות מין לאחר שחרור",1
"סמכות שיפוטית להסרת תכנים פוגעניים מהאינטרנט",1
"סמכות שר הפנים לסרב מתן דרכון ראשון לעולה חדש שטרם השתקע",1
"סמכות תפיסה וחילוט של מזומן הנמצא ברשות תושב זר החשוד בעבירה",1
"סמכות תפיסת בעל חיים במקום מגורים ללא צו",1
"סמכות תפיסת חזקה במקרקעין שהוחזקו בידי אונר""א",1
"סמכות תפיסת חזקה במקרקעין שהוחזקו על ידי אונר״א",1
"סמכות תפיסת חזקה מנהלית במקרקעין",1
"סנכרון רמזורים בפנייה ימינה והולכי רגל",1
"סנקציה כלכלית של מניעת השתתפות במכרזים ציבוריים למורשעים בתקיפת כוחות ביטחון",1
"סנקציה כספית בגין אי-הגשת דיווח שנתי והקצאתה לשיקום נכים",1
"סנקציות ואכיפה בגין הפרת הסדרי שהות",1
"סנקציות ואמצעים במקרה של הפרת הסדר הורות",1
"סנקציות ומגבלות כניסה עקב הפרת תנאי עזיבה",1
"סנקציות ומניעת כניסה בשל הפרת תנאי עזיבה מרצון",1
"סנקציות ועיקור כפוי בגין זיווג או מכירה בניגוד לחוק",1
"סנקציות כספיות ומניעת כניסה בשל הפרת תנאי עזיבה מחבל עזה",1
"סנקציות נגד גופים המסייעים לבית הדין הבין-לאומי",1
"סנקציות על אי-התייצבות ומסירת מידע לוועדות הכנסת",1
"סנקציות על אי-שירות צבאי או אזרחי",1
"סנקציות על איחור בהגשת תקציב המדינה",1
"סנקציות על חברי כנסת המסרבים להצהיר אמונים",1
"סנקציות על מוסדות פיננסיים בשל זיקה למימון טרור",1
"סנקציות על מכירת מוצרי עישון ללא היתר",1
"סנקציות על עובדי ציבור ושרי ממשלה בגין אי-התייצבות ואי-מסירת מידע לוועדות הכנסת",1
"סנקציות על קופות גמל בגין עיכוב העברת פיצויי פיטורים",1
"סנקציות על קופות גמל בגין עיכוב תשלום פיצויי פיטורים",1
"סנקציות על שימוש לרעה בהליכי משפט בלשון הרע",1
"סנקציות תקציביות בגין הפרדה מגדרית במוסדות ציבוריים",1
"סנקציות תקציביות על מוסדות חינוך בגין אי הנפת דגל המדינה",1
"סנקציות תקציביות על מוסדות חינוך מפלים",1
"סנקציות תקציביות על קיום הפרדה מגדרית במוסדות ציבור",1
"סעדים אזרחיים ועונשין בשל הפרת חובת הנגשה לשונית",1
"סף החובות לניהול הליך ברשות האכיפה והגבייה",1
"סף המעבר בבחינת ההתמחות בעריכת דין",1
"סף חובות לניהול הליך חדלות פירעון ברשות האכיפה והגבייה",1
"סף חובות לניהול הליכי הוצאה לפועל",1
"סף חובות לניהול חדלות פירעון ברשות האכיפה והגבייה",1
"סף מעבר בבחינות ההתמחות בעריכת דין",1
"סף מעבר בבחינות הסמכה לעריכת דין",1
"סף תחולה של חובת ייצוג הולם בחברות ממשלתיות",1
"ספי גיל למתן היתרי שהייה ורישיונות ישיבה לתושבי אזור",1
"סקירה משווה של דרישות רישוי בעריכת דין",1
"עבודה מועדפת לחיילים משוחררים באילת",1
"עבירות זיוף עמוק",1
"עבירות חובות במסגרת שעבוד צף ועסקאות פקטורינג",1
"עבירות מין ביחסי מטופלת ורופא נשים",1
"עבירות מין במשפחה בגיל בוגר",1
"עבירות מין כלפי קטינים תוך ניצול מעמד ציבורי מיוחד",1
"עבירות מרמה של עובד ציבור",1
"עבירות פליליות בגין פרסום זיוף עמוק",1
"עבירות פליליות ואכיפה בהפרת זכויות מבצעים",1
"עבירת הברחה שלא דרך תחנת גבול",1
"עבירת יחסי מין אסורים בין מטפל בריאותי למטופל",1
"עבירת ירי מנשק חם ללא רשות",1
"עבירת מרמה והפרת אמונים",1
"עבירת מרמה והפרת אמונים של עובדי ציבור",1
"עבירת נטילת דמי חסות",1
"עבירת ניהול כת פוגענית",1
"עבירת סחר בערכי טבע מוגנים כעבירת מקור להלבנת הון",1
"עבירת עינויים פלילית לעובדי ציבור",1
"עבירת שיבוש תדרי תקשורת של כוחות ביטחון והצלה",1
"עגון בחקיקה ראשית של זכות עובדים לדמי נסיעה והשוואתם לתעריפי תחבורה משולבת (אוטובוס ורכבת)",1
"עגון הזכות לדמי הבראה בחקיקה ראשית",1
"עגינת זכות השוויון בחוק יסוד",1
"עגינת חופש הפולחן במקומות הקדושים",1
"עגינת מעמד החקלאות והבטחת אמצעי ייצור",1
"עגינת עקרון השוויון בחוק יסוד",1
"עגינת שוויון זכויות בחוקי היסוד",1
"עדיפות בייצוג הולם בשירות המדינה למשרתים",1
"עדיפות בייצוג הולם בשירות הציבורי למשרתי סדיר",1
"עדיפות במכרזים ציבוריים לעסקים תורמי מזון עודף",1
"עדיפות בסיוע כלכלי לסטודנטים משרתו במילואים ובשירות סדיר",1
"עדיפות לאומית והקצאת מגרשים ביישובים דרוזים",1
"עדיפות לבני מקום בתוכניות דיור ממשלתיות בקריית שמונה",1
"עדיפות ליוצאי שירות קרבי בקבלה למוסדות להשכלה גבוהה על פני זכאים לייצוג הולם",1
"עדיפות למשרתי מילואים במכרזים ציבוריים",1
"עדיפות למשרתי מילואים בקבלה למעונות יום וסבסודם",1
"עדיפות למשרתי מילואים ולוחמים בהגרלות דיור להשכרה",1
"עדיפות למשרתי מילואים ונכי צהל בהקצאת דירות בתוכניות דיור מוזל בקריית שמונה",1
"עדיפות למשרתי סדיר ומילואים במעונות סטודנטים",1
"עדיפות למשרתי שירות קרבי על פני זכאים אחרים לייצוג הולם",1
"עדיפות למשרתים בקבלה לשירות המדינה",1
"עדיפות למשרתים בשירות קרבי על פני זכאים אחרים לייצוג הולם",1
"עדיפות לעסקים בשליטת משרתי מילואים במכרזים ציבוריים",1
"עדיפות לעסקים קולטי עליה במכרזים ציבוריים",1
"עדיפות עיוורים בקבלה לדיור מוגן ובתי אבות",1
"עדיפות רכוש שחולט לתשלום פיצויים לנפגעי עבירה",1
"עדכון אגרות פיקוח וטרינרי ומנגנון הצמדה",1
"עדכון אוטומטי של סכומי מחזור עסקים",1
"עדכון והגדלת תקציב סל שירותי הבריאות",1
"עדכון והחלת הוראות הדין האירופי במזון",1
"עדכון והעלאת שיעורי דמי ביטוח לאומי למעסיקים ועובדים",1
"עדכון והרחבת הגדרות יסוד ומונחים בתחום המידע האישי",1
"עדכון מבחני נכות לפגועי ראש",1
"עדכון מבנה וסכומי קצבאות הילדים",1
"עדכון מונחים ומינוח משפטי לגבי מתמודדי נפש",1
"עדכון מסגרת תקציב המדינה בעת חירום",1
"עדכון מען רשום של חברה ומכותביה",1
"עדכון משכורת קובעת לגמלאי בשל הסכמי שכר פח""ש",1
"עדכון סכומי סיוע והלוואות לדיור לאלמנות ושכולים",1
"עדכון סכומי קצבאות הילדים ומבנם",1
"עדכון סכומי קצבאות הילדים ומענק הלידה",1
"עדכון סמכויות שרים ומשרדים ממשלתיים",1
"עדכון עלות סל שירותי הסיעוד ומדד יוקר הסיעוד",1
"עדכון קצבת פנסיה תקציבית לנושאי משרה ברשויות",1
"עדכון שמות מסגרות דיור שיקומי לנכי נפש",1
"עדכון שנתי של אסטרטגיית הביטחון הלאומי מול תקציב המדינה",1
"עדכון תקציב סל שירותי הבריאות",1
"עוולה אזרחית בגין שימוש בסמל נאצי",1
"עוולה אזרחית ופיצוי בלא הוכחת נזק בשל כבילה שלא כדין",1
"עוולה נזיקית ופיצויים בגין אי תשלום שכר מינימום",1
"עוולה נזיקית ופיצויים ללא הוכחת נזק בהפרת שכר מינימום",1
"עוולות אזרחיות ופיצויים ללא הוכחת נזק בגין פעולות פלטפורמות מקוונות",1
"עונש מוות בבתי משפט צבאיים באזור יהודה ושומרון",1
"עונש מוות בעבירות ביטחון חמורות",1
"עונש מוות בעבירות טרור",1
"עונש מוות למורשעים בעבירות טרור",1
"עונש מוות למורשעים ברצח בנסיבות טרור",1
"עונש מוות למחבלי ארגון טרור בגין פשעים חמורים",1
"עונש מוות למחבלים בגין פשעי מלחמה ופשעים נגד האנושות",1
"עונש מוות למעורבים במעשי טבח ואלימות חמורים",1
"עונש מוות למעורבים בפרעות",1
"עונש מוות על-תנאי למורשעים בעבירות טרור",1
"עונש מזערי ומאסר בפועל בעבירות ממניע גזענות או עוינות",1
"עונש מזערי ומאסר בפועל בעבירת תקיפת בן זוג",1
"עונש מזערי על יידוי אבנים לעבר כלי תחבורה",1
"עונש מינימום בעבירות אלימות",1
"עונש מינימום בעבירות הטרדה מינית",1
"עונש מינימום בעבירות התעללות בבעלי חיים",1
"עונש מינימום בעבירות ירי בנשק חם",1
"עונש מינימום בעבירות ריגול וביטחון",1
"עונש מינימום בעבירות רכב",1
"עונש מינימום בעבירת אונס",1
"עונש מינימום בעבירת הסתה לגזענות",1
"עונש מינימום וביטול קנסות בעבירות התעללות בבעלי חיים",1
"עונש מינימום והחמרת ענישה בסחיטה באיומים",1
"עונש מינימום והחמרת ענישה בעבירות נשק",1
"עונש מינימום ומאסר בפועל בעבירות התעללות בבעלי חיים",1
"עונש מינימום ומאסר בפועל למתעללים בקטינים וחסרי ישע במסגרות",1
"עונש מינימום וקנס על החזקת נשק בלתי חוקי",1
"עונש מינימום להצתת נכס ציבורי",1
"עונש מינימום למציתי נכסי ציבור",1
"עונש מינימום לעבירות יידוי אבנים וחבלה בכוונה מחמירה",1
"עונש מינימום לעבירות מין חמורות",1
"עונש מינימום לעבירות נשק",1
"עונש מינימום לעבירת הפרעה לשוטר",1
"עונש מינימום לעבירת הצתה של נכס ציבורי",1
"עונש מינימום על החזקת נשק בלתי חוקי",1
"עונש מינימום על עבירות נשק",1
"עונש מינימום על תקיפת שוטר",1
"עונשי מינימום בעבירות התפרצות",1
"עונשי מינימום בעבירות נשק",1
"עונשי מינימום והגבלת הסדרי טיעון בעבירות מין",1
"עונשי מינימום ומאסר בפועל למתעללים בקטינים וחסרי ישע במסגרות",1
"עונשי מינימום ומאסר חובה בעבירות סחיטה",1
"עונשי מינימום וצמצום שיקול דעת שיפוטי בעבירות נשק",1
"עונשי מינימום וקנסות חובה בעבירות נשק בלתי חוקי",1
"עונשי מינימום לעבירת הפקרה לאחר פגע וברח",1
"עיגון איסור צריכת זנות כהוראת קבע",1
"עיגון בחוק של 'הרחקות דרבנו תם'",1
"עיגון בחוק של הטבות מנהליות (זכאויות נוספות) לנכי צה״ל בתחומי הדיור והניידות",1
"עיגון בחוק של סיוע משפטי לבני משפחות נפגעי עבירות המתה",1
"עיגון בחקיקה ראשית של אסדרת הקנאביס הרפואי",1
"עיגון בחקיקה ראשית של היקף שעות לימוד העברית בסל הקליטה",1
"עיגון בחקיקה ראשית של מעמד ומחויבויות המדינה כלפי העדה הדרוזית",1
"עיגון בחקיקה ראשית של סמכויות מינוי ופיטורי קצינים בכירים בידי שר הביטחון",1
"עיגון בחקיקה של ועדת סל שירותי הבריאות וכללי פעולתה",1
"עיגון בחקיקה של נבחרת הדירקטורים בחברות ממשלתיות",1
"עיגון בחקיקה של סיוע משפטי לבני משפחות נפגעי עבירות המתה",1
"עיגון התחייבויות תקציביות למועצות אזוריות בנסיבות חירום",1
"עיגון וחישוב השלמת תקופות שירות לפנסיונרים של צהל",1
"עיגון ומימון המיזם הלאומי לביטחון תזונתי",1
"עיגון זכות השוויון בחוקי היסוד",1
"עיגון חובות ייצור נאות ורישוי מזון בחקיקה ראשית",1
"עיגון חובת שמירת כשרות לפסח ואיסור חמץ בבסיסי צהל בחקיקה ראשית",1
"עיגון חוקי של זכאות לדמי הבראה והאחדת תעריפים",1
"עיגון חוקי של חיסיון עיתונאי והיקפו",1
"עיגון חוקתי לחופש ההתאגדות ולזכות השביתה",1
"עיגון חוקתי למעמד העדה הדרוזית והעדה רקסית'הצ",1
"עיגון חוקתי למעמד העדה הדרוזית וזהותה",1
"עיגון חוקתי מפורש לזכות לשוויון",1
"עיגון חוקתי של הזכות לסביבה נאותה",1
"עיגון חוקתי של הזכות לסביבה נאותה וחובת הגנה על משאבי טבע",1
"עיגון חוקתי של הזכות לשוויון ואיסור הפליה",1
"עיגון חוקתי של זכויות בהליך הפלילי",1
"עיגון חוקתי של זכויות חברתיות",1
"עיגון חוקתי של זכויות חברתיות וכלכליות",1
"עיגון חוקתי של מהות המדינה וערכיה",1
"עיגון חוקתי של מעמד משרתי המילואים והעדפתם",1
"עיגון חוקתי של עקרון השוויון",1
"עיגון חוקתי של ערך השוויון בחוק הלאום",1
"עיגון חוקתי של שוויון וריבונות לכלל אזרחי המדינה בחוק-יסוד: הלאום",1
"עיגון חוקתי של שוויון זכויות",1
"עיגון חקיקתי של הזכות לדמי הבראה",1
"עיגון יום האחדות כיום ציון לאומי",1
"עיגון יעדים סטטוטוריים להפחתת פליטות גזי חממה",1
"עיגון מונח ותפקיד דיין מקרקעין מול מפקח רישום מקרקעין",1
"עיגון מנגנון העדפה מתקנת בחוק-יסוד",1
"עיגון מסגרת תקציבית רב-שנתית לחבל התקומה",1
"עיגון מעמד החקלאות והבטחת אמצעי ייצור",1
"עיגון מעמד החקלאות כערך לאומי",1
"עיגון מעמד העדה הדרוזית בחוק יסוד",1
"עיגון מעמד העדה הדרוזית כשוות זכויות בחוק",1
"עיגון מעמד וזכויות העדה הדרוזית בחוק יסוד",1
"עיגון מעמד ומטרות פיתוח לעדה הדרוזית",1
"עיגון מעמד חברת המתנ""סים ותקצובה בחקיקה ראשית",1
"עיגון מעמד משרתי המילואים כערך יסוד ומתן עדיפות מוסדית",1
"עיגון מעמדה של רמת הגולן בחוק יסוד",1
"עיגון מערך אכיפה עירוני כהוראת קבע ומנגנוני הפיקוח",1
"עיגון מפורש של הזכות לשוויון בחוק יסוד",1
"עיגון נציגויות הורים במוסדות החינוך",1
"עיגון סטטוטורי של מינויים פוליטיים ופיקוח עליהם בשירות החוץ",1
"עיגון סטטוטורי של סמכויות וסדרי עבודה של ועדת השרים לענייני ביטחון לאומי",1
"עיגון סמכויות מינהלת תקומה כיחידת סמך עצמאית",1
"עיגון עצמאי של תנאי ההפניה והכשירות לשירות לאומי־אזרחי",1
"עיגון עקרון השוויון ומגילת העצמאות בחוק יסוד הלאום",1
"עיגון עקרון השוויון ומעמד מגילת העצמאות בחוקי היסוד",1
"עיגון עקרון השוויון וערכים דמוקרטיים בחוק הלאום",1
"עיגון ערך השוויון בחוקי היסוד",1
"עיגון ערכי הציונות כשיקול מחייב ומכריע בפעולות הממשלה",1
"עיגון קבוע של הקלות בחישוב הכנסות זכאים לקצבאות והבטחת הכנסה",1
"עיגון תכנית השיטור העירוני בהוראת קבע",1
"עיגון תקצוב המדינה לספריות הציבוריות",1
"עידוד הסעות שיתופיות והסדרת מיסוין",1
"עידוד ותקצוב יצירה להנצחת זיכרון השואה",1
"עידוד יציאה לעבודה של הורים עצמאיים מקבלי גמלה",1
"עידוד עזיבה מרצון של תושבי חבל עזה",1
"עידוד פעילויות תרבות לציון חגים של עדות שונות",1
"עידוד צריכת מזון מהצומח ומניעת בזבוז מזון במוסדות",1
"עידוד תעסוקה ומענקי עבודה להורים עצמאיים",1
"עידוד תעסוקה ושיעורי קיזוז קצבת הבטחת הכנסה להורים עצמאיים",1
"עידוד תעסוקה להורים עצמאיים המקבלים הבטחת הכנסה",1
"עיון הציבור ברישומי מקרקעין ביהודה והשומרון",1
"עיכוב הליכים במסלול הסדר חוב",1
"עיכוב הליכים זמני להסדר חוב",1
"עיכוב הליכים משפטיים בעניינו של שר המועמד להדחה",1
"עיכוב הליכים משפטיים נגד אנשי רשות ביצוע בידי הרשות המחוקקת",1
"עיכוב וסגירת תיקי הוצאה לפועל של עוסק מפר",1
"עיכוב יציאה מהארץ בגין חוב כספי נמוך",1
"עילות והליך הכרזת נבצרות לראש הממשלה",1
"עילות לאישור הפסקת היריון בוועדה",1
"עילות להוצאת צווי איסור פרסום וביטול צווים קיימים",1
"עילות להפסקת הריון מטעמים סוציאליים וכלכליים",1
"עילות מעצר עד תום ההליכים בעבירות נשק",1
"עילות פירוק עמותות בשל זיקה לטרור",1
"עילות פסילה מהשתתפות בבחירות לכנסת",1
"עיצום כספי על חברות ביטוח בגין אי-תשלום תגמולי ביטוח",1
"עיצומים והפסקת חברות בשל אי-הצהרת אמונים של חבר כנסת",1
"עיצומים כספיים ואכיפה סביבתית בפסולת בניין",1
"עיצומים כספיים על הפרת דיני יבוא מזון במסלול האירופי",1
"עיצומים כספיים על הפרת חוקי חירום בעבודה",1
"עיצומים כספיים על עבודה קבלנית ללא רישיון",1
"עיצומים כספיים על עבירות פסולת בניין",1
"עיקול זמני בחשבון בנק לחובות קטנים",1
"עיקול רכב בהוצאה לפועל",1
"עיקול רכב ברישום בהוצאה לפועל",1
"עליונות חוקתית לחוק יסוד הכניסה וההגירה",1
"ענישה ומאסר על עבירות במסגרת ארגון פשיעה",1
"ענישה על החזקת נשק לפגיעה המונית והחזקה מרובה של אמל״ח",1
"ענישה על קיום טורנירי פוקר ללא רישיון",1
"ענישה קולקטיבית ואיסור הרחקה גורפת של אוהדים",1
"ענישה קולקטיבית והרחקה גורפת של אוהדים מאירועי ספורט",1
"ענישת מחזיקי מכשירי פריצה אלקטרוניים לכלי רכב",1
"ענישת מינימום להוצאת אדם לרצועת עזה",1
"ענישת עבירות פגיעה בקטינים ובחסרי ישע",1
"עסקאות שירותי תיירות ללא זכות ביטול בישראל",1
"עצירת כספים קואליציוניים במצב חירום",1
"עצמאות היועץ המשפטי לממשלה והגבלת סמכות ההדחה",1
"עצמאות המשטרה וכפיפותה לדרג המדיני",1
"עצמאות המשטרה וכפיפותה לדרג הפוליטי",1
"עצמאות הנציב אל מול הייעוץ המשפטי לממשלה",1
"עצמאות כלכלית של בגירים במשיכת חיסכון ילדים",1
"עצמאות כלכלית של בגירים במשיכת חסכונות ילדות",1
"עצמאות מקצועית הלכתית וכפיפות למועצת הרבנות הראשית",1
"עצמאות נציבות שוויון ההזדמנויות בעבודה",1
"עצמאות נציבות שוויון הזדמנויות בעבודה ומעמדה המשפטי",1
"עצמאות תקציב הרבנות הראשית לישראל",1
"עצמאות תקציבית לרשות להגנת הצרכן",1
"עצמאיות תקציב משטרת ישראל",1
"עקרון שיוריות הדין הפלילי",1
"עקרונות היסוד של החינוך הממלכתי והגנה מפני אפליה",1
"עקרונות והגבלות בעסקאות חילופי שבויים",1
"עקרונות ומגבלות לעסקאות שחרור חטופים",1
"ערבות מדינה להלוואות בשעת חירום ושיעור אישור הלוואות בבנקים",1
"ערבות מדינה לחסכונות בבנקים קטנים",1
"ערבות מדינה למשכנתאות לרכישת דיור ביישובים בהליכי הסדרה",1
"ערכי הציונות כשיקול מכריע בפעולות הממשלה",1
"ערעור על החלטות רשות הרישוי לעניין תג נכה",1
"ערעור על החלטת ביניים בדבר הסרת חיסיון ועיכוב ביצוע",1
"ערעור על פסקי דין של בית הדין הארצי לעבודה לבית המשפט העליון",1
"ערעור על פרישת חבר כנסת מסיעה",1
"פומביות הדיון בהליכי מעצר והגבלה מינהליים",1
"פומביות הדיון במשפטי טרור של קטינים",1
"פומביות ושקיפות בבחירת שופטי בית המשפט העליון",1
"פטור והפחתת אגרה בכביש ארצי לתחבורה ציבורית ומשתמשים",1
"פטור והפחתת אגרה בכבישי אגרה לתחבורה ציבורית ולסוגי משתמשים",1
"פטור ליישובים יהודיים فحובת השבתת עבודה ותנועה",1
"פטור מאגרה בכבישי אגרה לחיילי מילואים",1
"פטור מאגרה בכבישים ובנתיבים מהירים ללוחמי מילואים",1
"פטור מאגרה בכבישים ללוחמי מילואים",1
"פטור מאגרה בשל האטה ועומסי תנועה בכבישי אגרה",1
"פטור מאגרות ותשלומים למשרתי מילואים",1
"פטור מאגרות ותשלומים ממשלתיים למשרתי מילואים ומשרਤים",1
"פטור מאגרות כניסה לגנים לאומיים ואתרי עתיקות למשרתים",1
"פטור מאגרות למשרתי מילואים",1
"פטור מאגרות נסיעה לחיילי מילואים קרביים",1
"פטור מאגרות רישום למשרתי מילואים פעילים",1
"פטור מאגרת מעבר גבול לסטודנטים",1
"פטור מאגרת מעבר גבול לסטודנטים הלומדים בחוץ לארץ",1
"פטור מאגרת נסיעה בכביש אגרה בשל האטה ועומסים",1
"פטור מאגרת נסיעה בכבישי אגרה ללוחמי מילואים",1
"פטור מאגרת נסיעה עקב האטה או עומסים בכביש אגרה",1
"פטור מאגרת נסיעה עקב האטה ועומסים בכביש אגרה",1
"פטור מאגרת רישוי לרכב חשמלי",1
"פטור מאגרת רישיון רכב לאחר אי-חידוש ממושך",1
"פטור מאגרת רכב לתאגיד השידור לאנשים עם מוגבלות בשמיעה",1
"פטור מאחריות פלילית בגין ירי על חשודים במעשה טרור",1
"פטור מאישורי יבוא למכשירים בעלי צריכת אנרגיה נמוכה במצב המתנה",1
"פטור מארנונה ומעמד תכנוני של שדה תעופה בזיכיון",1
"פטור מארנונה לארגוני נוער",1
"פטור מארנונה לבניינים ניזוקים או נהרסו",1
"פטור מארנונה לחיילים בודדים בדירות משותפות",1
"פטור מארנונה לישיבות הסדר ומכינות קדם-צבאיות",1
"פטור מארנונה למבנים נטושים ורוסים",1
"פטור מארנונה למכללות טכנולוגיות",1
"פטור מארנונה לממ""ד",1
"פטור מארנונה למצללה בנכסי מגורים",1
"פטור מארנונה לנכסי מגורים",1
"פטור מארנונה לנכסים שפונו במצב חירום ושיפוי רשויות מקומיות",1
"פטור מארנונה לנשים ששהו במקלט לנשים מוכות",1
"פטור מארנונה לסטודנטים משרתודי מילואים",1
"פטור מארנונה לעיתונות מקומית וקהילתית",1
"פטור מארנונה לתושבי הצפון שלא פונו",1
"פטור מבחינה פסיכומטרית ללוחמים משוחררים",1
"פטור מבחינות קבלה באנגלית על בסיס ציון בגרות",1
"פטור מבחינות רישוי לאחיות מחוץ לארץ",1
"פטור מדמי ביטוח בריאות לתושבי אזור עימות",1
"פטור מדמי ביטוח לאומי למתגייסים באיחור",1
"פטור מדמי ביטוח לאומי לצעירים שאינם עובדים",1
"פטור מדמי ביטוח לאומי לצעירים שאינם עובדים עד גיל 21",1
"פטור מדמי ביטוח לאומי לתלמידי מוסדות חינוך על יסודיים",1
"פטור מדמי ביטוח לאומי לתלמידי על יסודי",1
"פטור מדמי ביטוח לאומי לתלמידי על-יסודי במוסדות שונים",1
"פטור מדמי חניה לכונני רפואת חירום",1
"פטור מדמי טיפול ארגוני לעובדים המשתכרים שכר מינימום",1
"פטור מדמי טיפול ארגוני-מקצועי לעובדים בעלי שכר נמוך",1
"פטור מדמי כניסה לאתרים לאומיים ושמורות טבע לחתנים וכלות",1
"פטור מדמי כניסה לגנים לאומיים ושמורות טבע לחתנים וכלות",1
"פטור מדמי כניסה לגנים לאומיים ושמורות טבע למשרתים",1
"פטור מדמי נסיעה בתחבורה ציבורית לעובדי בתי חולים",1
"פטור מדרישות ומידע לספקים העומדים בתקני אבטחה בינלאומיים",1
"פטור מהיטל השבחה בשל אישור תוכניות למיגון",1
"פטור מהיטל השבחה לחיזוק מבנים",1
"פטור מהיטל השבחה למוסדות ציבור",1
"פטור מהיטל השבחה למתקן אגרו-וולטאי",1
"פטור מהיטל השבחה למתקני אגירת אנרגיה",1
"פטור מהיטל השבחה לשיקום נכסים בחבל תקומה",1
"פטור מהיטל השבחה עבור שיפורי מיגון",1
"פטור מהיטל שקיות נשיאה חד-פעמיות לפי סכום קנייה",1
"פטור מהיתר בניה והיטל השבחה בפיצול דירות למטרת השכרה",1
"פטור מהיתר בנייה והיטל השבחה בפיצול דירות למטרת השכרה",1
"פטור מהיתר בנייה למתקנים סולאריים במבנים שאינם בנויים כדין בנגב",1
"פטור מהמתנה בתור לאנשים עם מוגבלות בהתאם למבחן זכאות רפואי בלבד",1
"פטור מהמתנה בתור לאנשים עם מוגבלות שעוברים את מבחן ההכנסה לגמלת שירותים מיוחדים",1
"פטור מהצגת אישורי היעדר חובות לרשות מקומית ברישום מקרקעין",1
"פטור מהשבת מענקי קורונה לעצמאים",1
"פטור מחבות אישית לסוכן אונייה",1
"פטור מחבות אישית לסוכני אוניות",1
"פטור מחובת בניית מקלט בהרחבת מגורים",1
"פטור מחובת מדריך למכוני כושר שאינם פתוחים לציבור הרחב",1
"פטור מחובת פנסיה לעובדים זרים בענף הסיעוד המועסקים בידי יחידים",1
"פטור מחובת פרסום להפקדת תוכנית במצב חירום",1
"פטור מחובת רישוי קבלני אסבסט בעבודות בכלי טיס צבאיים",1
"פטור מחובת רישיון למכלי גז מדמיע לפי משקל",1
"פטור מחוק התחרות הכלכלית להסכמי חקלאים",1
"פטור מחשבונות חשמל לחיילים בודדים",1
"פטור מחשבונות מים וביוב לחיילים בודדים",1
"פטור מכפל דמי ביטוח לאומי להכנסות מחוץ לישראל",1
"פטור מכפל דמי ביטוח לאומי לעובדים בחוץ לארץ",1
"פטור מכפל דמי ביטוח לאומי לעובדים בחוץ לישראל",1
"פטור מכפל דמי ביטוח לאומי על הכנסה מחוץ לישראל",1
"פטור ממבחן הכנסה לסיוע משפטי בתביעות הפליה",1
"פטור ממיסוי מקרקעין בהארכת חכירה",1
"פטור ממכרז בהקצאת מקרקעין בהתיישבות הכפרית",1
"פטור ממכרז למינוי יועץ משפטי לראש הממשלה",1
"פטור ממכרז למפעלים מוגנים",1
"פטור ממס במימוש זכות קדימה והארכת חכירה",1
"פטור ממס גודש לתושבי יישובים סמוכים ללא תחבורה עתירת נוסעים",1
"פטור ממס הכנסה להכנסות קשיש במוסד סיעודי או בית אבות",1
"פטור ממס הכנסה לנכים",1
"פטור ממס הכנסה לתגמול מילואים",1
"פטור ממס הכנסה לתגמולי מילואים במצב חירום",1
"פטור ממס הכנסה על מלגות מחקר וחוקרים",1
"פטור ממס הכנסה על תגמול מילואים",1
"פטור ממס למקבלי קצבת ילד נכה",1
"פטור ממס על בניית מרחב מוגן ביישובים צמודי גדר",1
"פטור ממס על דיבידנד למוסדות ציבור מחברות בנות",1
"פטור ממס על החזר הוצאות נסיעה בתחבורה ציבורית",1
"פטור ממס על השכרת דירות למוסדות חינוך",1
"פטור ממס על משיכה מוקדמת מקרן השתלמות בעת חירום",1
"פטור ממס על משיכת קרן השתלמות לרכישת דירה ראשונה",1
"פטור ממס על ריבית למוסדות פיננסיים זרים המלווים לחברות טכנולוגיה",1
"פטור ממס על שיוך והעברת זכויות במקרקעין לתושבי קיבוצים שנפגעו באירועי 7 באוקטובר",1
"פטור ממס ערך מוסף לבניית מרחב מוגן ביישובים צמודי גדר",1
"פטור ממס ערך מוסף לדירה ראשונה לזוגות צעירים",1
"פטור ממס ערך מוסף לזוגות צעירים ברכישת דירה ראשונה",1
"פטור ממס ערך מוסף לזכאים ברכישת דירה ראשונה",1
"פטור ממס ערך מוסף לסובסידיות לשכר לימוד במעונות יום וגני ילדים",1
"פטור ממס ערך מוסף לתרומות לבתי חולים בפריפריה",1
"פטור ממס ערך מוסף לתרופות מצילות חיים מחוץ לסל",1
"פטור ממס ערך מוסף לתרופות מצילות חיים שאינן בסל",1
"פטור ממס ערך מוסף לתרופות מצילות חיים שאינן בסל הבריאות",1
"פטור ממס ערך מוסף על דמי תשר במסעדות ובתים קפה",1
"פטור ממס ערך מוסף על מוצרי מזון בריא",1
"פטור ממס ערך מוסף על סובסידיות לשכר לימוד במעונות יום וגני ילדים",1
"פטור ממס ערך מוסף על תרופות אונקולוגיות מחוץ לסל",1
"פטור ממס ערך מוסף על תרופות לאזרחים ותיקים",1
"פטור ממס ערך מוסף על תרופות לחולים סופניים",1
"פטור ממס ערך מוסף על תרופות מאריכות חיים שאינן בסל הבריאות",1
"פטור ממס ערך מוסף על תשלומי תשר",1
"פטור ממס ערך מוסף על תשר במסעדות",1
"פטור ממס ערך מוסף על תשר במסעדות ובשירותים",1
"פטור ממס רווחי הון בספנות",1
"פטור ממס רווחי הון לחשבון השקעה",1
"פטור ממס רווחי הון לחשבון השקעה ייעודי",1
"פטור ממס רווחי הון לתושבי חוץ במכירת מטבעות דיגיטליים",1
"פטור ממס רכישה ושבח במימוש זכויות חכירה",1
"פטור ממס שבח בירושת דירת מגורים",1
"פטור ממסים ואגרות לארגוני נכי צהל ונפגעי פעולות איבה",1
"פטור ממסים ואגרות לארגוני נכי צה״ל ונפגעי איבה",1
"פטור ממסים ואגרות לארגוני נכים ונפגעי איבה",1
"פטור ממסים ואגרות לארגוני נכים ונפגעי פעולות איבה",1
"פטור ממסים ואגרות לארגונים יציגים",1
"פטור ממסים ואגרות לארגונים יציגים של נפגעי איבה ונכי צהל",1
"פטור ממסים ותשלומי חובה לארגוני נכים ונפגעי איבה",1
"פטור משווי שימוש ברכב עבודה חשמלי",1
"פטור משירות צבאי מטעמי הכרה דתית לגברים ולנשים",1
"פטור משכר לימוד לסטודנטים מעוטי יכולת",1
"פטור מתביעות פיצויים בגין אישור תוכניות למיגון דירתי",1
"פטור מתוכנית ומהיתר להקמת מתחמי מגורים למפונים",1
"פטור מתחולת דיני התחרות על הסכמים בין חקלאים",1
"פטור מתקופת המתנה בביטוח בריאות לסטודנטים הלומדים בחוץ לארץ",1
"פטור מתקופת המתנה לסטודנטים הלומדים בחוץ לארץ",1
"פטור מתשלום או המתנה לתושבים חוזרים חסרי עורף משפחתי",1
"פטור מתשלום בחדר מיון עקב כשל במענה טלפוני של קופת חולים",1
"פטור מתשלום בתחבורה ציבורית למשפחות שכולות",1
"פטור מתשלום דמי ביטוח לאומי לצעירים שאינם עובדים",1
"פטור מתשלום דמי ביטוח לאומי לתלמידים בגירים",1
"פטור מתשלום דמי חניה בשבתות ומועדי ישראל",1
"פטור מתשלום דמי חניה לכונני רפואת חירום",1
"פטור מתשלום לתשתיות בתי חולים בעבור מעונות יום שיקומיים",1
"פטור מתשלום עבור הזנה במוסדות חינוך למשפחות מעוטות הכנסה",1
"פטור מתשלום עבור עגלות ילדים ברכבת",1
"פטור רטרואקטיבי מפיצוי סטטוטורי במלחמת חרבות ברזל",1
"פיזור הכנסת ומועד בחירות חדשות",1
"פיטורי אנשי סגל בשל הסתה או תמיכה בטרור",1
"פיטורי עובדי הוראה בשל הזדהות עם טרור",1
"פיטורי עובדי ציבור בשל מעשי טרור של קרובי משפחה",1
"פינוי חייב מדירת מגורים בגין אי-תשלום שכר טרחת כונס או עורך דין",1
"פינוי מרצון ופיצוי תושבים הגרים מחוץ לגדר הביטחון",1
"פיצוי אוטומטי בגין מאסר שווא בערעור או במשפט חוזר",1
"פיצוי אזרחי ללא הוכחת נזק לקרובי חללים בגין חילול אתרי הנצחה",1
"פיצוי אזרחים בגין גניבת רכבים והברחתם באמצעות קיזוז כספי הרשות הפלסטינית",1
"פיצוי אזרחים בשל אכיפת מיסים שגויה",1
"פיצוי אזרחים מתפנים בגין הוצאות נלוות במצב מיוחד בעורף",1
"פיצוי בגין העברת מקרקעין לשליטת גורם זר או הרשות הפלסטינית",1
"פיצוי בגין מעצר שווא",1
"פיצוי בגין מעצר שווא במקרה של הגשת כתב אישום",1
"פיצוי בגין נזק לבעל חיים בהליך פלילי",1
"פיצוי בגין נזקי אסון טבע",1
"פיצוי בגין נזקי אסון טבע ושריפה",1
"פיצוי בגין נזקי אסון טבע מקרן הפיצויים",1
"פיצוי בני משפחה על אובדן הכנסה בתקופת אשפוז נכה ולאחר מכן",1
"פיצוי בני רשות במקרקעין בעת פינוי",1
"פיצוי בעלי זכויות במקרקעין עקב העברת שליטה או ריבונות לגורם זר",1
"פיצוי בעלי עסקים על נזקי עבודות תשתית",1
"פיצוי בעלי רישיונות מוניות בגין פגיעה בהכנסות",1
"פיצוי בעלי רישיונות מוניות קיימים עקב פתיחת השוק לתחרות",1
"פיצוי ודיור חלופי למפונים ממבנים מסוכנים או קורסים",1
"פיצוי והחזר הוצאות לנאשם שזוכה או שאישומו בוטל",1
"פיצוי וזיכוי אוטומטי לצרכנים בגין ניתוק ממושך מחשמל",1
"פיצוי ותק לתושבים ותיקים בפינוי מתחמי שיקום",1
"פיצוי חקלאים בגין נזקי תשתיות שנגרמו ממקלות מעשה ידי אדם",1
"פיצוי כספי אחיד למשפחות נפגעות הפרשה",1
"פיצוי כספי מינהלי לנפגעי עבירות מין מטעם המדינה",1
"פיצוי לחקלאים בגין נזקי אסון מעשה ידי אדם",1
"פיצוי ללא הוכחת נזק בגין הסתה והזדהות עם טרור",1
"פיצוי ללא הוכחת נזק בגין הפליית משרתים",1
"פיצוי ללא הוכחת נזק בגין לשון הרע על רקע לאומני ועיצומים בינלאומיים",1
"פיצוי ללא הוכחת נזק בגין לשון הרע על רקע לאומני ותחת עיצומים",1
"פיצוי למפונים מקרקע ציבורית שנמכרה ליזמים",1
"פיצוי לעסקים בגין נזק עקיף במלחמת חרבות ברזל",1
"פיצוי לצרכן בגין חריגה מזמני המתנה במוקד טלפוני",1
"פיצוי לצרכן בשל הפרת חובות יבואן ישיר או עקיף",1
"פיצוי ממשלתי בגין נזקי אסון טבע",1
"פיצוי ממשלתי לנזקי פשיעה חקלאית",1
"פיצוי ממשלתי לנפגעי עבירות דמי חסות",1
"פיצוי ממשלתי לעסקים עקב חרם",1
"פיצוי ממשלתי על נזקי אסון טבע",1
"פיצוי מנהלי עקב אכיפת מס שגויה",1
"פיצוי נוסעים בגין הפרת תנאי רישיון בתחבורה הציבורית",1
"פיצוי נוסעים בשל איחור אוטובוס",1
"פיצוי נוסעים מתלוננים בתחבורה ציבורית",1
"פיצוי נזיקי בהליך פלילי לנפגעי עבירה",1
"פיצוי נפגעי גניבות רכב מכספים מוקפאים של הרשות הפלסטינית",1
"פיצוי נפגעי דמי חסות",1
"פיצוי נפגעי הקמת גדר ההפרדה",1
"פיצוי עונשי לנפגעי מעשה טרור",1
"פיצוי עונשי מזערי לנפגעי טרור",1
"פיצוי עזבונות מועמדים שנפלו במערכה או בפעולת איבה",1
"פיצוי על נזק עקיף ליישובים קולטי מפונים",1
"פיצוי עסקים קטנים במצבי חירום ואירועי איבה מתמשכים",1
"פיצוי עצמאים על נזקים עקיפים במצבי חירום",1
"פיצוי עצמאים על נזקים עקיפים במצבי חירום ומגפות",1
"פיצוי פינוי למתיישבים חסרי הכרה פורמלית",1
"פיצויי פיטורים בגין התפטרות לשם לימודים במכינה קדם-צבאית",1
"פיצויי פיטורים והודעה מוקדמת במקרה התפטרות עקב הטרדה מינית",1
"פיצויי פיטורים למתגייס לרשות הארצית לכבאות והצלה",1
"פיצויי פיטורין עקב התפטרות בשל הטרדה מינית",1
"פיצויים בגין סרבנות גט",1
"פיצויים והבטחת זכויות למפונים ממתחמים עירוניים",1
"פיצויים לדוגמה בשל השלכת פסולת ולכלוך",1
"פיצויים לדוגמה בשל ניכויים אסורים משכר",1
"פיצויים לדוגמה לקורבנות טרור",1
"פיצויים לדكي תביעה ואכיפה אזרחית בגין שיתוף פעולה עם סנקציות זרות",1
"פיצויים ללא הוכחת נזק בעבירות סחיטת דמי חסות",1
"פיצויים ללא הוכחת נזק בעוולת חרם",1
"פיצויים נזיקין בגין סרבנות גט",1
"פיצויים עונשיים או לדוגמה בפעילות חרם שיטתית",1
"פיצול מנגנון ריבית פיגורים ודמי פיגורים",1
"פיצול נושאים שאינם בעלי זיקה תקציבית מחוק ההסדרים",1
"פיצול נציבות תלונות הציבור לפי מערכות שיפוט דתיות",1
"פיצול נציבות תלונות הציבור על דיינים וקאדים",1
"פיצול סמכויות היועץ המשפטי לממשלה",1
"פיצול סמכויות הפיקוח על משפחתונים ופעוטונים קטנים",1
"פיצול סמכויות פיקוח בין משרד החינוך למשרד הכלכלה לגבי פעוטונים ומשפחתונים",1
"פיצול עבירות המרמה והפרת האמונים ויצירת עבירת מרמה ציבורית",1
"פיצול ריבית פיגורים לדמי פיגורים וריבית שקלית",1
"פיצול תפקיד היועץ המשפטי לממשלה",1
"פיצול תפקיד היועץ המשפטי לממשלה והסמכות להעמדת נבחרי ציבור לדין",1
"פיקוח אחיד על תמיכות במוסדות ציבור",1
"פיקוח אלקטרוני על מפרי צווי הגנה",1
"פיקוח ארצי על תעריפי גרירת רכב ושחרורו",1
"פיקוח בטיחות ותברואה בבתי ספר של עובדי מדינה",1
"פיקוח הסניגוריה הציבורית על עצורים ואסירים בבידוד או באיפול",1
"פיקוח ואכיפה עירוניים על תחזוקת מקלטים משותפים",1
"פיקוח ואכיפה על תשלומי הורים במוסדות חינוך",1
"פיקוח ואמות מידה לשיווק גז ביתי",1
"פיקוח ובדיקת בטיחות לרכב ניזוק",1
"פיקוח ובדיקת רישיון לרכב ניזוק",1
"פיקוח ובדיקת רכבים ניזוקים (אובדן להלכה)",1
"פיקוח ובירור תלונות במסגרות מגורים לאנשים עם מוגבלות",1
"פיקוח ובקרה על יישום שוויון מגדרי בצבא",1
"פיקוח ובקרה על תנאי העסקת עובדי הוראה",1
"פיקוח ובקרה על תעריפי תמלוגים",1
"פיקוח והגבלה על העלאת דמי שכירות בדירות מגורים",1
"פיקוח והגבלת מחירים על שירותי תעופה לרשויות ציבוריות",1
"פיקוח ופרסום מידע על ייצוג הולם לאנשים עם מוגבלות אצל מעסיקים פרטיים",1
"פיקוח וקביעת תעריפי חשמל",1
"פיקוח ורישוי על דמויי כלי ירייה",1
"פיקוח ושקיפות על אגודות עותומניות",1
"פיקוח ושקיפות פרלמנטרית על עמלות בנקאיות",1
"פיקוח טכנולוגי ואכיפת צווי הגנה באלימות במשפחה",1
"פיקוח מחירים על לחם מלא",1
"פיקוח מחירים על מוצרי מזון בריא בסיסיים",1
"פיקוח מחירים על מוצרי מזון בריאים",1
"פיקוח מחירים על מלח מועשר ביוד",1
"פיקוח ממשלתי על חוזי זיכיון עירוניים בסככות המתנה",1
"פיקוח משותף על תנאי ביטוח רכב ומוסכי הסדר",1
"פיקוח סביבתי על הרכב המים המוזרמים לים המלח",1
"פיקוח על בטיחות ותברואה בבתי ספר רשמיים",1
"פיקוח על דמי שכירות והטלת עיצומים כספיים",1
"פיקוח על דמי שכירות ותנאי ניהול בפרויקטים להשכרה ממושכת",1
"פיקוח על העברת שליטה בתאגידים מרכזיים לגופים זרים",1
"פיקוח על מחיר מלח מועשר ביוד",1
"פיקוח על מחירי ביטוחי רכב",1
"פיקוח על מחירי חניה בבתי חולים",1
"פיקוח על מחירי חניה במוסדות רפואיים",1
"פיקוח על מחירי חניה ברשויות מקומיות",1
"פיקוח על מחירי טיסה לגופים ציבוריים",1
"פיקוח על מחירי כרטיסים לאירועי ספורט",1
"פיקוח על מחירי מבצע והנחות",1
"פיקוח על מחירי מונופולים",1
"פיקוח על מחירי מזון בעת חירום",1
"פיקוח על מחירי מזון ייעודי",1
"פיקוח על מחירי מזון ייעודי וסבסוד חולי צליאק",1
"פיקוח על מחירי מזון ייעודי וסבסוד ישיר",1
"פיקוח על מחירי מזון ייעודי וסבסוד לחולי צליאק",1
"פיקוח על מחירי מזון רפואי וסיוע לחולים",1
"פיקוח על מחירי מצרכי יסוד בעת חירום",1
"פיקוח על מחירי תעודות הכשר וסנקציות על הפרתם",1
"פיקוח על מחירים במכונות אוטומטיות בבתי חולים",1
"פיקוח על מנהלי עיזבון",1
"פיקוח על מעצר מינהלי של אזרחים",1
"פיקוח על מרווחי הריבית של בנקים",1
"פיקוח על מרווחי שיווק בתוצרת חקלאית",1
"פיקוח על משוחררים בעבירות אלימות חמורות",1
"פיקוח על סגירת סניפי בנקים",1
"פיקוח על עמלות במכשירי בנק ממוכנים",1
"פיקוח על עמלות הפצת כרטיסי אשראי ותנאי הסחר",1
"פיקוח על עמלות והגבלת נתח הפצה מרבי לכרטיסי אשראי",1
"פיקוח על פרמדיקים בשירות צבאי",1
"פיקוח על רווח מרבי של קמעונאים במצרכים בפיקוח",1
"פיקוח על רווחי קמעונאים וגלגול הנחות מסחריות",1
"פיקוח על שכר לימוד במוסדות פרטיים",1
"פיקוח על שכר לימוד במכללות פרטיות",1
"פיקוח על תאגידים עירוניים",1
"פיקוח על תכולת מוצרי עישון וחומרים רעילים",1
"פיקוח על תכני לימוד ותאימותם לקווי היסוד",1
"פיקוח על תכני לימוד למניעת הסתה",1
"פיקוח על תעריפי העמדת רכב למבחן נהיגה מעשי",1
"פיקוח על תעריפי רכישת קבר בחיים",1
"פיקוח פרלמנטרי ואכיפת התייצבות בוועדות הכנסת",1
"פיקוח פרלמנטרי ודיווח שנתי של רשות הטבע והגנים",1
"פיקוח פרלמנטרי וזימון עובדי ציבור",1
"פיקוח פרלמנטרי וחובת התייצבות עובדי ציבור בוועדות הכנסת",1
"פיקוח פרלמנטרי ומדד לייצוג הולם בחברות ממשלתיות",1
"פיקוח פרלמנטרי וממשלתי על תעריפי החשמל",1
"פיקוח פרלמנטרי ופקיעת אסדרה קיימת",1
"פיקוח פרלמנטרי על אכיפת חוקים ביטחוניים ומדיניים",1
"פיקוח פרלמנטרי על אסדרת גופים פיננסיים",1
"פיקוח פרלמנטרי על ביטול או הגבלה של רישיונות שידור",1
"פיקוח פרלמנטרי על ביצוע תקציב הרשות להגנת הצרכן",1
"פיקוח פרלמנטרי על דחיית בחירות מקומיות",1
"פיקוח פרלמנטרי על הדוחות הכספיים של הביטוח הלאומי",1
"פיקוח פרלמנטרי על העברת סיוע הומניטרי",1
"פיקוח פרלמנטרי על הרשות לשיקום האסיר",1
"פיקוח פרלמנטרי על התקשרות באמנות בינלאומיות",1
"פיקוח פרלמנטרי על חלוקת ציוד ללומדים",1
"פיקוח פרלמנטרי על מדיניות רישוי כלי ירייה",1
"פיקוח פרלמנטרי על עסקאות רכש ביטחוני",1
"פיקוח פרלמנטרי על רכש ביטחוני",1
"פיקוח פרלמנטרי על רשויות פיקוח פיננסי",1
"פיקוח פרלמנטרי על רשויות פיקוח פיננסיות וגישה למידע חסוי",1
"פיקוח פרלמנטרי על רשות שדות התעופה",1
"פיקוח פרלמנטרי על שינוי מבחני נכות",1
"פיקוח פרלמנטרי על שינויים בהסכם הניידות",1
"פיקוח פרלמנטרי על תאגיד השידור הציבורי",1
"פיקוח פרלמנטרי על תאגידים סטטוטוריים",1
"פיקוח פרלמנטרי על תקציב המשטרה",1
"פיקוח פרלמנטרי על תשלומי הורים בחינוך",1
"פיקוח ציבורי ושליטה במינויים בספרייה הלאומית",1
"פיקוח, אכיפה וריכוז מידע על מכשירי החייאה ציבוריים",1
"פירוק גדר ההפרדה ומניעת הקמתה",1
"פישוט משיכת כספי פיצויי פיטורים לשאירי עובדים שנפטרו עקב פעולות מלחמה או איבה",1
"פיתוח והשקעה ייעודית ברמת הגולן",1
"פלורליזם דתי ושוויון מגדרי במקומות קדושים",1
"פנייה והסכמת קטינים בגילאי 14 ומעלה לתכנית טיפול ללא אישור הורים",1
"פנייה לנציב קבילות הציבור לצד הליכי בוררות בקופה",1
"פניית קטינים בני 14 ומעלה וגיבוש תוכנית טיפול ללא הסכמת הורים",1
"פניית קטינים לקבלת טיפול ללא הסכמת הורים",1
"פסול אנשי צוות במוסדות חינוך מטעמי תמיכה בטרור",1
"פסול עיסוק של אנשי צוות חינוך מטעמי ביטחון ותמיכה בטרור",1
"פסולת אנשי צוות חינוך בשל תמיכה בטרור",1
"פסילת מועמדים ומפלגות בגין תמיכה בטרור",1
"פסילת מועמדים ורשימות בבחירות מקומיות",1
"פסילת מועמדים ורשימות בגין תמיכה בחרם",1
"פסילת מועמדים ורשימות ברשויות המקומיות",1
"פסילת מועמדים ורשימות ברשויות המקומיות עקב תמיכה במאבק מזוין",1
"פסילת מועמדים ורשימות בשל תמיכה בטרור ופגיעה על רקע לאומי",1
"פסילת מועמדים ורשימות בשלטון המקומי בשל פעילות נגד מדינת ישראל",1
"פסילת מועמדים ורשימות מהשתתפות בבחירות לכנסת",1
"פסילת מועמדים לכנסת בשל הרשעה בעבירות טרור וביטחון",1
"פסילת ספקים ברכש ציבורי בשל מעורבות בפשיעה חמורה",1
"פסילת ראיות שהושגו בניגוד לכללי החקירה",1
"פסילת רשימות ומועמדים והפסקת כהונת חברי כנסת",1
"פסיקת פיצויים עונשיים ללא הוכחת נזק לטובת אנשי כוחות הביטחון",1
"פסיקת פיצויים עונשיים לנפגעי פעולות איבה",1
"פסלות מלרשת במקרי התאבדות או אי-כשירות של החשוד ברצח",1
"פסקת התגברות בחוק-יסוד: כבוד האדם וחירותו בנושא מסתננים",1
"פסקת התגברות בחוקי היסוד",1
"פסקת התגברות בחוקי יסוד",1
"פסקת התגברות של הכנסת על פסילת חוקים",1
"פעילויות בנושאי נטייה מינית וזהות מגדרית במוסדות חינוך",1
"פעילות בנקים במסחר ושמירה של מטבעות וירטואליים",1
"פעילות החטיבה להתיישבות בעיירות פיתוח ובמרחב העירוני",1
"פעילות הכנסת בעת חירום ומלחמה",1
"פעילות הכנסת בעת מלחמה",1
"פעילות סוכנות אונר״א בשטח ישראל",1
"פעילות ציבורית של סטודנטים במוסדות להשכלה גבוהה",1
"פעילות תחנת שידור צבאית",1
"פקיעת רישיון רכב ניזוק וחובת בדיקת מעבדה מוסמכת",1
"פריסה ארצית לתחנות רדיו אזוריות",1
"פריסת חובות לגופים ציבוריים ללא ריבית או אגרה",1
"פריסת שירותי חירום רפואיים ומימונם",1
"פריסת תשלומי חשבונות חשמל ללא ריבית",1
"פריסת תשלומי חשמל ללא ריבית",1
"פריסת תשלומים לחוב טרום מועד",1
"פריסת תשלומים לחשבון חשמל ללא ריבית",1
"פרסום החלטות השעיה זמנית בפנקס לשכת עורכי הדין",1
"פרסום מאגר מידע ממשלתי על כתות פוגעניות",1
"פרסום מדד תחזוקה לכלי רכב",1
"פרסום שמות מועמדים שמינוים נדחה או שכהונתם הופסקה",1
"פרסום שמות שופטים בתלונות ציבור",1
"פתיחת חקירה נגד חיילים בעת לחימה",1
"צבירת ימי חופשה למשרתי מילואים",1
"צבירת ימי חופשה למשרתי מילואים פעילים",1
"צבירת קצבת נכות וקצבת אזרח ותיק",1
"צווי הגבלה מנהליים למניעת פשיעה חמורה",1
"ציון יום האחדות הלאומי",1
"ציון יום הזיכרון לנכבה ודרכי קיומו",1
"ציון יום זיכרון או העדפה תרבותית במערכת החינוך",1
"ציון יום תרבויות ישראל במערכת החינוך ובצבא",1
"ציון מגן לעולים חדשים ולעורכי דין זרים בבחינות לשכת עורכי הדין",1
"צילום ופרסום תצלום של עצורים באולם בית המשפט",1
"צמצום חובת הצבת נציגי חברות תעופה בחוץ לארץ",1
"צמצום חובת רישום מאגרי מידע",1
"צמצום חריג כניסה לטיפול רפואי תחת צו הרחקה",1
"צמצום משרדי ממשלה ותקציבם בזמן חירום",1
"צמצום משרת הרבנות הראשית לרב ראשי אחד",1
"צמצום עילות הפעלת סמכות חדירה למחשב בהתאם לאיומי סייבר",1
"צמצום עילת הגירוש מעבירת אהדה לעבירת שבח בלבד",1
"צמצום פערים בבריאות בין הפריפריה למרכז",1
"צמצום שיקול הדעת של הממונה על התחרות בבדיקות והכרזות",1
"צמצום תקופות מניעת מפגש עם עורך דין וסמכויות הגשת בקשה",1
"צנזורה וסיווג של סרטי קולנוע",1
"צפייה בצילומי אבטחה במעונות יום ללא צו שיפוטי",1
"צפייה מקוונת בשידור חי בצילומים עבור הורים",1
"קבורה צבאית לוחמי אש",1
"קבורה צבאית לכבאים שנספו",1
"קבורת חייל והכרעת רצונו לעומת רצון משפחתו",1
"קבורת חסרי דת שנפגעו בפעולות איבה בחלקות יהודיות",1
"קבילות התנצלות והודאה של איש צוות רפואי כראיה",1
"קבילות ראיות גנטיות של בעלי חיים בהליכים משפטיים",1
"קבילות ראיות שהושגו שלא כדין",1
"קביעות ההגנה מפני פיטורין או פרישת חובה להורים שילדם נפטר",1
"קביעות הוראות לתחרות בשוק הגז הביתי",1
"קביעת גיל הפרישה מעבודה",1
"קביעת המדד החברתי-כלכלי המחייב ליישובים במועצות אזוריות",1
"קביעת השם הרשמי למערכה הצבאית",1
"קביעת זמנים מרביים לקבלת שירותי בריאות",1
"קביעת יום אבל לאומי ממלכתי",1
"קביעת יום הוקרה ממלכתי לפצועי מערכות ישראל ונפגעי פעולות איבה",1
"קביעת יום הנצחה ממלכתי במערכת החינוך",1
"קביעת יום זיכרון לאומי לאירועי כ״ב בתשרי ומלחמת חרבות ברזל",1
"קביעת יום זיכרון ממלכתי ופעילויות הנצחה לאישים",1
"קביעת יום זיכרון ממלכתי ופעילויות חינוכיות לדמות היסטורית",1
"קביעת יום זיכרון ממלכתי לאירועי 7 באוקטובר",1
"קביעת יום זיכרון ממלכתי לאירועי 7 באוקטובר ומלחמת חרבות ברזל",1
"קביעת יום זיכרון ממלכתי לאירועי השבעה באוקטובר",1
"קביעת יום זיכרון ממלכתי לאישים",1
"קביעת יום זיכרון ממלכתי לדמות היסטורית",1
"קביעת יום זיכרון ממלכתי לחללי ונפגעי יהדות התפוצות באנטישמיות",1
"קביעת יום זיכרון ממלכתי למתקפת שמחת תורה",1
"קביעת יום זיכרון ממלכתי לפרהוד",1
"קביעת יום זיכרון ממלכתי שנתי",1
"קביעת יום זיכרון ממלכתי שנתי לאירועי 7 באוקטובר",1
"קביעת יום זיכרון שנתי וחובת ביקור תלמידים במרכז ההנצחה",1
"קביעת יום זיכרון שנתי לפרשת ילדי תימן, המזרח והבלקן",1
"קביעת יום לאומי לציון המאבק בגזענות",1
"קביעת יום מודעות ארצי למחלת הסרטן",1
"קביעת יום מודעות לאומי למחלת הסרטן",1
"קביעת יום ציון והנצחה ממלכתי",1
"קביעת יום ציון לאומי לאחדות ולערבות הדדית",1
"קביעת יום ציון לאומי למאבק באלימות נגד נשים",1
"קביעת יום ציון לאומי למשפחות אלמנות ויתומים",1
"קביעת יום ציון ממלכתי לאירועים היסטוריים",1
"קביעת יום ציון ממלכתי לאסון יהודי תימן",1
"קביעת יום ציון ממלכתי לבריאות הנפש",1
"קביעת יום ציון ממלכתי ליל הבדולח",1
"קביעת יום ציון ממלכתי למאבק עליית יהודי ברית המועצות",1
"קביעת יום ציון ממלכתי למורשת קהילת יהדות הודו",1
"קביעת יום ציון ממלכתי למכתב 18 המשפחות מגאורגיה",1
"קביעת יום ציון ממלכתי לעליית יהודי מרוקו והנצחת נספי הדרך",1
"קביעת יום ציון ממלכתי לעליית יהודי צפון אפריקה",1
"קביעת יום ציון ממלכתי לעליית קהילה ולנספיה",1
"קביעת יום ציון ממלכתי לערכי הדמוקרטיה",1
"קביעת יום ציון ממלכתי לרמת הגולן",1
"קביעת יום ציון שנתי לבריאות הלב",1
"קביעת יום ציון שנתי למאבק בגזענות",1
"קביעת יום ציון שנתי למודעות ליתר לחץ דם",1
"קביעת יום ציון שנתי למודעות לתרומת איברים",1
"קביעת יום ציון שנתי לעליית יהודי תימן והנספים בדרך",1
"קביעת יום ציון שנתי לעליית יהודי תימן ולזכר הנספים",1
"קביעת יום ציון שנתי ממלכתי לפרשת ילדי תימן, המזרח והבלקן",1
"קביעת ימי זיכרון ופעילות חינוכית ממלכתית לאישים",1
"קביעת יעדים ממשלתיים מחייבים להפחתת פליטות גזי חממה",1
"קביעת לוחות זמנים מחייבים לטיפול בבקשות להטבות ניידות",1
"קביעת לוחות זמנים מקסימליים לשירותי רפואה",1
"קביעת מדד רשמי לקיום אנושי בכבוד",1
"קביעת מועד בחינת הסמכה למתמחים בעקבות קיצור התמחות",1
"קביעת מועד בחירות לרשויות בקו העימות",1
"קביעת מועד יום העצמאות",1
"קביעת מועדי חופשות הלימודים במוסדות החינוך בחוק",1
"קביעת מועדי ערעור על החלטות רשם הקניין הרוחני בחקיקת משנה במקום בחוק",1
"קביעת מכסת תקני שפיטה מינימלית ביחס לאוכלוסייה",1
"קביעת מסגרת זמנים למענה לשכת עורכי הדין על בקשות לאימון מתמחים",1
"קביעת מעמד חולה נוטה למות וגמישות בקריטריונים רפואיים",1
"קביעת מקום הפקת רווח הון ממכירת נכס דיגיטלי",1
"קביעת עבירת נהיגה תחת השפעת קנאביס",1
"קביעת עונש מינימום לעבירת דמי חסות",1
"קביעת עונשי מינימום בעבירות פליליות",1
"קביעת ריבית ברירת מחדל שקלית",1
"קביעת רף חסימה באחוזים לבחירת רבנים ראשיים",1
"קביעת רף עבירת נהיגה תחת השפעת קנאביס",1
"קביעת רצפת תקציב מינימלית לתקציב הביטחון",1
"קביעת שווי שימוש מוטב לאופנועים",1
"קביעת שווי שימוש נפרד לאופנועים",1
"קביעת שיעור תקציב ההתאמות והסדרת אופן השימוש בו",1
"קביעת שכר טרחת עורך דין בהוצאה לפועל",1
"קביעת שעון קיץ קבוע וביטול שעון חורף",1
"קביעת תעריפי מים לחקלאות ומדיניות סבסוד",1
"קביעת תעריפי מים לחקלאות ומנגנוני הפחתה",1
"קביעת תעריפי מים לחקלאות ומנגנוני פיקוח",1
"קביעת תעריפי מים לחקלאות ופיקוח עליהם",1
"קביעת תפריט תזונתי אחיד ובריא בידי ועדה מקצועית",1
"קביעת תפריט תזונתי אחיד ובריא על ידי ועדה מקצועית",1
"קביעת תפריט תזונתי אחיד ומפוקח על ידי ועדה מקצועית",1
"קביעת תקן הכליאה בבתי הסוהר",1
"קביעת תקן כליאה מרבי",1
"קדימות בהכשרה מקצועית למשפחות עובדות מעוטי הכנסה",1
"קדימות במעונות יום והקלות בדמי אחזקה למשפחות מעוטי הכנסה",1
"קדימות במעונות יום למשרתי מילואים",1
"קדימות בקבלה למעון יום למשרתי מילואים",1
"קדימות בתור לשירות ציבורי לאנשים עם מוגבלות",1
"קדימות בתור לשירות ציבורי ללוחמים",1
"קדימות בתורים לטיפולי שיניים למשרתי מילואים",1
"קדימות והשתתפות בתכניות דיור ממשלתיות למשרתים",1
"קדימות ולוחות זמנים בהליכים פליליים לקטינים נפגעי עבירות חמורות",1
"קדימות וסבסוד שכר לימוד במעונות יום למשרתי מילואים",1
"קדימות למעונות יום וסבסוד למשרתי מילואים",1
"קובלנה פלילית בעבירות סדר ציבורי",1
"קובלנה פלילית בעבירות שכר מינימום",1
"קובלנה פלילית ופיצוי עונשי על עבירות שכר מינימום",1
"קיבוע שיעור הפטור על קצبות פנסיה",1
"קידום ביטחון תזונתי ומפעלי הזנה ממלכתיים",1
"קידום דיור בר השגה באזורים בעודפי ביקוש",1
"קידום הליכים נגד ישראלים בבית הדין הפלילי הבינלאומי בידי הרשות הפלסטינית",1
"קידום יישובים חדשים בוותמ״ל",1
"קיום דיון בדלתיים סגורות בעדות שנושאה מידע חסוי שהוסר",1
"קיום דיוני הכרעת דין וגזירת דין בהיוועדות חזותית בהסכמה",1
"קיום דיוני תחילת משפט בהיוועדות חזותית בעת חירום",1
"קיום דיונים בבתי הדין הרבניים בעת מצב חירום מיוחד",1
"קיום דיונים בהיוועדות חזותית לאסירים ביטחוניים",1
"קיום דיונים בהיוועדות חזותית ללא נוכחות הכלוא או סניגורו",1
"קיום דיונים בהיוועדות חזותית לעצורים ואסירים",1
"קיום דיונים בהיוועדות חזותית לעצורים ואסירים בחירום",1
"קיום דיונים משפטיים בהיוועדות חזותית לעצורים",1
"קיום דיונים משפטיים בהיוועדות חזותית לעצורים ואסירים",1
"קיום דיונים משפטיים בנוכחות חזותית לכלואים",1
"קיום משאל עם להקמת ועדת חקירה ממלכתית",1
"קיום פגרת הכנסת בעת מלחמה",1
"קיומה וסמכויותיה של רשות ממשלתית לעניין התיישבות הבדואים בנגב",1
"קיומו של משפט חוזר בהליך אזרחי",1
"קיומן של מועצות ייצור חקלאיות סטטוטוריות",1
"קיזוז דמי אבטלה מול קצבאות קיום",1
"קיזוז הוצאות החזקת אסירים ביטחוניים מכספי הרשות הפלסטינית",1
"קיזוז הוצאות המדינה בגין נזקי טרור מהכספים המועברים לרשות הפלסטינית",1
"קיזוז הוצאות המדינה בגין נזקי טרור מכספי הרשות הפלסטינית",1
"קיזוז הכנסות מעבודה מקצבת הבטחת הכנסה להורים עצמאיים",1
"קיזוז הכנסות שאינן מעבודה מקצבת נכות",1
"קיזוז כספי הרשות הפלסטינית בגין פנייה לבית הדין הבינלאומי",1
"קיזוז כספי הרשות הפלסטינית לצורך פיצוי בעלי רכבים גנובים",1
"קיזוז מס למעסיקי משרתי מילואים",1
"קיזוז עלויות טיפול רפואי במחבלים מכספי הרשות הפלסטינית",1
"קיזוז עלויות טיפולים רפואיים לאסירים ביטחוניים מכספי הרשות הפלסטינית",1
"קיזוז קנסות תעבורה של תושבים פלסטינים מכספי הרשות הפלסטינית",1
"קיזוז קצבאות והטבות לניצולי שואה",1
"קיזוז קצבאות שאירים מול תגמולים לפי חוקי השיקום והאיבה",1
"קיזוז תגמולי נפגעי איבה לתושבי הרשות הפלסטינית מהכספים המועברים לרשות",1
"קיצור הליך הרחקה למשתתפים במשטים לעזה",1
"קיצור הליכי רישוי וסרת חסמים לבניית מרחבים מוגנים",1
"קיצור זמן המענה לפניות ציבור",1
"קיצור זמני מענה לפניות ציבור",1
"קיצור יום עבודה בחודש הרמדאן לעובדים מוסלמים",1
"קיצור לוחות הזמנים להרכבת ממשלה",1
"קיצור לוחות זמנים ומתן עדיפות לחברי הכנסת בחוק חופש המידע",1
"קיצור לוחות זמנים ופטור מאגרות לחברי הכנסת בחוק חופש המידע",1
"קיצור לוחות זמנים להרחבת הסכמים קיבוציים במצבי חירום ומלחמה",1
"קיצור מועד מענה של רשויות ציבוריות לפניות הציבור",1
"קיצור מועדי בחירות ולוחות זמנים לבחירות מוקדמות",1
"קיצור מועדים להרחבת הסכמים קיבוציים במצב מיוחד בעורף",1
"קיצור משך מעצר הימים לצורכי חקירה",1
"קיצור משך מעצר ימים לצרכי חקירה",1
"קיצור משכי הזמן לצווים ולמפגש עם עורך דין במעצר לוחמים בלתי חוקיים",1
"קיצור תקופות האכשרה לקצבת נכות לעולים",1
"קיצור תקופת הבחירות והליך מסירת תוצאותיהן",1
"קיצור תקופת הבחירות לאחר התפזרות הכנסת",1
"קיצור תקופת הגשת תביעות חוב בפירוק מרצון",1
"קיצור תקופת ההגדרה של פיקדון ללא תנועה",1
"קיצור תקופת החזר של הלוואה לדיור",1
"קיצור תקופת החיסכון בקרן השתלמות למשיכה פטורה ממס",1
"קיצור תקופת החיסכון לפטור ממס במשיכת קרן השתלמות",1
"קיצור תקופת הרכבת הממשלה",1
"קיצור תקופת השכירות לקרנות השקעה במקרקעין לצורך הטבות מס",1
"קלון של נבחרי ציבור",1
"קלפיות חיילים והרכב ועדות בבחירות נדחות",1
"קנס חובה בעקבות הרשעה בעבירות טרור",1
"קנס חובה למורשעים בעבירות טרור",1
"קנס מינימלי בעבירות נשק",1
"קנס מינימלי בעבירת גניבת נשק",1
"קצבת אזרח ותיק לנכים בגיל פרישה",1
"קצבת גישור ומסלולים מיוחדים בשירותי הביטחון",1
"קצבת ילדים בלידה מרובת עוברים",1
"קצבת לידה להורים לתאומים",1
"קצבת מינימום לאזרחים ותיקים",1
"קצבת פרישה לכלבים בשירות ביטחון",1
"קצבת פרישה לכלבים ששרתו במערכת הביטחון",1
"קצבת שירותים מיוחדים וגמלת ילד נכה למעסיקי שני מטפלים",1
"קצובת כהונה, סייגים והסדרת ניגוד עניינים בוועדות פסיכיאטריות",1
"קציבת זמן לסמכות בתי דין רבניים בעניינים נלווים לגירושין",1
"קציבת כהונה ליועץ משפטי ברשות מקומית",1
"קציבת כהונת רבני עיר",1
"קציבת עונש בגין רצח בן משפחה",1
"קציבת תקופת כהונה לשופטי בית המשפט העליון",1
"קציבת תקופת כהונה לשופטי בית המשפט העליון ולנשיאו",1
"קריטריונים והבניית שיקול דעת בהתאמת מאמצים",1
"קריטריונים ומבחני זכאות להלוואות לדיור",1
"קריטריונים לאשכול סוציו-אקונומי להטבות מס ליישובים מוטבים",1
"קריטריונים להגדרת לקוח כשיר",1
"קריטריונים להטלת התפקיד להרכבת ממשלה",1
"קריטריונים לזכאות לקצבת נכות לעקרות בית",1
"קריטריונים לסבסוד מעונות יום וקדימות בקבלה",1
"קריטריונים לקצבת נכות לעקרות בית",1
"קריטריונים לרישום יהודי במרשם האוכלוסין",1
"קרן ייעודית לנטיעת עצים והקצאת כספים",1
"קרן תרומת ימי מחלה בין עובדים",1
"רגולציה ארצית על סככות המתנה בתחנות אוטובוס",1
"רגולציה ואחידות של סככות המתנה בתחנות אוטובוס",1
"רגולציה ודיווח מופחת לעסקים זעירים",1
"רגולציה ופיקוח על הצבת מכשירי החייאה במקומות ציבוריים",1
"רגולציה ופיקוח על מערכות מים אפורים",1
"רגולציה ופיקוח על משק החלב",1
"רגולציה ורישוי של מערכות מים אפורים",1
"רגולציה ורישוי של מתקיני מונים במוניות",1
"רגולציה ורישום של מוצרים ביוצידיים",1
"רגולציה ותנאי הפעלה של מעונות סטודנטים",1
"רגולציה על רכישת מכשירים רפואיים מיוחדים",1
"רגולציה של שימוש בבוטים בתעמולת בחירות",1
"רוב דרוש לבחירת שופטים וסדרי עבודת הוועדה",1
"רוב דרוש לעסקת פינוי ובינוי במבנה מסוכן",1
"רוב נדרש לבחירת נשיא בית המשפט העליון",1
"רוב נדרש לבניית ממ""ד בבית משותף מורכב",1
"רוב נדרש להדחת חבר כנסת",1
"רוב נדרש להתפזרות הכנסת",1
"רוב נדרש להתקנת מעלית בבית משותף עבור אזרחים ותיקים ואנשים עם מוגבלות",1
"רוב נדרש לפסילת רשימות ומועמדים לכנסת וערעור עליה בבית המשפט העליון",1
"רחצה נפרדת באתרי טבע",1
"ריבית ברירת מחדל בפסיקה",1
"ריבית על יתרת זכות בעובר ושב",1
"ריכוז סמכות פסילת חוקים בבית המשפט העליון בהרכב מורחב",1
"ריכוז סמכות קביעת שכר נושאי משרה ברשויות השלטון בוועדה ציבורית",1
"רישוי אתרי טיפול בפסולת בניין",1
"רישוי אתרים לטיפול בפסולת בניין",1
"רישוי הפגנות מול מתן הודעה מוקדמת",1
"רישוי ואסדרה של שירותי תשלום חוץ-בנקאיים",1
"רישוי והסדרת העיסוק בהפעלת שירות מעלית",1
"רישוי והסדרת העיסוק במערכות קירור ומיזוג אוויר",1
"רישוי והסדרת עיסוק מורשי בטיחות לאירועים מרובי קהל",1
"רישוי והסדרת פעילות חברות ניהול בניינים",1
"רישוי וזיהוי של כלים ממונעים קלים",1
"רישוי ופטורים במשק החשמל",1
"רישוי ופיקוח על סדנאות לשיפור כלי רכב",1
"רישוי ופיקוח על ספקי שירותי אבטחה",1
"רישוי ופיקוח על רחפנים בעלי יכולת נשיאה",1
"רישוי ופיקוח על שירותי מסחר בניירות ערך",1
"רישוי חברות ביטוח זרות",1
"רישוי טורנירי פוקר והגבלתם להתאחדות מוכרת",1
"רישוי לשכות פרטיות לתיווך עבודה",1
"רישוי מחקר בקנאביס רפואי",1
"רישוי מכשירים רפואיים מיוחדים",1
"רישוי מכשירים רפואיים מיוחדים בבתי חולים ציבוריים",1
"רישוי מקצועות בריאות לבוגרי הכשרה מקצועית בישראל",1
"רישוי מתקיני מונים במוניות וחובותיהם",1
"רישוי סוכני דוגמנים",1
"רישוי ספקי שירותי אבטחה ושמירה",1
"רישוי עובדים בייעוץ מוצרי ביטוח ארוכי טווח",1
"רישום אבהות ומעמד משפטי ליילוד מנפטר",1
"רישום בן או בת זוג כהורה במרשם האוכלוסין",1
"רישום הורה שאינו ביולוגי במרשם האוכלוסין",1
"רישום העברת נכס בטאבו בהיעדר מענה מהעירייה",1
"רישום הצבת כוורות במקרקעין שאינם מקרקעי ציבור",1
"רישום והזנקת כונני רפואה ממד״א ומארגוני עזר על בסיס מקצועי בלבד",1
"רישום והסדרה של זכויות מקרקעין והחלת תקנת השוק באזור יהודה והשומרון",1
"רישום כוורות במקרקעין שאינם מקרקעי ציבור",1
"רישום לאום ארמי",1
"רישום לאום ארמי במרשם האוכלוסין",1
"רישום למסחר של חברות דואליות בעלות סוגי מניות שונים",1
"רישום מין אדם בתיעוד ממשלתי על בסיס ביולוגי אובייקטיבי בלבד",1
"רישום מען באמצעות נקודת ציון גאוגרפית",1
"רישום מרكזי למוסדות להשכלה גבוהה",1
"רישום סוג דם ברישיון נהיגה",1
"רישום פטירה והנפקת תעודת פטירה לחטופים שנרצחו מחוץ לישראל",1
"רישום פרטי ילד שנפטר בתעודת הזהות",1
"רישום ציוד רפואי המאושר באיחוד האירופי",1
"רכישת מקרקעין בידי ישראלים ביהודה והשומרון",1
"רכישת מקרקעין ביהודה והשומרון בידי יחידים",1
"רכישת תכשירים רפואיים בידי קטינים",1
"רכישת תרופות מרשם על ידי קטינים מגיל 15 ללא נוכחות בגיר",1
"רמת הוכחה בחילוט לפי חוק המאבק בארגוני פשיעה",1
"רף הפטור ממכס על יבוא אישי לנוסעים",1
"רף תמיכה מינימלי לבחירת רבנים ראשיים ומועמדים למועצה",1
"רפורמה במערך הכשרות",1
"רפורמת מיסוי לעידוד השקעות ומיזוגים בתעשיית ההייטק",1
"רציפות הסכם קיבוצי בחילופי מעסיקים ובשוק העבודה השניוני",1
"רצף טיפולי והחלפת תרופות וטיפולים רפואיים",1
"רצף טיפולי ותנאים להחלפת טיפול או תרופה",1
"רשות ערעור למדינה על זיכוי בפלילים",1
"רשות ערעור למדינה על זיכוי פלילי",1
"רשות ערעור למדינה על פסק דין פלילי",1
"רשות ערעור למדינה על פסקי דין פליליים",1
"רשת ביטחון ופיצוי לעצמאים בעת אירוע חירום",1
"רשת ביטחון כלכלית לעצמאים בשעת חירום",1
"רשת ביטחון סוציאלי לעצמאים התלויים במזמין עבודה יחיד בחדלות פירעון",1
"שבוע עבודה מקוצר וסופי שבוע ארוכים",1
"שדרוג מכללת תל חי לאוניברסיטה",1
"שווויון בתקציב מלגות לסטודנטים",1
"שוויון זכויות לעדה הדרוזית בחוק יסוד",1
"שוויון מגדרי בתהליכי מיון, שיבוץ, תקינה והכשרה בצהל",1
"שוויון מגדרי בתנאי השירות והמיון בצה״ל",1
"שותפות שר הפנים בניהול קרן לשמירת הניקיון",1
"שחרור ומעבר ספורטאים בוגרים בין אגודות ספורט",1
"שחרור מהתחייבויות בהסכמים מדיניים עקב הפרה",1
"שחרור מוקדם למורשעים בעבירות טרור",1
"שחרור מוקדם של אסירים במאסרים קצרים",1
"שחרור ספורטאים בוגרים ממעבר בין אגודות",1
"שיבוץ מחדש של משרתי מילואים שלא נקראו לשירות",1
"שידור חי של דיונים משפטיים",1
"שיווק מגרשים ביישובים דרוזים",1
"שיטת בחירת חברי המועצה הדתית",1
"שיטת הגדרת גבולות הנגב",1
"שיטת המיסוי על טבק ומוצריו",1
"שיטת חישוב דמי חניה ופטור לחניה קצרה",1
"שיטת חישוב דמי חניה ותמחור בחניונים",1
"שיטת חישוב עדכון תעריפי הארנונה",1
"שיטת מינוי יועצים משפטיים במשרדי הממשלה",1
"שיטת מינוי יועצים משפטיים במשרדי ממשלה",1
"שיטת מינוי שופטים לבית המשפט העליון",1
"שיטת קביעת הרכבים בבית המשפט העליון",1
"שיטת תקצוב שירותי חינוך מיוחד",1
"שילוב ארגוני חברה אזרחית בגיבוש חלופות מדיניות",1
"שילוב בוגרי ישיבות בתעסוקה והעברת מידע",1
"שילוב הלוואות זכאות ממשלתיות עם אשראי נוסף",1
"שילוב חברי כנסת ואנשי צבא בהרכב ועדת חקירה ממלכתית",1
"שילוב חגי המיעוטים בלוח השנה האקדמי וזכויות סטודנטים",1
"שילוב חופש ההפגנה בשיקולי הרשות המקומית",1
"שילוב חינוך פיננסי במטרות מערכת החינוך",1
"שילוב יעדי תחבורה ירוקה ועירוב שימושים בהתחדשות עירונית",1
"שילוב מועצה מלווה מטעם האקדמיה במוסדות להשכלה גבוהה ובוועדה לתכנון ולתקצוב",1
"שילוב מפעלים מוגנים ביעדי העסקת אנשים עם מוגבלות",1
"שילוב נושא מניעת חרם חברתי בחוק זכויות התלמיד",1
"שילוב נציגות ציבור נשים בבתי הדין הרבניים",1
"שילוב נציגי ביטחון לאומי בוועדות מחוזיות לתכנון ובנייה",1
"שילוב נציגי משפחות שכולות כמפקחים בוועדת חקירה",1
"שילוב סנקציה תקציבית בגין אפליה ברישום תלמידים במוסדות חינוך",1
"שילוב עבירת דמי חסות במסגרת חוק מאבק בארגוני פשיעה וחוק איסור הלבנת הון",1
"שילוב עיוורים בהסכם גמלת הניידות",1
"שילוב עסקים קטנים ובינוניים במכרזים ציבוריים",1
"שילוב קצבת נכות וקצבת אזרח ותיק בגיל פרישה",1
"שילוב שימושי מגורים ומסחר בפרויקטים מלונאיים",1
"שילוב שיקולי ביטחון תזונתי ותזונה בריאה בחוק עידוד השקעות הון בחקלאות",1
"שילוב שיקולי הגנת הצרכן ומחיר סופי באמות מידה למכרזים ציבוריים",1
"שילוב שיקולים כלכליים ותקציביים בהנחיות אבטחה בגופים ציבוריים",1
"שילוב שיקולים סביבתיים במתן הטבות ממשלתיות לתעשייה",1
"שילוב שיקולים סביבתיים ואתיים בהשקעות קרן עושר",1
"שילוב תלמידי ישיבות חרדיות במסלול שירות משולב",1
"שילוב תלמידים עם צרכים מיוחדים בתנועות נוער",1
"שיללת הכרה ממכינות קדם-צבאיות בשל עידוד סירוב פקודה והסתה",1
"שיללת תקצוב למוסדות חינוך המפלים תלמידים",1
"שימוע ואישור פרלמנטרי למינוי שופטי בית המשפט העליון",1
"שימוע פרלמנטרי למועמדים לתפקידים בכירים",1
"שימור הטבות נלוות למקבלי קצבאות בעת שינוי סוג קצבה",1
"שימור קצבת נכות וילד נכה למעסיקי שני מטפלים",1
"שימוש בחומר חסוי בהליכים אזרחיים ופליליים",1
"שימוש בחומר חסוי בהליכים אזרחיים־פליליים למניעת פרסומים",1
"שימוש בחומר חסוי והצגת ראיות שאינן קבילות בהליכי הסרת תוכן",1
"שימוש בכוח סביר לנטילת אמצעים ביומטריים מסרבנים",1
"שימוש במרבב בודד והפצה במצב ביניים",1
"שימוש בנכסים ומידע של הרשות המקומית לצורכי הסברה ותעמולה",1
"שימוש בסוסים לפיזור התקהלויות",1
"שימוש בפיקדון אישי לטיפול נפשי",1
"שימוש בשם בנק הדואר לאחר הפרטה",1
"שימוש טכנולוגי ובדיעבד במידע הנאגר במערכות צילום מיוחדות",1
"שינוי הוועדה המפקחת על עבירות נשק",1
"שינוי המונח נכה למונח אדם עם מוגבלות בחוק הביטוח הלאומי",1
"שינוי כינוי דיין הוצאה לפועל לרשם הוצאה לפועל",1
"שינוי מעמד ירושלים בחוקי היסוד",1
"שינוי שם הרשות והרחבת מטרותיה לשוויון מגדרי",1
"שינוי שם הרשות ומנדט הקידום ממעמד האישה לשוויון מגדרי",1
"שינוי שם חוק יישום תוכנית ההתנתקות",1
"שינוי שם משפחה של קורבנות רצח במשפחה",1
"שינוי שם משפחה של קורבנות רצח במשפחה לאחר מותם",1
"שינוי תואר רשם בכיר לשופט משנה",1
"שינוי תואר רשמי ההוצאה לפועל לשופטי אכיפה",1
"שינוי תוארו של רשם בכיר לשופט משנה",1
"שיעור דמי ביטוח בריאות",1
"שיעור היטל השבחה ביישובים חלשים",1
"שיעור המס על הכנסה מהשכרת דירות מגורים לבעלי דירות מרובות",1
"שיעור המס על תגמול מילואים נוסף",1
"שיעור המס על תגמולי מילואים",1
"שיעור המס על תגמולי מילואים נוספים",1
"שיעור הריבית בגין פיגור בתשלומי חובה לרשויות המקומיות",1
"שיעור השתתפות אוצר המדינה בביטוח הלאומי",1
"שיעור מימון מרבי להלוואות דיור לדירה יחידה",1
"שיעור מימון מרבי להלוואת דיור לרוכשי דירה ראשונה",1
"שיעור מס אפס על מכירת טובין למלכ""ר המיועדים לתרומה לכוחות הביטחון וההצלה",1
"שיעור מס הכנסה למשתכרים בשכר נמוך",1
"שיעור מס חברות",1
"שיעור מס ערך מוסף על מוצרי מזון בסיסיים",1
"שיעור מס קנייה על רכב חשמלי",1
"שיעור מס רווחי הון",1
"שיעור מס רווחי הון ליחיד",1
"שיעור מעם מופחת על מוצרי מזון בסיסיים",1
"שיעור מע״מ מופחת על מוצרי מזון בסיסיים",1
"שיעור קצבת אזרח ותיק",1
"שיעור ריבית פיגורים ומסלול גביה לחובות אגרה",1
"שיעור ריבית פיגורים ומסלול גבייה לחובות כביש אגרה",1
"שיעור תוספת פיגור ומנגנון חישוב לקנסות שלא שולמו",1
"שיעור תוספת פיגור על אי-תשלום קנסות מנהליים",1
"שיעורי דמי ביטוח בריאות",1
"שיעורי מס הכנסה ליחידים",1
"שיעורי מענקים להשקעות הון בחקלאות",1
"שיפוי מועמדים בגין דחיית בחירות",1
"שיפוי מעסיקים בגין הפרשות פנסיוניות בתקופת לידה והורות ושמירת היריון",1
"שיפוי מעסיקים בגין תשלומים נלווים בתקופת שירות מילואים",1
"שיפוי מעסיקים על הפרשות פנסיוניות בשירות מילואים חירום",1
"שיפוי רשויות מקומיות בגין הנחות ופטורים מארנונה",1
"שיקול דעת בית המשפט בביטול הגבלת חשבון",1
"שיקול דעת ועדת הכספים באישור מוסדות ציבוריים לעניין הטבות מס",1
"שיקול דעת שיפוטי בביטול הגבלת חשבון בנסיבות מיוחדות",1
"שיקולי ביטחון מזון בהפעלת סמכויות וטרינריות",1
"שיקולי הוועדה המוניטרית לגבי ריבית עובר ושב",1
"שיקולי הוועדה המוניטרית לעניין ריבית עובר ושב",1
"שיקולי ענישה בעבירות טרור",1
"שיקולים בסגירת סניפי בנק",1
"שיקולים מתן תעודת כשרות",1
"שיקולים ערכיים ובינלאומיים ברישוא ייצוא ביטחוני",1
"שיקום שכונות דרום תל-אביב והכרזתן אזור עדיפות לאומית",1
"שירות דיווח טלפוני על עבירות נהגי אוטובוס",1
"שירות מילואים אזרחי לבוגרי שירות לאומי ואזרחי בעתות חירום",1
"שירות צבאי או לאומי כתנאי כשירות למשרות רבניות ודיינות",1
"שירותי בריאות נפש ורווחה במוסדות חינוך באזורי עימות",1
"שירותי ייעוץ ותמיכה אקדמית בשפה הערבית לסטודנטים ערבים",1
"שירותי תמיכה וייעוץ אקדמי בשפה הערבית לסטודנטים ערבים",1
"שיתוף מידע ובדיקת פנקסים בעבירות דמי חסות",1
"שיתוף מידע ופנקסים בין משטרה לרשות המסים",1
"שיתוף מידע ופעולות אכיפה משולבות נגד חשודים בדמי חסות",1
"שכר חיילים בשירות סדיר",1
"שכר טרחת עורך דין בהוצאה לפועל",1
"שכר לימוד לסטודנטים זכאי חוק השבות שאינם תושבי ישראל",1
"שכר מינימום לבני נוער",1
"שכר מינימום לחיילים לוחמים בשירות סדיר",1
"שכר מינימום לעובדים צעירים",1
"שכר מינימום לעובדים קטינים",1
"שליטה ופיקוח על בחינות ההסמכה במקצועות חופשיים",1
"שלילת אזרחות ותושבות לפעילי טרור המקבלים תגמול",1
"שלילת אזרחות ותושבות לפעילי טרור מקבלי תגמול",1
"שלילת אזרחות ותושבות עקב זיקה לרצועת עזה",1
"שלילת אפוטרופסות בעקבות הרשעה בעבירות אלימות ומין",1
"שלילת אפוטרופסות בשל עבירות מין",1
"שלילת אפוטרופסות בשל עבירות מין במשפחה",1
"שלילת אפוטרופסות בשל עבירות מין כלפי קטינים",1
"שלילת אפוטרופסות וזכויות הורות עקב אלימות במשפחה",1
"שלילת אפוטרופסות להורה המואשם או מורשע ברצח בן זוג או ילד",1
"שלילת אפוטרופסות להורה שהורשע או הואשם ברצח בן משפחה",1
"שלילת ביקורים מאסירים ביטחוניים בשל החזקת חטופים",1
"שלילת ביקורים מאסירים ביטחוניים המשתייכים לארגון טרור",1
"שלילת ביקורים, חופשות, שחרור מינהלי ותוכניות שיקום מאסירים ביטחוניים",1
"שלילת גמלאות עקב פגיעה בסמלי המדינה",1
"שלילת גמלת הבטחת הכנסה בשל פעילות טרור של בן זוג",1
"שלילת הגנות במשפט פלילי בעבירת עינויים",1
"שלילת הגנות משפט פלילי ומצבי חירום בעבירת עינויים",1
"שלילת הטבות וזכויות מבכירים לשעבר בשל התנהגות ציבורית",1
"שלילת הטבות ופנסיה מבכירי מערכת הביטחון בגין התבטאויות וקריאה לסרבנות",1
"שלילת הטבות ופנסיה מבכירי מערכת הביטחון עקב התבטאויות וקריאה לסרבנות",1
"שלילת הטבות ופנסיה מבכירי מערכת הביטחון עקב התבטאויות וקריאה לסרבנות או סנקציות",1
"שלילת הטבות מס למוסדות המעודדים השתמטות משירות ביטחון",1
"שלילת הכרה ותגמולים מבן משפחה של חלל מערכה במקרים של ניכור",1
"שלילת הכרה ותגמולים מבני משפחה מנוכרים של חללים",1
"שלילת השכלה, שיקום וחופשות לאסירים ביטחוניים",1
"שלילת ועיכוב קצבאות לחוץ לארץ מפעילי טרור שאינם תושבים",1
"שלילת זכאות לביקורים, חופשות, שחרור מינהלי ושיקום לאסירים ביטחוניים",1
"שלילת זכאות לסל עזיבה למעורבים בעבירות ביטחון",1
"שלילת זכאות לפרס ממשלתי בשל קריאה לחרם",1
"שלילת זכויות יתר מאסירים ביטחוניים",1
"שלילת זכויות סוציאליות וגמלאות מילוד שנוצר מזרע נפטר",1
"שלילת זכויות סוציאליות ושירותי בריאות ממעורבים בטרור ובני משפחותיהם",1
"שלילת זכויות סוציאליות למעורבים בטרור ובני משפחתם",1
"שלילת זכויות רכושיות של רוצח בן זוג",1
"שלילת זכות הודעה מוקדמת לפיטורים בשל עבירות טרור",1
"שלילת זכות ירושה בשל גרימת מות המוריש ללא דרישת הרשעה פלילית",1
"שלילת זכות עמידה בבגץ למתגמלי טרור",1
"שלילת חסינות מדינות זרות תומכות טרור בתביעות אזרחיות",1
"שלילת יחסי עבודה בהתקשרויות עם עוסקים זעירים",1
"שלילת יחסי עבודה והעברת סמכות שיפוט לעסקה זעירה",1
"שלילת מימון ממפלגה הקוראת לחרם",1
"שלילת סיוע משפטי מסרבני גט",1
"שלילת פטור מבחינה למי שנכשל בה",1
"שלילת פטור ממס על השכרת דירה לשוהים בלתי חוקיים",1
"שלילת פיצויי פיטורים עקב מעשה טרור",1
"שלילת קצבאות בגין מעשה טרור או עבירות לאומניות",1
"שלילת קצבאות ביטוח לאומי למורשעים בעבירות טרור ורצח לאומני",1
"שלילת קצבאות ביטוח לאומי ממורשעים בעבירות טרור",1
"שלילת קצבאות ביטוח לאומי ממורשעים בעבירות טרור חמורות",1
"שלילת קצבאות בשל מעורבות עורף או ילדים בטרור",1
"שלילת קצבאות מחוץ לישראל לפעילי טרור שאינם תושבים",1
"שלילת קצבאות ממשפחות פעילי טרור המקבלים תגמול מהרשות הפלסטינית",1
"שלילת קצבאות ממשפחות פעילי טרור המקבלים תשלומים מהרשות הפלסטינית",1
"שלילת קצבאות מתושבי רצועת עזה",1
"שלילת קצבאות פנסיה וביטוח עקב מעשה טרור",1
"שלילת רישום ממפלגות התומכות בטרור",1
"שלילת רישיונות ישיבה למעורבים בטרור ובני משפחתם",1
"שלילת תואר אקדמי בשל מעורבות בטרור או הזדהות עמו",1
"שלילת תחולת יחסי עבודה בהתקשרות עם עוסקים זעירים",1
"שלילת תמיכות ממשלתיות מגופי ספורט בשל תרומות מישויות זרות תומכות טרור",1
"שלילת תמיכות ממשלתיות ממוסדות בגין הסתה להשתמטות",1
"שלילת תקצוב למוסדות חינוך המלמדים הסתה לטרור",1
"שלילת תקצוב מוסדות חינוך בגין הפליה ברישום",1
"שלילת תקצוב ממוסדות חינוך המפלים תלמידים",1
"שלילת תקצוב ממוסדות חינוך עקב הזדהות עם טרור",1
"שלילת תקצוב ממוסדות חינוך עקב הסתה או קריאה להשתמטות מצד ראש המוסד",1
"שלילת תקציב ממשלתי ממוסד חינוך המפלה תלמידים",1
"שלילת תשלומים מחבר כנסת החשוד בעבירת ביטחון",1
"שמה הרשמי של מלחמת 2023",1
"שמירה דיגיטלית וסריקה של מסמכים ארכיוניים",1
"שמירה על ערוצי שירות לא דיגיטליים",1
"שמירת דגימות רפואיות של נפגעי עבירות מין",1
"שמירת דגימות רפואיות-פורנזיות של נפגעי עבירות מין",1
"שמירת זכאות לגמלת סיעוד לאחר פטירת בן זוג",1
"שמירת זכאות לקצבת שאירים בעת נישואין מחדש",1
"שמירת זכויות אדם בסירוב להעברת מידע רפואי לצורך מיצוי זכויות",1
"שמירת זכויות פנסיוניות וכיסוי ביטוחי למשרתי מילואים",1
"שמירת טביעות אצבע חובה במאגר הביומטרי ומניעת מחיקתן",1
"שמירת מידע שנאסף ממערכות כטב""מ ושימוש בו",1
"שמירת מספר טלפון של חללים ונפגעי פעולות איבה",1
"שמירת פרטי הורים ביולוגיים במרשם האוכלוסין לאחר אימוץ קטין יתום",1
"שמירת פרטי מעוכבים במאגר מידע משטרתי",1
"שמירת קצבת שאירים לאלמנה שנישאה מחדש כשיש עמה ילדים",1
"שמירת קצבת שארים באלמנות לאחר נישואין מחדש",1
"שמירת קצבת שארים בנישואים חוזרים",1
"שמירת שיקול דעת השרים במינוי דירקטורים מחוץ לנבחרת",1
"שמירת תמונות פנים במאגר הביומטרי במסגרת הליך מקוון",1
"שעות היעדרות לבדיקות רפואיות בהיריון בסיכון",1
"שעות היעדרות לבדיקות רפואיות בהריון בסיכון",1
"שעות היעדרות לבדיקות רפואיות בהריון בסיכון רב",1
"שעות היעדרות לתשלום בגין הריון בר-סיכון",1
"שעות היעדרות מהעבודה לבדיקות רפואיות בהריון בסיכון",1
"שעות הצבעה מוקדמת לחיילים",1
"שעות לימוד במסגרת תכנית אופק חדש",1
"שעות פתיחת הקלפיות ופיצול קלפיות גדולות",1
"שעות קבלת קהל במשרדי הממשלה",1
"שעות רחצה נפרדות באתרי טבע",1
"שעת הורות לאלמנים ואלמנות של חללים ונפגעי פעולות איבה",1
"שעת שאלות לראש הממשלה",1
"שפות חובה בעלון לצרכן של תכשירים רפואיים",1
"שפיטות עילת הסבירות בהחלטות ממשלה ונבחרי ציבור",1
"שפת ההוראה במוסדות חינוך וחובת לימוד ערבית מדוברת",1
"שקילת עבר פלילי והגבלת מעסיקים בקבלת החלטות העסקה",1
"שקיפות החלטות הרשות הממשלתית למים ולביוב",1
"שקיפות הליכי שומה וגביה ממשאבי טבע",1
"שקיפות הצבעת חברי הכנסת בבחירת בעלי תפקידים ונציגים",1
"שקיפות ואיסוף נתוני תחבורה ציבורית",1
"שקיפות וגילוי נאות בשימוש באמצעים אוטומטיים בפעילות פוליטית מקוונת",1
"שקיפות וגישה למסמכי תאגידים עירוניים לחברי מועצת העיר",1
"שקיפות ודיווח על הסכמים פוליטיים",1
"שקיפות ודיווח על העסקת יועצים חיצוניים לנבחרי ציבור בכירים",1
"שקיפות ודיبוח ציבורי על גיוון במינוי שופטים",1
"שקיפות והגבלת הקצאת כספים קואליציוניים לגופים ציבוריים",1
"שקיפות וזכות עיון במבחני נהיגה מעשיים",1
"שקיפות וזכות ערר בהחלטות כריתת עצים",1
"שקיפות וטיפול ממשלתי בנפגעי כתות",1
"שקיפות ומדידת עמידת מעסיקים פרטיים ביעד ייצוג הולם לאנשים עם מוגבלות",1
"שקיפות ומידע ציבורי על מיקום מכשירי החייאה",1
"שקיפות ונגישות מידע על שביתות והשבתות לציבור",1
"שקיפות וסימון תעמולת בחירות דיגיטלית",1
"שקיפות ועיון במסמכי תאגידים עירוניים בידי חברי מועצת העיר",1
"שקיפות ופרסום פומבי של ביטול רישיונות קבלן כוח אדם",1
"שקיפות ופרסום פרוטוקולים והצבעות בוועדת שרים לענייני חקיקה",1
"שקיפות ופרסום פרוטוקולים של ועדות מייעצות",1
"שקיפות ופרסום שומות היטל השבחה",1
"שקיפות ושידור דיגיטלי של ישיבות מוסדות תכנון",1
"שקיפות ושידור דיוני מוסדות תכנון",1
"שקיפות ושידור חי של דיוני בית המשפט העליון",1
"שקיפות ושידור ישיר של ישיבות מועצת העיר",1
"שקיפות חודשית של עמלות וריביות בנקאיות",1
"שקיפות חוות דעת ממשלתיות בהליכי חקיקה פרטית",1
"שקיפות מחירי שכירות והקמת מרשם שכירויות",1
"שקיפות מידע במכרזי עבודה בשירות הציבורי",1
"שקיפות מידע בפירעון מוקדם של הלוואה",1
"שקיפות מידע על ביטוחי משכנתא בבנקים",1
"שקיפות מידע על עמלות וריביות בפירעון מוקדם של הלוואה",1
"שקיפות מידע על פוליסות ביטוח משכנתא בבנקים",1
"שקיפות מינוי פקידי רישוי כלי ירייה",1
"שקיפות מינויים בגופים פיננסיים",1
"שקיפות מסמכי תאגידים עירוניים לחברי מועצת העיר",1
"שקיפות נסיעות שרים לחוץ לארץ",1
"שקיפות עלויות תחזוקה לרכב",1
"שקיפות עמלות וריביות אצל נותני שירותים פיננסיים",1
"שקיפות עמלות וריביות לצרכני שירותים פיננסיים חוץ-בנקאיים",1
"שקיפות עמלות תיווך בביטוח ובחיסכון",1
"שקיפות פיננסית של הוצאות על אמצעים אוטומטיים",1
"שקיפות פרוטוקולים של הוועדה לפטורים ולמיזוגים",1
"שקיפות רפואית של נבחרי ציבור ביטחוניים",1
"שקיפות שאלונים לאיתור ניגוד עניינים בקרב מועמדים לשירות המדינה",1
"שקיפות שכר והעברת נטל ההוכחה בתביעות אפליה",1
"שקיפות של שאלונים לאיתור ניגוד עניינים בשירות המדינה",1
"שקיפות תנאים ולוחות זמנים במכרזי שירות המדינה",1
"שריון איסורי הפליה מחמת נטייה מינית או זהות מגדרית",1
"שריון חוק-יסוד וחסינותו מפני תקנות שעת חירום",1
"תביעות ייצוגיות נגד רשות מקרקעי ישראל",1
"תביעת נזיקין של נפגעי איבה נגד מפגעים",1
"תגמול דיפרנציאלי ליושבי ראש ועדות ברשויות מקומיות",1
"תגמול הסתגלות כלכלית לאלמנות חללי מערכה",1
"תגמול הסתגלות כלכלית לבני משפחות חטופים",1
"תגמול הסתגלות כלכלית לבני משפחת חטופים עקב פגיעה בכושר ההשתכרות",1
"תגמול הסתגלות ראשוני לאלמנות",1
"תגמול הסתגלות ראשוני לאלמנות חללים",1
"תגמול ודמי קיום למשרתי שירות לאומי-אזרחי",1
"תגמול והחזר הוצאות לחברי מועצה",1
"תגמול והחזר הוצאות לחברי מועצה ברשויות מקומיות",1
"תגמול והטבות כלכליות למשרתי מילואים",1
"תגמול חברי מועצה ברשויות מקומיות",1
"תגמול חיילים בסדיר המשרתים בשירות מוארך",1
"תגמול כלכלי לאחים שכולים בשנת האבל הראשונה",1
"תגמול כלכלי ליתומי חללים שוריהם התגרשו",1
"תגמול כלכלי לספורטאים הישגיים",1
"תגמול כספי לחקלאים בגין תרומת תוצרת חקלאית עודפת",1
"תגמול כספי לתורמי זרע",1
"תגמול למשרתי מילואים בשל היעדרות בן הזוג מעבודה",1
"תגמול למתנדבי זקא במצבי חירום",1
"תגמול לעובדת עצמאית שבן זוגה במילואים",1
"תגמול מוגדל ליושבי ראש ועדות ברשויות מקומיות",1
"תגמול מוסדות רפואיים על איכות טיפול בבריאות הנפש",1
"תגמול ממלכתי לנפגעי פגיעות שנאה",1
"תגמול מפיצים ושיווק קרנות כספיות",1
"תגמול משרתי מילואים בשעת חירום",1
"תגמול שכר חלף לחטופים ולנעדרים",1
"תגמול שכר לחיילים בשירות סדיר",1
"תגמולי מילואים בנסיבות חירום לשנת 2025",1
"תגמולים והטבות לבני משפחה של חטופים ונעדרים",1
"תגמולים והטבות להורה שאינו אלמן של חלל",1
"תגמולים והכרה בנפגעים למתנדבי משמר מקומי",1
"תגמולים וסיוע לנפגעי פשיעה חמורה",1
"תגמולים ישירים ליתומים ולאחים שכולים בבגרותם",1
"תגמולים כלכליים לגרושות חללים",1
"תגמולים לאחים שכולים בשנה הראשונה",1
"תגמולים ליתומים נפגעי פעולות איבה",1
"תגמולים לנפגעי פגיעות שנאה",1
"תגמולים לנפגעי פעימות שנאה",1
"תדירות הדיווח הכנסת על מצב חירום כליאתי",1
"תדירות שינוי מועד פירעון משכנתא",1
"תואר ראש בית הדין הדרוזי לערעורים",1
"תובענה ייצוגית בשל פגיעה בפרטיות",1
"תובענות ייצוגיות בגין אי-הצבת מכשירים אוטומטיים",1
"תוכן הצהרת אמונים של חברי הכנסת",1
"תוכן הצהרת האמונים של חברי הכנסת ותוצאות אי-הצהרה",1
"תוכן הצהרת האמונים של חברי הממשלה",1
"תוכניות חומש וייצוג הולם בגופים ציבוריים",1
"תוכניות חומש לפיתוח היישובים הדרוזים",1
"תוכניות עבודה משרדיות ופיתוח תוכנית לאומית רב-שנתית לאקלים",1
"תוכנית חובה למניעת אלימות מינית וקידום מיניות בריאה במוסדות חינוך",1
"תוכנית להשבת מים ושיקום האגן הצפוני של ים המלח",1
"תוכנית לימודים חובה בחינוך פיננסי",1
"תוכנית ממשלתית לפיתוח מטרופולין ירושלים",1
"תוספות תגמול דיפרנציאליות ללוחמים ותומכי לחימה",1
"תוספת ימי חופשה לעובדי הוראה",1
"תוספת לקצבאות סיעוד ונכות עקב עליית שכר המינימום",1
"תוספת לקצבת אזרח ותיק בעבור ותק עבודה בחוץ לארץ",1
"תוספת לקצבת הבטחת הכנסה בגין ילדים נוספים",1
"תוספת מכסות מים למשרתי מילואים חקלאים",1
"תוספת פיגור על אי-תשלום קנסות מנהליים",1
"תוספת שכר לעובדי המגזר הציבורי ביום המנוחה השבועית",1
"תוספת תגמול להורים שכולים בגיל השלישי",1
"תוספת תגמול להורים שכולים מבוגרים",1
"תוספת תגמול ליושבי ראש ועדות ברשויות מקומיות",1
"תוספת תלויים לקצבת אזרח ותיק",1
"תוקף הוראת השעה למניעת שידורי גוף זר",1
"תוקף היתר בנייה",1
"תוקף הנחיות רפואיות מקדימות של חולה נוטה למות",1
"תוקף הצעת הלוואה לדיור ואיסור הרעת תנאים",1
"תוקף ושינוי הצעות למתן הלוואה לדיור",1
"תוקף חוק מניעת פגיעת גוף שידורים זר",1
"תוקף מוגבל ובחינה מחדש של אגרות",1
"תוקף עמדת המשטרה במתן רישיון כלי ירייה",1
"תוקף צוואה לטובת מטפל",1
"תוקף ציון מגן בבחינות סטאז ברפואה",1
"תוקף רישיון מוסד חינוך",1
"תוקפם של הסכמי אוסלו וההסכמים המדיניים",1
"תזמון מבחני הסמכה בעריכת דין",1
"תחולה אקסטריטוריאלית וביטול התיישנות על עבירות טרור חמורות",1
"תחולה למפרע של קבורה והנצחה לכבאים",1
"תחולה מחייבת של כללי הלשון העברית על גופים ציבוריים ופרטיים",1
"תחולה רטרואקטיבית של הארכת תקופת התיישנות פלילית",1
"תחולה רטרואקטיבית של הטבות מס",1
"תחולה רטרואקטיבית של הטבות מס למילואים",1
"תחולה רטרואקטיבית של חובת הפיצוי על הליכי פינוי מתנהלים",1
"תחולה רטרואקטיבית של חוק פיצוי קורבנות טרור על פסקי דין חלוטים",1
"תחולה רטרואקטיבית של חוק פלילי מחמיר",1
"תחולה רטרואקטיבית של קצבאות לשאירי חיילי מילואים",1
"תחולת איסור הפליה בשירותים ציבוריים על רשתות חברתיות",1
"תחולת דיני בטיחות בעבודה באזור יהודה ושומרון",1
"תחולת הדין האישי על מזונות קטינים",1
"תחולת הדין הישראלי על עבירות חוץ והסרת תנאי הכפולה הפליליות",1
"תחולת הסכמים קיבוציים על עובדים זרים בענף החקלאות",1
"תחולת זכויות קצבה לאלמנות ושארים של חללי מילואים",1
"תחולת חובת רישיון נהיגה ואיסור שימוש בטלפון נייד על בתי ספר לנהיגה צבאיים ומשטרתיים",1
"תחולת חופש העיסוק על שאינם אזרחים או תושבים",1
"תחולת חוק זכויות נפגעי עבירה בבתי משפט צבאיים",1
"תחולת חוק יסודות התקציב על תאגידי חינוך",1
"תחולת חוק שעות עבודה ומנוחה על כבאים",1
"תחולת חסינות וזכויות חברי הכנסת בשטחי יהודה ושומרון",1
"תחזית תקציבית לקרן העושר",1
"תחילה הדרגתי והסמכת ששר לקבוע תקופת מעבר",1
"תחילה הדרגתית של קיצור שבוע העבודה",1
"תיאום בין הליכי תכנון ובנייה לבין פקודת היערות",1
"תיאום בין-משרדי בטיפול בנעדרים אזרחיים",1
"תיאום ותכנון ייצור חקלאי מחוץ לדיני התחרות",1
"תיאום ייצור חקלאי ופטור מדיני תחרות",1
"תיאום מבצעי בין ארגוני הצלה למגן דוד אדום",1
"תיאום מחירים וכמויות בין חקלאים",1
"תיאום פעילות נציגי המדינה בחוץ לארץ",1
"תיווך בביטוח כללי בידי בנקים קטנים",1
"תיעדוף טיפול במיזמי תשתית חיוניים ומועדפים",1
"תיעוד והנגשת מידע על שימוש במכת״זית בהפגנות",1
"תיעוד ורישום רוכשי כרטיסי SIM אנונימיים",1
"תיעוד חזותי של אמצעים לפיזור הפגנות ומסירתו לנפגעים",1
"תיעוד חזותי של שימוש באמצעي פיזור הפגנות וחובת מסירתו לנפגעים",1
"תיעוד חזותי של שימוש במכתזית בהפגנות",1
"תיעוד מצולם והנגשת דיוני בתי המשפט",1
"תיעוד משטרתי במצלמות גוף בהפגנות",1
"תיעוד נסועת רכב ומניעת זיוף מונה קילומטרים",1
"תיקון כשרות לרשת באמצעות תאי רבייה",1
"תכלית פיתוח ההתיישבות",1
"תכלית צה״ל ועקרונות היסוד שלו",1
"תכנון היערכות אזרחית וחובת תכניות פעולה לגופי חירום",1
"תכנון ואישור מתחמים להשכרה ממושכת",1
"תכנון משק החלב והסרת מכסות ייצור",1
"תכנון מתחמים להשכרה ממושכת",1
"תכנון מתקני ספורט אזוריים בחבל התקומה",1
"תלוש שכר אחיד בשירות המדינה",1
"תמורה מינימלית לעוסקי פלטפורמה",1
"תמיכה כלכלית וטיפולית במשפחות המלוות יתומים בגירים נפגעי איבה",1
"תמיכה כלכלית וטיפולית למשפחות המלוות יתומי איבה בגירים",1
"תמיכה כלכלית וטיפולית למשפחות המלוות יתומים בגירים נפגעי איבה",1
"תמיכה כלכלית לחקלאים באזורי גבול",1
"תמיכה ממשלתית בקבוצות ספורט חובבניות",1
"תמיכה ממשלתית ברשויות מקומיות המעדיפות אמצעים שקטים על פני זיקוקי דינור ביום העצמאות",1
"תמיכה ממשלתית ברשויות מקומיות המשתמשות בזיקוקים שקטים ביום העצמאות",1
"תמיכה תקציבית ממשלתית בארגוני נכי צה״ל ונפגעי איבה",1
"תמיכת המדינה בארגוני נכים ונפגעי פעולות איבה",1
"תמרוד מעסיקים העובדים עם חיילים משוחררים ששירתו כלוחמים",1
"תמרוץ ותמיכה בתרומות מזון מעסקים",1
"תמרוץ כלכלי להקמת מתקני מיון פסולת",1
"תמרוץ כלכלי להקמת מתקני מיון פסולת והפחתת היטל הטמנה",1
"תמרור תעשיות עתירות ידע בצפון ובדרום",1
"תמריץ כלכלי לייצוג נשים ברשימות מועמדים לכנסת",1
"תמריץ כלכלי למימון מפלגות עבור ייצוג מגדרי",1
"תמריץ כלכלי למפלגות בעבור ייצוג נשים ברשימות הכנסת",1
"תמריץ כספי לייצוג נשים ברשימות לבחירות ברשויות המקומיות",1
"תמריץ תקציבי לייצוג מגדרי ברשימות מועמדים לכנסת",1
"תמריץ תקציבי לייצוג נשים ברשימות לכנסת",1
"תמריץ תקציבי למפלגות בעבור ייצוג נשים ברשימות המועמדים לכנסת",1
"תמריץ תקציבי למפלגות המקיימות בחירות מקדימות",1
"תמריץ תקציבי למפלגות עבור ייצוג נשים",1
"תמריצי תעסוקה והקלות בקיזוז הכנסה להורה עצמאי ומקבלי קצבאות",1
"תמריצים ומענקים לחזרה לעבודה וללימודים",1
"תמריצים כלכליים ומיסויים לעידוד רכיבה על אופניים לעבודה",1
"תמריצים להשארת אקדמאים בפריפריה",1
"תמריצים למעסיקים המעסיקים חיילים משוחררים ששירותו כלוחמים",1
"תמריצים לפיזור גאוגרפי של מסתננים ברחבי הארץ",1
"תמרץ הסעות עובדים מאורגנות באמצעות הטבות מס ותחבורה",1
"תנאי אישור הפסקת היריון לפי שלבי ההיריון",1
"תנאי אשפוז וזכויות מאושפזים בבריאות הנפש",1
"תנאי אשפוז מינימליים במערכת בריאות הנפש",1
"תנאי אשפוז מינימליים לחולי נפש",1
"תנאי בדיקת תלות לגמלת סיעוד לאזרחים ותיקים",1
"תנאי גיל למשיכת סכומי צבירה מזעריים בקופות גמל בפטור ממס",1
"תנאי החזר הלוואות לשכר לימוד",1
"תנאי הטלת עונש מוות ומניעת חנינה בבתי משפט צבאיים",1
"תנאי הכרזה על בעל מונופולין",1
"תנאי הכשרה והסמכה של עוזרי רוקח",1
"תנאי הסמכה והכשרה של עוזרי רוקח",1
"תנאי העסקה וביטחון תעסוקתי לרכזי ביטחון שוטף",1
"תנאי התפלגות סיעה בכנסת",1
"תנאי התפלגות סיעות בכנסת",1
"תנאי זכאות והטבות מס לקרנות השקעה במקרקעין (ריט) בדיור להשכרה",1
"תנאי זכאות והערכת תלות לגמלת סיעוד לקשישים",1
"תנאי זכאות לגמלת סיעוד לאזרחים ותיקים",1
"תנאי זכאות לדמי לידה חלקיים",1
"תנאי זכאות להנחה ברכישת קבר זוגי",1
"תנאי זכאות למימון מפלגות",1
"תנאי זכאות לעבודה מועדפת בהיבטים סביבתיים",1
"תנאי זכאות סוהרים לקבורה בבית קברות צבאי",1
"תנאי חוסן פיננסי למינוי סגן ראש רשות בשכר",1
"תנאי חיבור מבנים לתשתיות חיוניות",1
"תנאי כליאה והגבלות על אסירים ביטחוניים",1
"תנאי כליאה והגדרת אסירים ביטחוניים",1
"תנאי כליאה והליכי מעצר למעורבים בפרעות",1
"תנאי כליאה והפרדה לאסירים ביטחוניים",1
"תנאי כליאה וזכויות יתר לאסירים ביטחוניים",1
"תנאי כליאה מופחתים לעצורים ואסורים בגין עבירות טרור ופרעות",1
"תנאי כשירות ביטחוניים לספקי שירותים ובעלי שליטה בגורמי ביטחון",1
"תנאי כשירות בשירות הציבורי",1
"תנאי כשירות והכשרה לעובדי מעונות",1
"תנאי כשירות והכשרה מקצועית לסייעות במוסדות חינוך",1
"תנאי כשירות והליכי מינוי למנהלי בתי ספר",1
"תנאי כשירות וזהות הממנים לנציב תלונות הציבור על שופטים",1
"תנאי כשירות ומנגנון מינוי לתפקיד ראש התביעה הפלילית",1
"תנאי כשירות ומניעת הפליה ברישוי להורות אומנה ומסגרות חוץ-ביתיות",1
"תנאי כשירות ומסלולי מינוי לעוזר בטיחות באתר בנייה",1
"תנאי כשירות ומשך הכהונה של התובע הכללי",1
"תנאי כשירות ומשך כהונה לתובע הכללי",1
"תנאי כשירות וקציבת כהונה לראש הרשות",1
"תנאי כשירות זוגיים לאימוץ ילדים",1
"תנאי כשירות להיבחר לכנסת למורשעים בעבירות ביטחון וטרור",1
"תנאי כשירות לכהונה בוועדת שרים לענייני ביטחון לאומי",1
"תנאי כשירות לכהונת הרבנים הראשיים וחלוקת תפקידים",1
"תנאי כשירות לכהונת מבקר המדינה",1
"תנאי כשירות לכהונת שר בממשלה",1
"תנאי כשירות למינוי קאדי מד'הב",1
"תנאי כשירות למינוי שרים בעלי אחריות ביטחונית",1
"תנאי כשירות לממלא מקום ראש הממשלה",1
"תנאי כשירות לנציגי ציבור בוועדה למינוי דיינים",1
"תנאי כשירות לנשיא בית הדין הרבני הגדול",1
"תנאי כשירות לשירות בוועדת שרים לענייני ביטחון לאומי",1
"תנאי כשירות לתפקיד רב ראשי",1
"תנאי כשירות פליליים למועמדים לנשיאות",1
"תנאי כשירות רפואית למאבטחים",1
"תנאי לימודי ליבה לתקצוב מוסדות חינוך",1
"תנאי מינוי שופטים ודיינים עמיתים במסלול פנסיה צוברת",1
"תנאי סף ומועדים להקלה בפיצול דירות ביישובים כפריים",1
"תנאי סף ותקופות מזעריות לקציבת מאסר עולם",1
"תנאי סף ותקופת צינון למתן רישיון קבלן כוח אדם",1
"תנאי סף כספי להגבלת חשבון בגין שיקים ללא כיסוי",1
"תנאי סף כספי להגבלת חשבון בנק בגין שיקים ללא כיסוי",1
"תנאי סף להוצאת אדם מביתו בניגוד לרצונו",1
"תנאי סף להקמת מפלגה",1
"תנאי סף להשתתפות מפלגה בבחירות",1
"תנאי סף לזכאות לגמלת שמירת היריון",1
"תנאי סף לזכאות למענק לימודים",1
"תנאי סף לזכויות ראשי ממשלה לשעבר",1
"תנאי סף לנתרמת בתרומת עוברים",1
"תנאי סף לקבלת סל קליטה לזכאי שבות מכוח סעיף 4א",1
"תנאי סף לקציבת מאסר עולם",1
"תנאי סף לרישום קבלנים",1
"תנאי סף לתוספת בן זוג לקצבת אזרח ותיק",1
"תנאי סף של שירות מדיני לחברי ועדת השרים לענייני ביטחון לאומי",1
"תנאי פתיחת הליך עיקול רכב",1
"תנאי קבלה למוסדות להשכלה גבוהה",1
"תנאי קבלה למוסדות להשכלה גבוהה וביטול הבחינה הפסיכומטרית",1
"תנאי קבלה למוסדות להשכלה גבוהה ודרישת הבחינה הפסיכומטרית",1
"תנאי קבלה למוסדות להשכלה גבוהה והפסיכומטרי",1
"תנאי קבלה למוסדות להשכלה גבוהה ומעמד הבחינה הפסיכומטרית",1
"תנאי רגולציה לייצוא קנאביס רפואי",1
"תנאי ריבית והחזר הלוואות לדיור",1
"תנאי רישום בעלות על רכב ואחריות עברייני תנועה",1
"תנאי שירות ודמי כלכלה למשרתי שירות אזרחי-לאומי בודדים",1
"תנאי תושבות וזכאות לגמלה לשמירת היריון",1
"תנאי תקצוב מוסדות חינוך פטורים והתנייתם בלימודי ליבה",1
"תנאי תקצוב מוסדות חינוך פטורים לפי היקף לימודי ליבה",1
"תנאים בטיחותיים לגביית אגרה בכבישי אגרה",1
"תנאים בטיחותיים לגביית אגרה בכבישים מהירים",1
"תנאים והגבלות על הליכי גבייה מנהלית",1
"תנאים טכניים להפעלת מצלמות בבתי חולים גריאטריים",1
"תנאים להגבלת חשבון שיקים ללא כיסוי",1
"תנאים להחלפת ארגון עובדים יציג ותחרות בין ארגונים",1
"תנאים להחלת מס גודש",1
"תנאים להפעלת אמצעי גבייה מנהלית",1
"תנאים להפעלת הליכי גבייה מנהלית",1
"תנאים להצגת מבצעים ומכירות מיוחדות",1
"תנאים להצגת מכירה מיוחדת ומבצעים",1
"תנאים למתן התחייבות לטיפול בצווי הגנה",1
"תנאים למתן צו הגנה בפיקוח טכנולוגי",1
"תנאים מקדמיים לשיווק קבוצת רכישה ודרישת תכנית מפורטת",1
"תנאים תשתיתיים לגביית אגרה בכבישים מהירים",1
"תניות הגבלת עיסוק בחוזי עבודה",1
"תסקיר שירות מבחן בהטלת שלצ בעבירות תעבורה",1
"תעריף אגרת פינוי באמבולנס",1
"תעריף חשמל מוזל בימי שבת למשקי בית",1
"תעריף חשמל מופחת לעולים בגיל פרישה בעלי הכנסה נמוכה",1
"תעריף מים לחקלאות גגות",1
"תעריף מינימום לשירותים נוטריוניים",1
"תעריף מקסימלי ושכבי עורך דין בהוצאה לפועל",1
"תעריף מקסימלי לשכר טרחת עורך דין בהוצאה לפועל",1
"תעריפי חניה ברשויות מקומיות",1
"תעריפי מים לחקלאות גגות",1
"תעריפי מים לתעשיית עיבוד תוצרת חקלאית",1
"תעריפי מינימום לשירותים נוטריוניים",1
"תעריפים ומימון לבתים מאזנים",1
"תפיסה וחילוט מינהליים של רכוש ארגוני פשיעה",1
"תפיסת חזקה בנכסי אונר״א",1
"תקופות אכשרה לקצבת נכות לעולים",1
"תקופות שמירה ייחודיות לסוגי מסמכים (צוואות, שטרות ומקרקעין)",1
"תקופת אי כשרות ארעית וזכויות חיילים נפגעים בשירות סדיר",1
"תקופת בסיס לחישוב מחיר ממוצע לבחינת העלאת מחירים חריגה במצב חירום",1
"תקופת הבסיס לחישוב מחיר ממוצע בחירום",1
"תקופת הגשת ערעור על החלטות קצין התגמולים",1
"תקופת הגשת ערעור על החלטת קצין התגמולים",1
"תקופת ההתיישנות להוצאת צו סילוק יד מינהלי ממקרקעי ציבור",1
"תקופת הזכאות הרטרואקטיבית לגמלאות ביטוח לאומי",1
"תקופת החזקת דירה חלופית למשפרי דיור",1
"תקופת החזקת נתוני אשראי על חייבים שסילקו חוב",1
"תקופת המאסר המרבית להמרה בעבודות שירות",1
"תקופת המתנה לקצבת נכות לעולים חדשים",1
"תקופת התיישנות בעבירות מין בקטינים",1
"תקופת התיישנות בעבירת המרדה",1
"תקופת התיישנות בתביעות בשל הפליה בעבודה",1
"תקופת התיישנות בתביעות על פגיעה מינית בקטינים בידי בני משפחה",1
"תקופת התיישנות להעמדה לדין צבאי של משוחררים בעבירות מין",1
"תקופת התיישנות לפיצויי הלנת שכר",1
"תקופת התיישנות לתביעות ביטוח חיים",1
"תקופת התיישנות לתביעת גמלאות מהביטוח הלאומי",1
"תקופת התיישנות לתביעת דמי הבראה",1
"תקופת התיישנות רטרואקטיבית לתשלום גбלאות בביטוח הלאומי",1
"תקופת ותק מינימלית לתחולת הגנות חוק עבודת נשים",1
"תקופת זכאות חלקית לדמי לידה",1
"תקופת זכאות לדמי אבטלה לצעירים",1
"תקופת זכאות למענק עבודה מועדפת בחקלאות ובבנייה",1
"תקופת זכאות עולים לדיור ציבורי",1
"תקופת חופשה ללא תשלום לעובדי גופים ציבוריים",1
"תקופת חסינות להפקדת נשק בלתי חוקי במשטרה",1
"תקופת לידה והורות ייעודית לאבות",1
"תקופת לידה והורות לאבות",1
"תקופת לידה והורות לחברי פרלמנט",1
"תקופת לידה והורות למשפחת אומנה",1
"תקופת מגורים כתנאי לזכאות לרכישת דירה בדיור הציבורי",1
"תקופת מניעת מפגש עם עורך דין לעצורים ביטחוניים",1
"תקופת מעצר מרבית ללא הגשת כתב אישום בעבירות ביטחון",1
"תקופת מעצר מרבית עד תום ההליכים",1
"תקופת ניסיון לדירקטורים חדשים",1
"תקופת פטור מתשלום ארנונה לבניין שנהרס או ניזוק",1
"תקופת צינון במעבר מהמגזר הפרטי לשירות המדינה",1
"תקופת צינון ואיסור מעבר בין גופי מודיעין למחלקת הבקרה",1
"תקופת צינון ותגמול למפקח על הבנקים",1
"תקופת צינון לבכירים ביטחוניים המצטרפים לפוליטיקה",1
"תקופת צינון לבכירים במערכת הביטחון",1
"תקופת צינון לבכירים במערכת הביטחון לכנסת ולממשלה",1
"תקופת צינון לבכירים בשירות הציבורי",1
"תקופת צינון למינוי בכירים במשרד המשפטים לבית המשפט העליון",1
"תקופת צינון למינוי בכירים בשירות הציבורי לשופטים",1
"תקופת צינון למינוי בכירים למערכת השיפוט",1
"תקופת צינון למינוי נבחרי ציבור לשופטים",1
"תקופת צינון למינוי שופטים שהיו תובעים",1
"תקופת צינון לממונה על התחרות מול חברות בעלות מונופולין",1
"תקופת צינון למפקחים ברשויות פיננסיות",1
"תקופת צינון למפקחים על גופים פיננסיים",1
"תקופת צינון לעובדי גופי מודיעין במחלקת הבקרה",1
"תקופת צינון לשר התקשורת",1
"תקופת שמירת מידע פיננסי במאגר רשות המסים",1
"תקופת שמירת נתוני אשראי במאגר",1
"תקופת שמירת צילומים במעונות יום",1
"תקופת תוקף ההוראות נגד ערוצי שידור זרים",1
"תקופת תוקפו של היתר בנייה",1
"תקופת תוקפן של הגבלות על שידורי גוף זר",1
"תקינת כוח אדם מחייבת בתחנות טיפת חלב",1
"תקפות ואיסור ביטוח רכב ישראלי בחברות ביטוח מהאזור",1
"תקצוב דיפרנציאלי של חינוך בלתי פורמאלי",1
"תקצוב והטבות מס לארגוני עזר רפואיים",1
"תקצוב ייעודי למוזיאונים להנצחת השואה",1
"תקצוב מוסדות חינוך מוכרים שאינם רשמיים",1
"תקצוב מיוחד לרשויות חינוך מרוחקות",1
"תקצוב מינימלי מחייב לתחום התרבות",1
"תקצוב ממשלתי ישיר והבטחת רציפות תפקודית למגן דוד אדום",1
"תקצוב ממשלתי ישיר והסדרת מעמד תקציבי למדא",1
"תקצוב ממשלתי למשמרים המקומיים ומשרות קבועות",1
"תקצוב עמותות הנצחה ציבוריות",1
"תקצוב רשויות מקומיות למוסדות חינוך מוכרים לא רשמיים",1
"תקצוב שכר ותקנים לרבנים ובלניות במועצות אזוריות וברשויות ללא מועצה דתית",1
"תקציב מינימום לרשות החדשנות",1
"תקרה לפיצוי פיגורים בחובות כבישי אגרה",1
"תקרה לשיעור ריבית פיגורים",1
"תקרה לשכר טרחת עורך דין בהוצאה לפועל",1
"תקרת גביית דמי חבר ודמי טיפול בארגוני עובדים",1
"תקרת דמי חבר ודמי טיפול בארגון עובדים",1
"תקרת הגירעון הממשלתי",1
"תקרת הגירעון התקציבי",1
"תקרת ההתכנסות והפחתת סעיפי תקציב במקרה של אי-ביצוע מלא של התוכנית המאזנת",1
"תקרת הפקדה בקופות גמל להשקעה",1
"תקרת השתכרות למקבלי הבטחת הכנסה בגיל מבוגר",1
"תקרת השتכרות לקצבת הבטחת הכנסה לאזרחים ותיקים",1
"תקרת זיכוי ממס בגין תרומות למוסדות ציבוריים",1
"תקרת מחזור לעוסק פטור",1
"תקרת מחזור לעוסק פטור במס ערך מוסף",1
"תקרת מחזור עסקאות לעוסק פטור חדש",1
"תקרת מענק רכישה בדיור הציבורי",1
"תקרת סך קצבאות השאירים",1
"תקרת עוסק פטור לעסקים חדשים",1
"תקרת עמלת הפצה ליועץ פנסיוני בנקאי",1
"תקרת עמלת הפצה ליועצים פנסיוניים בבנקים",1
"תקרת פיצוי וקיזוז מקורות פיצוי אחרים",1
"תקרת פיצוי ללא הוכחת נזק בגין תגובה במרשתת",1
"תקרת ריבית מקסימלית על הלוואות",1
"תקרת שווי לפטור ממס שבח במכירת דירת מגורים",1
"תקרת שווי רכב כתנאי זכאות להבטחת הכנסה",1
"תקרת שווי רכב לזכאים להבטחת הכנסה",1
"תקרת שכר טרחת כונסי נכסים",1
"תקרת שכר לנושאי משרה בחברות ציבוריות",1
"תרומת עוברים מוקפאים מטיפולי פוריות",1
"תשלום אוניברסלי בטעינת רכב חשמלי",1
"תשלום אחוד בטעינת רכב חשמלי",1
"תשלום ארנונה על נכסי ממשלה באזור יהודה והשומרון",1
"תשלום בעד היעדרות עובד ביום אזכרה פרטית של קרוב משפחה חלל או נפגע איבה",1
"תשלום גמול ושכר טרחה בגין פנייה מוקדמת שהתקבלה",1
"תשלום גמלאות לנפגעי פעולות איבה באיחור",1
"תשלום גמלת ילד נכה למשפחת אומנה",1
"תשלום גמלת סיעוד שלא נגבתה למי שסיפק מצרכים חיוניים למנוח",1
"תשלום דמי חניה לפי דקות",1
"תשלום דמי חניה לפי דקות בפועל",1
"תשלום דמי חניה לפי זמן חניה בפועל",1
"תשלום דמי טיפול ארגוני-מקצועי לארגון עובדים",1
"תשלום דמי טיפול ארגוני-מקצועי על ידי מעסיקים",1
"תשלום דמי מחלה מהיום הראשון",1
"תשלום חודשי חלף שעות סיעוד לזכאים",1
"תשלום ישיר לגוף המסיע בידי קופת החולים",1
"תשלום ישיר לגוף המסיע על ידי קופת החולים",1
"תשלום מיוחד והגנה על זכויות מועמדים שיצאו לחל״ת עקב דחיית הבחירות",1
"תשלום קצבת ילדים באומנה במקרה של היעדר קשר עם ההורים",1
"תשלום ריבית על יתרת זכות בחשבון עובר ושב",1
"תשלום שכר ופיצוי מעסיקים בע단 מצב מיוחד בעורף",1
"תשלום שכר למועמדים בהליכי מיון והשמה",1
"תשלום שכר למועמדים לעבודה בהליכי מיון והשמה",1
"תשלום תגמולים לנפגעי פעולות איבה בהגשת תביעה באיחור",1
"תשתיות טעינה לרכב חשמלי בבניינים משותפים",1
